####
#
# OBJ File Generated by Meshlab
#
####
# Object left_finger.obj
#
# Vertices: 1366
# Faces: 1344
#
####

vn -0.0209578 0.1087389 -0.9938494
v -0.0097617 -0.0002734 0.0150426 0.972549 0.529412 0.003922
vn -0.0203530 0.0006260 -0.9997927
v -0.0097627 -0.0000896 0.0150527 0.972549 0.529412 0.003922
vn -0.0203530 0.0006260 -0.9997927
v -0.0009647 -0.0000305 0.0148737 0.972549 0.529412 0.003922
vn -0.0213168 0.2155769 -0.9762542
v -0.0097610 -0.0004550 0.0150127 0.972549 0.529412 0.003922
vn -0.0209578 0.1087389 -0.9938494
v -0.0009637 -0.0002143 0.0148636 0.972549 0.529412 0.003922
vn -0.0214259 0.3198875 -0.9472133
v -0.0097609 -0.0006323 0.0149634 0.972549 0.529412 0.003922
vn -0.0213168 0.2155769 -0.9762542
v -0.0009631 -0.0003960 0.0148337 0.972549 0.529412 0.003922
vn -0.0212838 0.4204476 -0.9070671
v -0.0097611 -0.0008033 0.0148951 0.972549 0.529412 0.003922
vn -0.0214259 0.3198875 -0.9472133
v -0.0009629 -0.0005733 0.0147843 0.972549 0.529412 0.003922
vn -0.0208922 0.5160785 -0.8562865
v -0.0097618 -0.0009659 0.0148088 0.972549 0.529412 0.003922
vn -0.0212838 0.4204476 -0.9070671
v -0.0009631 -0.0007442 0.0147160 0.972549 0.529412 0.003922
vn -0.0202557 0.6056588 -0.7954666
v -0.0097628 -0.0011182 0.0147054 0.972549 0.529412 0.003922
vn -0.0208922 0.5160785 -0.8562865
v -0.0009638 -0.0009068 0.0146297 0.972549 0.529412 0.003922
vn -0.0193816 0.6881383 -0.7253206
v -0.0097643 -0.0012584 0.0145861 0.972549 0.529412 0.003922
vn -0.0202557 0.6056588 -0.7954666
v -0.0009649 -0.0010591 0.0145263 0.972549 0.529412 0.003922
vn -0.0182804 0.7625500 -0.6466710
v -0.0097662 -0.0013849 0.0144524 0.972549 0.529412 0.003922
vn -0.0193816 0.6881383 -0.7253206
v -0.0009664 -0.0011993 0.0144071 0.972549 0.529412 0.003922
vn -0.0169648 0.8280215 -0.5604397
v -0.0097684 -0.0014962 0.0143058 0.972549 0.529412 0.003922
vn -0.0182804 0.7625500 -0.6466710
v -0.0009682 -0.0013258 0.0142734 0.972549 0.529412 0.003922
vn -0.0154503 0.8837852 -0.4676377
v -0.0097710 -0.0015910 0.0141481 0.972549 0.529412 0.003922
vn -0.0169648 0.8280215 -0.5604397
v -0.0009705 -0.0014371 0.0141268 0.972549 0.529412 0.003922
vn -0.0137547 0.9291874 -0.3693532
v -0.0097739 -0.0016682 0.0139810 0.972549 0.529412 0.003922
vn -0.0154503 0.8837852 -0.4676377
v -0.0009730 -0.0015319 0.0139690 0.972549 0.529412 0.003922
vn -0.0118978 0.9636956 -0.2667383
v -0.0097771 -0.0017268 0.0138066 0.972549 0.529412 0.003922
vn -0.0137547 0.9291874 -0.3693532
v -0.0009759 -0.0016091 0.0138019 0.972549 0.529412 0.003922
vn -0.0099014 0.9869054 -0.1609961
v -0.0097804 -0.0017663 0.0136268 0.972549 0.529412 0.003922
vn -0.0118978 0.9636956 -0.2667383
v -0.0009791 -0.0016678 0.0136275 0.972549 0.529412 0.003922
vn -0.0077889 0.9985446 -0.0533664
v -0.0097840 -0.0017861 0.0134438 0.972549 0.529412 0.003922
vn -0.0099014 0.9869054 -0.1609961
v -0.0009825 -0.0017072 0.0134477 0.972549 0.529412 0.003922
vn -0.0055852 0.9984769 0.0548890
v -0.0097878 -0.0017859 0.0132598 0.972549 0.529412 0.003922
vn -0.0077889 0.9985446 -0.0533664
v -0.0009861 -0.0017270 0.0132648 0.972549 0.529412 0.003922
vn -0.0033159 0.9867029 0.1625008
v -0.0097916 -0.0017659 0.0130768 0.972549 0.529412 0.003922
vn -0.0055852 0.9984769 0.0548890
v -0.0009898 -0.0017269 0.0130807 0.972549 0.529412 0.003922
vn -0.0010078 0.9633607 0.2682075
v -0.0097956 -0.0017262 0.0128971 0.972549 0.529412 0.003922
vn -0.0033159 0.9867029 0.1625008
v -0.0009937 -0.0017069 0.0128978 0.972549 0.529412 0.003922
vn 0.0013122 0.9287239 0.3707697
v -0.0097995 -0.0016674 0.0127228 0.972549 0.529412 0.003922
vn -0.0010078 0.9633607 0.2682075
v -0.0009976 -0.0016672 0.0127181 0.972549 0.529412 0.003922
vn 0.0036168 0.8831988 0.4689850
v -0.0098034 -0.0015900 0.0125558 0.972549 0.529412 0.003922
vn 0.0013122 0.9287239 0.3707697
v -0.0010015 -0.0016083 0.0125437 0.972549 0.529412 0.003922
vn 0.0058789 0.8273189 0.5617018
v -0.0098073 -0.0014950 0.0123982 0.972549 0.529412 0.003922
vn 0.0036168 0.8831988 0.4689850
v -0.0010054 -0.0015309 0.0123768 0.972549 0.529412 0.003922
vn 0.0080722 0.7617395 0.6478332
v -0.0098110 -0.0013835 0.0122518 0.972549 0.529412 0.003922
vn 0.0058789 0.8273189 0.5617018
v -0.0010093 -0.0014359 0.0122191 0.972549 0.529412 0.003922
vn 0.0101708 0.6872293 0.7263693
v -0.0098146 -0.0012568 0.0121183 0.972549 0.529412 0.003922
vn 0.0080722 0.7617395 0.6478332
v -0.0010130 -0.0013244 0.0120727 0.972549 0.529412 0.003922
vn 0.0121501 0.6046621 0.7963895
v -0.0098179 -0.0011165 0.0119992 0.972549 0.529412 0.003922
vn 0.0101708 0.6872293 0.7263693
v -0.0010166 -0.0011978 0.0119392 0.972549 0.529412 0.003922
vn 0.0139870 0.5150058 0.8570727
v -0.0098211 -0.0009640 0.0118961 0.972549 0.529412 0.003922
vn 0.0121501 0.6046621 0.7963895
v -0.0010200 -0.0010574 0.0118202 0.972549 0.529412 0.003922
vn 0.0156600 0.4193114 0.9077074
v -0.0098239 -0.0008014 0.0118100 0.972549 0.529412 0.003922
vn 0.0139870 0.5150058 0.8570727
v -0.0010231 -0.0009050 0.0117170 0.972549 0.529412 0.003922
vn 0.0171493 0.3187010 0.9477001
v -0.0098264 -0.0006303 0.0117420 0.972549 0.529412 0.003922
vn 0.0156600 0.4193114 0.9077074
v -0.0010259 -0.0007423 0.0116309 0.972549 0.529412 0.003922
vn 0.0184375 0.2143542 0.9765820
v -0.0098286 -0.0004529 0.0116929 0.972549 0.529412 0.003922
vn 0.0171493 0.3187010 0.9477001
v -0.0010284 -0.0005713 0.0115629 0.972549 0.529412 0.003922
vn 0.0195096 0.1074943 0.9940143
v -0.0098304 -0.0002713 0.0116633 0.972549 0.529412 0.003922
vn 0.0184375 0.2143542 0.9765820
v -0.0010306 -0.0003939 0.0115138 0.972549 0.529412 0.003922
vn 0.0203530 -0.0006260 0.9997927
v -0.0098319 -0.0000875 0.0116535 0.972549 0.529412 0.003922
vn 0.0195096 0.1074943 0.9940143
v -0.0010325 -0.0002122 0.0114842 0.972549 0.529412 0.003922
vn 0.0203530 -0.0006260 0.9997927
v -0.0010339 -0.0000284 0.0114744 0.972549 0.529412 0.003922
vn 0.0209578 -0.1087389 0.9938494
v -0.0098329 0.0000963 0.0116636 0.972549 0.529412 0.003922
vn 0.0203530 -0.0006260 0.9997927
v -0.0098319 -0.0000875 0.0116535 0.972549 0.529412 0.003922
vn 0.0203530 -0.0006260 0.9997927
v -0.0010339 -0.0000284 0.0114744 0.972549 0.529412 0.003922
vn 0.0213168 -0.2155769 0.9762542
v -0.0098335 0.0002779 0.0116935 0.972549 0.529412 0.003922
vn 0.0209578 -0.1087389 0.9938494
v -0.0010349 0.0001554 0.0114845 0.972549 0.529412 0.003922
vn 0.0214259 -0.3198875 0.9472133
v -0.0098337 0.0004553 0.0117428 0.972549 0.529412 0.003922
vn 0.0213168 -0.2155769 0.9762542
v -0.0010355 0.0003370 0.0115144 0.972549 0.529412 0.003922
vn 0.0212838 -0.4204476 0.9070671
v -0.0098335 0.0006262 0.0118111 0.972549 0.529412 0.003922
vn 0.0214259 -0.3198875 0.9472133
v -0.0010357 0.0005143 0.0115638 0.972549 0.529412 0.003922
vn 0.0208922 -0.5160785 0.8562865
v -0.0098328 0.0007888 0.0118974 0.972549 0.529412 0.003922
vn 0.0212838 -0.4204476 0.9070671
v -0.0010355 0.0006853 0.0116320 0.972549 0.529412 0.003922
vn 0.0202557 -0.6056588 0.7954666
v -0.0098317 0.0009411 0.0120008 0.972549 0.529412 0.003922
vn 0.0208922 -0.5160785 0.8562865
v -0.0010348 0.0008478 0.0117183 0.972549 0.529412 0.003922
vn 0.0193816 -0.6881383 0.7253206
v -0.0098302 0.0010813 0.0121201 0.972549 0.529412 0.003922
vn 0.0202557 -0.6056588 0.7954666
v -0.0010337 0.0010001 0.0118217 0.972549 0.529412 0.003922
vn 0.0182804 -0.7625500 0.6466710
v -0.0098284 0.0012078 0.0122538 0.972549 0.529412 0.003922
vn 0.0193816 -0.6881383 0.7253206
v -0.0010322 0.0011403 0.0119410 0.972549 0.529412 0.003922
vn 0.0169648 -0.8280215 0.5604397
v -0.0098261 0.0013191 0.0124004 0.972549 0.529412 0.003922
vn 0.0182804 -0.7625500 0.6466710
v -0.0010304 0.0012669 0.0120747 0.972549 0.529412 0.003922
vn 0.0154503 -0.8837852 0.4676377
v -0.0098235 0.0014139 0.0125581 0.972549 0.529412 0.003922
vn 0.0169648 -0.8280215 0.5604397
v -0.0010281 0.0013782 0.0122213 0.972549 0.529412 0.003922
vn 0.0137547 -0.9291874 0.3693532
v -0.0098207 0.0014911 0.0127252 0.972549 0.529412 0.003922
vn 0.0154503 -0.8837852 0.4676377
v -0.0010256 0.0014730 0.0123791 0.972549 0.529412 0.003922
vn 0.0118978 -0.9636956 0.2667383
v -0.0098175 0.0015497 0.0128996 0.972549 0.529412 0.003922
vn 0.0137547 -0.9291874 0.3693532
v -0.0010227 0.0015501 0.0125461 0.972549 0.529412 0.003922
vn 0.0099014 -0.9869054 0.1609961
v -0.0098141 0.0015892 0.0130794 0.972549 0.529412 0.003922
vn 0.0118978 -0.9636956 0.2667383
v -0.0010195 0.0016088 0.0127206 0.972549 0.529412 0.003922
vn 0.0077889 -0.9985446 0.0533664
v -0.0098105 0.0016090 0.0132624 0.972549 0.529412 0.003922
vn 0.0099014 -0.9869054 0.1609961
v -0.0010161 0.0016483 0.0129003 0.972549 0.529412 0.003922
vn 0.0055852 -0.9984769 -0.0548890
v -0.0098068 0.0016089 0.0134464 0.972549 0.529412 0.003922
vn 0.0077889 -0.9985446 0.0533664
v -0.0010125 0.0016680 0.0130833 0.972549 0.529412 0.003922
vn 0.0033159 -0.9867029 -0.1625008
v -0.0098029 0.0015889 0.0136294 0.972549 0.529412 0.003922
vn 0.0055852 -0.9984769 -0.0548890
v -0.0010088 0.0016679 0.0132673 0.972549 0.529412 0.003922
vn 0.0010078 -0.9633607 -0.2682075
v -0.0097990 0.0015492 0.0138091 0.972549 0.529412 0.003922
vn 0.0033159 -0.9867029 -0.1625008
v -0.0010049 0.0016479 0.0134503 0.972549 0.529412 0.003922
vn -0.0013122 -0.9287239 -0.3707697
v -0.0097950 0.0014903 0.0139834 0.972549 0.529412 0.003922
vn 0.0010078 -0.9633607 -0.2682075
v -0.0010010 0.0016082 0.0136300 0.972549 0.529412 0.003922
vn -0.0036168 -0.8831988 -0.4689850
v -0.0097911 0.0014129 0.0141504 0.972549 0.529412 0.003922
vn -0.0013122 -0.9287239 -0.3707697
v -0.0009971 0.0015493 0.0138043 0.972549 0.529412 0.003922
vn -0.0058789 -0.8273189 -0.5617018
v -0.0097873 0.0013179 0.0143080 0.972549 0.529412 0.003922
vn -0.0036168 -0.8831988 -0.4689850
v -0.0009931 0.0014720 0.0139713 0.972549 0.529412 0.003922
vn -0.0080722 -0.7617395 -0.6478332
v -0.0097836 0.0012064 0.0144544 0.972549 0.529412 0.003922
vn -0.0058789 -0.8273189 -0.5617018
v -0.0009893 0.0013770 0.0141289 0.972549 0.529412 0.003922
vn -0.0101708 -0.6872293 -0.7263693
v -0.0097800 0.0010797 0.0145879 0.972549 0.529412 0.003922
vn -0.0080722 -0.7617395 -0.6478332
v -0.0009856 0.0012655 0.0142753 0.972549 0.529412 0.003922
vn -0.0121501 -0.6046621 -0.7963895
v -0.0097766 0.0009394 0.0147070 0.972549 0.529412 0.003922
vn -0.0101708 -0.6872293 -0.7263693
v -0.0009820 0.0011388 0.0144089 0.972549 0.529412 0.003922
vn -0.0139870 -0.5150058 -0.8570727
v -0.0097735 0.0007870 0.0148101 0.972549 0.529412 0.003922
vn -0.0121501 -0.6046621 -0.7963895
v -0.0009786 0.0009984 0.0145279 0.972549 0.529412 0.003922
vn -0.0156600 -0.4193114 -0.9077074
v -0.0097707 0.0006243 0.0148962 0.972549 0.529412 0.003922
vn -0.0139870 -0.5150058 -0.8570727
v -0.0009755 0.0008460 0.0146311 0.972549 0.529412 0.003922
vn -0.0171493 -0.3187010 -0.9477001
v -0.0097681 0.0004533 0.0149642 0.972549 0.529412 0.003922
vn -0.0156600 -0.4193114 -0.9077074
v -0.0009727 0.0006833 0.0147171 0.972549 0.529412 0.003922
vn -0.0184375 -0.2143542 -0.9765820
v -0.0097659 0.0002759 0.0150133 0.972549 0.529412 0.003922
vn -0.0171493 -0.3187010 -0.9477001
v -0.0009701 0.0005123 0.0147851 0.972549 0.529412 0.003922
vn -0.0195096 -0.1074943 -0.9940143
v -0.0097641 0.0000942 0.0150429 0.972549 0.529412 0.003922
vn -0.0184375 -0.2143542 -0.9765820
v -0.0009680 0.0003349 0.0148342 0.972549 0.529412 0.003922
vn -0.0203530 0.0006260 -0.9997927
v -0.0097627 -0.0000896 0.0150527 0.972549 0.529412 0.003922
vn -0.0195096 -0.1074943 -0.9940143
v -0.0009661 0.0001533 0.0148639 0.972549 0.529412 0.003922
vn -0.0203530 0.0006260 -0.9997927
v -0.0009647 -0.0000305 0.0148737 0.972549 0.529412 0.003922
vn 0.9997704 0.0067110 -0.0203484
v -0.0009661 0.0001533 0.0148639 0.972549 0.529412 0.003922
vn 0.9997704 0.0067110 -0.0203484
v -0.0007092 0.0008378 0.0277150 0.972549 0.529412 0.003922
vn 0.9997704 0.0067110 -0.0203484
v -0.0007098 0.0006753 0.0276287 0.972549 0.529412 0.003922
vn 0.9997704 0.0067110 -0.0203484
v -0.0007101 0.0005043 0.0275605 0.972549 0.529412 0.003922
vn 0.9997704 0.0067110 -0.0203484
v -0.0007093 0.0001454 0.0274812 0.972549 0.529412 0.003922
vn 0.9997704 0.0067110 -0.0203484
v -0.0007082 -0.0000384 0.0274711 0.972549 0.529412 0.003922
vn 0.9997704 0.0067110 -0.0203484
v -0.0007099 0.0003270 0.0275111 0.972549 0.529412 0.003922
vn 0.9997704 0.0067110 -0.0203484
v -0.0009649 -0.0010591 0.0145263 0.972549 0.529412 0.003922
vn 0.9997704 0.0067110 -0.0203484
v -0.0009638 -0.0009068 0.0146297 0.972549 0.529412 0.003922
vn 0.9997704 0.0067110 -0.0203484
v -0.0009755 0.0008460 0.0146311 0.972549 0.529412 0.003922
vn 0.9997704 0.0067110 -0.0203484
v -0.0009786 0.0009984 0.0145279 0.972549 0.529412 0.003922
vn 0.9997704 0.0067110 -0.0203484
v -0.0009680 0.0003349 0.0148342 0.972549 0.529412 0.003922
vn 0.9997704 0.0067110 -0.0203484
v -0.0009629 -0.0005733 0.0147843 0.972549 0.529412 0.003922
vn 0.9997704 0.0067110 -0.0203484
v -0.0009631 -0.0003960 0.0148337 0.972549 0.529412 0.003922
vn 0.9997704 0.0067110 -0.0203484
v -0.0009664 -0.0011993 0.0144071 0.972549 0.529412 0.003922
vn 0.9997704 0.0067110 -0.0203484
v -0.0009791 -0.0016678 0.0136275 0.972549 0.529412 0.003922
vn 0.9997704 0.0067110 -0.0203484
v -0.0009759 -0.0016091 0.0138019 0.972549 0.529412 0.003922
vn 0.9997704 0.0067110 -0.0203484
v -0.0005390 0.0072047 0.0381744 0.972549 0.529412 0.003922
vn 0.9997704 0.0067110 -0.0203484
v -0.0006445 0.0005023 0.0307818 0.972549 0.529412 0.003922
vn 0.9997704 0.0067110 -0.0203484
v -0.0006470 0.0006733 0.0307138 0.972549 0.529412 0.003922
vn 0.9997704 0.0067110 -0.0203484
v -0.0004419 -0.0072950 0.0381633 0.972549 0.529412 0.003922
vn 0.9997704 0.0067110 -0.0203484
v -0.0006381 -0.0009168 0.0306264 0.972549 0.529412 0.003922
vn 0.9997704 0.0067110 -0.0203484
v -0.0006375 -0.0007543 0.0307127 0.972549 0.529412 0.003922
vn 0.9997704 0.0067110 -0.0203484
v -0.0009727 0.0006833 0.0147171 0.972549 0.529412 0.003922
vn 0.9997704 0.0067110 -0.0203484
v -0.0009647 -0.0000305 0.0148737 0.972549 0.529412 0.003922
vn 0.9997704 0.0067110 -0.0203484
v -0.0009637 -0.0002143 0.0148636 0.972549 0.529412 0.003922
vn 0.9997704 0.0067110 -0.0203484
v -0.0009631 -0.0007442 0.0147160 0.972549 0.529412 0.003922
vn 0.9997704 0.0067110 -0.0203484
v -0.0009705 -0.0014371 0.0141268 0.972549 0.529412 0.003922
vn 0.9997704 0.0067110 -0.0203484
v -0.0009682 -0.0013258 0.0142734 0.972549 0.529412 0.003922
vn 0.9997704 0.0067110 -0.0203484
v -0.0009825 -0.0017072 0.0134477 0.972549 0.529412 0.003922
vn 0.9997704 0.0067110 -0.0203484
v -0.0006423 0.0003249 0.0308309 0.972549 0.529412 0.003922
vn 0.9997704 0.0067110 -0.0203484
v -0.0006372 -0.0005833 0.0307810 0.972549 0.529412 0.003922
vn 0.9997704 0.0067110 -0.0203484
v -0.0007050 -0.0004039 0.0275105 0.972549 0.529412 0.003922
vn 0.9997704 0.0067110 -0.0203484
v -0.0010830 -0.0072752 0.0066699 0.972549 0.529412 0.003922
vn 0.9997704 0.0067110 -0.0203484
v -0.0009701 0.0005123 0.0147851 0.972549 0.529412 0.003922
vn 0.9997704 0.0067110 -0.0203484
v -0.0009730 -0.0015319 0.0139690 0.972549 0.529412 0.003922
vn 0.9997704 0.0067110 -0.0203484
v -0.0009820 0.0011388 0.0144089 0.972549 0.529412 0.003922
vn 0.9997704 0.0067110 -0.0203484
v -0.0007047 0.0012568 0.0280714 0.972549 0.529412 0.003922
vn 0.9997704 0.0067110 -0.0203484
v -0.0007066 0.0011303 0.0279377 0.972549 0.529412 0.003922
vn 0.9997704 0.0067110 -0.0203484
v -0.0006905 0.0016382 0.0288970 0.972549 0.529412 0.003922
vn 0.9997704 0.0067110 -0.0203484
v -0.0006939 0.0015988 0.0287173 0.972549 0.529412 0.003922
vn 0.9997704 0.0067110 -0.0203484
v -0.0006405 0.0001432 0.0308605 0.972549 0.529412 0.003922
vn 0.9997704 0.0067110 -0.0203484
v -0.0006380 -0.0002244 0.0308603 0.972549 0.529412 0.003922
vn 0.9997704 0.0067110 -0.0203484
v -0.0006390 -0.0000406 0.0308704 0.972549 0.529412 0.003922
vn 0.9997704 0.0067110 -0.0203484
v -0.0006374 -0.0004060 0.0308303 0.972549 0.529412 0.003922
vn 0.9997704 0.0067110 -0.0203484
v -0.0006474 -0.0015419 0.0299657 0.972549 0.529412 0.003922
vn 0.9997704 0.0067110 -0.0203484
v -0.0006448 -0.0014471 0.0301235 0.972549 0.529412 0.003922
vn 0.9997704 0.0067110 -0.0203484
v -0.0006604 -0.0017370 0.0292614 0.972549 0.529412 0.003922
vn 0.9997704 0.0067110 -0.0203484
v -0.0006568 -0.0017172 0.0294444 0.972549 0.529412 0.003922
vn 0.9997704 0.0067110 -0.0203484
v -0.0006719 -0.0016772 0.0287148 0.972549 0.529412 0.003922
vn 0.9997704 0.0067110 -0.0203484
v -0.0006680 -0.0017169 0.0288945 0.972549 0.529412 0.003922
vn 0.9997704 0.0067110 -0.0203484
v -0.0007028 -0.0005813 0.0275596 0.972549 0.529412 0.003922
vn 0.9997704 0.0067110 -0.0203484
v -0.0007003 -0.0007523 0.0276276 0.972549 0.529412 0.003922
vn 0.9997704 0.0067110 -0.0203484
v -0.0009861 -0.0017270 0.0132648 0.972549 0.529412 0.003922
vn 0.9997704 0.0067110 -0.0203484
v -0.0007081 0.0009901 0.0278184 0.972549 0.529412 0.003922
vn 0.9997704 0.0067110 -0.0203484
v -0.0009971 0.0015493 0.0138043 0.972549 0.529412 0.003922
vn 0.9997704 0.0067110 -0.0203484
v -0.0006970 0.0015401 0.0285428 0.972549 0.529412 0.003922
vn 0.9997704 0.0067110 -0.0203484
v -0.0006999 0.0014629 0.0283757 0.972549 0.529412 0.003922
vn 0.9997704 0.0067110 -0.0203484
v -0.0006503 -0.0016191 0.0297986 0.972549 0.529412 0.003922
vn 0.9997704 0.0067110 -0.0203484
v -0.0006642 -0.0017369 0.0290774 0.972549 0.529412 0.003922
vn 0.9997704 0.0067110 -0.0203484
v -0.0009898 -0.0017269 0.0130807 0.972549 0.529412 0.003922
vn 0.9997704 0.0067110 -0.0203484
v -0.0010259 -0.0007423 0.0116309 0.972549 0.529412 0.003922
vn 0.9997704 0.0067110 -0.0203484
v -0.0010231 -0.0009050 0.0117170 0.972549 0.529412 0.003922
vn 0.9997704 0.0067110 -0.0203484
v -0.0011801 0.0072244 0.0066809 0.972549 0.529412 0.003922
vn 0.9997704 0.0067110 -0.0203484
v -0.0010322 0.0011403 0.0119410 0.972549 0.529412 0.003922
vn 0.9997704 0.0067110 -0.0203484
v -0.0010337 0.0010001 0.0118217 0.972549 0.529412 0.003922
vn 0.9997704 0.0067110 -0.0203484
v -0.0007025 0.0013681 0.0282180 0.972549 0.529412 0.003922
vn 0.9997704 0.0067110 -0.0203484
v -0.0006714 0.0015393 0.0298010 0.972549 0.529412 0.003922
vn 0.9997704 0.0067110 -0.0203484
v -0.0006754 0.0015982 0.0296267 0.972549 0.529412 0.003922
vn 0.9997704 0.0067110 -0.0203484
v -0.0006637 0.0013669 0.0301256 0.972549 0.529412 0.003922
vn 0.9997704 0.0067110 -0.0203484
v -0.0006675 0.0014619 0.0299680 0.972549 0.529412 0.003922
vn 0.9997704 0.0067110 -0.0203484
v -0.0006534 -0.0016778 0.0296242 0.972549 0.529412 0.003922
vn 0.9997704 0.0067110 -0.0203484
v -0.0006836 -0.0014459 0.0282158 0.972549 0.529412 0.003922
vn 0.9997704 0.0067110 -0.0203484
v -0.0006798 -0.0015409 0.0283734 0.972549 0.529412 0.003922
vn 0.9997704 0.0067110 -0.0203484
v -0.0007068 -0.0002222 0.0274809 0.972549 0.529412 0.003922
vn 0.9997704 0.0067110 -0.0203484
v -0.0010200 -0.0010574 0.0118202 0.972549 0.529412 0.003922
vn 0.9997704 0.0067110 -0.0203484
v -0.0010357 0.0005143 0.0115638 0.972549 0.529412 0.003922
vn 0.9997704 0.0067110 -0.0203484
v -0.0010355 0.0003370 0.0115144 0.972549 0.529412 0.003922
vn 0.9997704 0.0067110 -0.0203484
v -0.0010348 0.0008478 0.0117183 0.972549 0.529412 0.003922
vn 0.9997704 0.0067110 -0.0203484
v -0.0009856 0.0012655 0.0142753 0.972549 0.529412 0.003922
vn 0.9997704 0.0067110 -0.0203484
v -0.0006869 0.0016580 0.0290800 0.972549 0.529412 0.003922
vn 0.9997704 0.0067110 -0.0203484
v -0.0006530 0.0009884 0.0305246 0.972549 0.529412 0.003922
vn 0.9997704 0.0067110 -0.0203484
v -0.0006564 0.0011288 0.0304055 0.972549 0.529412 0.003922
vn 0.9997704 0.0067110 -0.0203484
v -0.0006392 -0.0010691 0.0305230 0.972549 0.529412 0.003922
vn 0.9997704 0.0067110 -0.0203484
v -0.0006426 -0.0013358 0.0302701 0.972549 0.529412 0.003922
vn 0.9997704 0.0067110 -0.0203484
v -0.0006407 -0.0012093 0.0304038 0.972549 0.529412 0.003922
vn 0.9997704 0.0067110 -0.0203484
v -0.0006759 -0.0016183 0.0285404 0.972549 0.529412 0.003922
vn 0.9997704 0.0067110 -0.0203484
v -0.0010166 -0.0011978 0.0119392 0.972549 0.529412 0.003922
vn 0.9997704 0.0067110 -0.0203484
v -0.0010130 -0.0013244 0.0120727 0.972549 0.529412 0.003922
vn 0.9997704 0.0067110 -0.0203484
v -0.0010284 -0.0005713 0.0115629 0.972549 0.529412 0.003922
vn 0.9997704 0.0067110 -0.0203484
v -0.0010325 -0.0002122 0.0114842 0.972549 0.529412 0.003922
vn 0.9997704 0.0067110 -0.0203484
v -0.0010306 -0.0003939 0.0115138 0.972549 0.529412 0.003922
vn 0.9997704 0.0067110 -0.0203484
v -0.0010339 -0.0000284 0.0114744 0.972549 0.529412 0.003922
vn 0.9997704 0.0067110 -0.0203484
v -0.0010349 0.0001554 0.0114845 0.972549 0.529412 0.003922
vn 0.9997704 0.0067110 -0.0203484
v -0.0010355 0.0006853 0.0116320 0.972549 0.529412 0.003922
vn 0.9997704 0.0067110 -0.0203484
v -0.0010161 0.0016483 0.0129003 0.972549 0.529412 0.003922
vn 0.9997704 0.0067110 -0.0203484
v -0.0010195 0.0016088 0.0127206 0.972549 0.529412 0.003922
vn 0.9997704 0.0067110 -0.0203484
v -0.0010010 0.0016082 0.0136300 0.972549 0.529412 0.003922
vn 0.9997704 0.0067110 -0.0203484
v -0.0009893 0.0013770 0.0141289 0.972549 0.529412 0.003922
vn 0.9997704 0.0067110 -0.0203484
v -0.0009931 0.0014720 0.0139713 0.972549 0.529412 0.003922
vn 0.9997704 0.0067110 -0.0203484
v -0.0006831 0.0016579 0.0292640 0.972549 0.529412 0.003922
vn 0.9997704 0.0067110 -0.0203484
v -0.0006793 0.0016379 0.0294470 0.972549 0.529412 0.003922
vn 0.9997704 0.0067110 -0.0203484
v -0.0006499 0.0008360 0.0306277 0.972549 0.529412 0.003922
vn 0.9997704 0.0067110 -0.0203484
v -0.0006943 -0.0010674 0.0278169 0.972549 0.529412 0.003922
vn 0.9997704 0.0067110 -0.0203484
v -0.0006909 -0.0012078 0.0279359 0.972549 0.529412 0.003922
vn 0.9997704 0.0067110 -0.0203484
v -0.0006974 -0.0009150 0.0277137 0.972549 0.529412 0.003922
vn 0.9997704 0.0067110 -0.0203484
v -0.0009976 -0.0016672 0.0127181 0.972549 0.529412 0.003922
vn 0.9997704 0.0067110 -0.0203484
v -0.0009937 -0.0017069 0.0128978 0.972549 0.529412 0.003922
vn 0.9997704 0.0067110 -0.0203484
v -0.0010093 -0.0014359 0.0122191 0.972549 0.529412 0.003922
vn 0.9997704 0.0067110 -0.0203484
v -0.0010054 -0.0015309 0.0123768 0.972549 0.529412 0.003922
vn 0.9997704 0.0067110 -0.0203484
v -0.0010281 0.0013782 0.0122213 0.972549 0.529412 0.003922
vn 0.9997704 0.0067110 -0.0203484
v -0.0010304 0.0012669 0.0120747 0.972549 0.529412 0.003922
vn 0.9997704 0.0067110 -0.0203484
v -0.0010125 0.0016680 0.0130833 0.972549 0.529412 0.003922
vn 0.9997704 0.0067110 -0.0203484
v -0.0006599 0.0012555 0.0302720 0.972549 0.529412 0.003922
vn 0.9997704 0.0067110 -0.0203484
v -0.0006874 -0.0013345 0.0280694 0.972549 0.529412 0.003922
vn 0.9997704 0.0067110 -0.0203484
v -0.0010015 -0.0016083 0.0125437 0.972549 0.529412 0.003922
vn 0.9997704 0.0067110 -0.0203484
v -0.0010227 0.0015501 0.0125461 0.972549 0.529412 0.003922
vn 0.9997704 0.0067110 -0.0203484
v -0.0010256 0.0014730 0.0123791 0.972549 0.529412 0.003922
vn 0.9997704 0.0067110 -0.0203484
v -0.0010088 0.0016679 0.0132673 0.972549 0.529412 0.003922
vn 0.9997704 0.0067110 -0.0203484
v -0.0010049 0.0016479 0.0134503 0.972549 0.529412 0.003922
vn -0.0203530 0.0006260 -0.9997927
v -0.0004419 -0.0072950 0.0381633 0.972549 0.529412 0.003922
vn -0.0203530 0.0006260 -0.9997927
v -0.0005390 0.0072047 0.0381744 0.972549 0.529412 0.003922
vn -0.0203530 0.0006260 -0.9997927
v 0.0033309 0.0072307 0.0380956 0.972549 0.529412 0.003922
vn -0.0203530 0.0006260 -0.9997927
v 0.0034280 -0.0072690 0.0380846 0.972549 0.529412 0.003922
vn -0.0209578 0.1087389 -0.9938494
v -0.0094360 -0.0002834 0.0310393 0.972549 0.529412 0.003922
vn -0.0203530 0.0006260 -0.9997927
v -0.0094370 -0.0000996 0.0310494 0.972549 0.529412 0.003922
vn -0.0203530 0.0006260 -0.9997927
v -0.0006390 -0.0000406 0.0308704 0.972549 0.529412 0.003922
vn -0.0213168 0.2155769 -0.9762542
v -0.0094354 -0.0004650 0.0310094 0.972549 0.529412 0.003922
vn -0.0209578 0.1087389 -0.9938494
v -0.0006380 -0.0002244 0.0308603 0.972549 0.529412 0.003922
vn -0.0214259 0.3198875 -0.9472133
v -0.0094352 -0.0006424 0.0309600 0.972549 0.529412 0.003922
vn -0.0213168 0.2155769 -0.9762542
v -0.0006374 -0.0004060 0.0308303 0.972549 0.529412 0.003922
vn -0.0212838 0.4204476 -0.9070671
v -0.0094354 -0.0008133 0.0308918 0.972549 0.529412 0.003922
vn -0.0214259 0.3198875 -0.9472133
v -0.0006372 -0.0005833 0.0307810 0.972549 0.529412 0.003922
vn -0.0208922 0.5160785 -0.8562865
v -0.0094361 -0.0009759 0.0308055 0.972549 0.529412 0.003922
vn -0.0212838 0.4204476 -0.9070671
v -0.0006375 -0.0007543 0.0307127 0.972549 0.529412 0.003922
vn -0.0202557 0.6056588 -0.7954666
v -0.0094372 -0.0011282 0.0307021 0.972549 0.529412 0.003922
vn -0.0208922 0.5160785 -0.8562865
v -0.0006381 -0.0009168 0.0306264 0.972549 0.529412 0.003922
vn -0.0193816 0.6881383 -0.7253206
v -0.0094387 -0.0012684 0.0305828 0.972549 0.529412 0.003922
vn -0.0202557 0.6056588 -0.7954666
v -0.0006392 -0.0010691 0.0305230 0.972549 0.529412 0.003922
vn -0.0182804 0.7625500 -0.6466710
v -0.0094406 -0.0013949 0.0304491 0.972549 0.529412 0.003922
vn -0.0193816 0.6881383 -0.7253206
v -0.0006407 -0.0012093 0.0304038 0.972549 0.529412 0.003922
vn -0.0169648 0.8280215 -0.5604397
v -0.0094428 -0.0015062 0.0303025 0.972549 0.529412 0.003922
vn -0.0182804 0.7625500 -0.6466710
v -0.0006426 -0.0013358 0.0302701 0.972549 0.529412 0.003922
vn -0.0154503 0.8837852 -0.4676377
v -0.0094454 -0.0016010 0.0301448 0.972549 0.529412 0.003922
vn -0.0169648 0.8280215 -0.5604397
v -0.0006448 -0.0014471 0.0301235 0.972549 0.529412 0.003922
vn -0.0137547 0.9291874 -0.3693532
v -0.0094482 -0.0016782 0.0299777 0.972549 0.529412 0.003922
vn -0.0154503 0.8837852 -0.4676377
v -0.0006474 -0.0015419 0.0299657 0.972549 0.529412 0.003922
vn -0.0118978 0.9636956 -0.2667383
v -0.0094514 -0.0017368 0.0298032 0.972549 0.529412 0.003922
vn -0.0137547 0.9291874 -0.3693532
v -0.0006503 -0.0016191 0.0297986 0.972549 0.529412 0.003922
vn -0.0099014 0.9869054 -0.1609961
v -0.0094548 -0.0017763 0.0296235 0.972549 0.529412 0.003922
vn -0.0118978 0.9636956 -0.2667383
v -0.0006534 -0.0016778 0.0296242 0.972549 0.529412 0.003922
vn -0.0077889 0.9985446 -0.0533664
v -0.0094584 -0.0017961 0.0294405 0.972549 0.529412 0.003922
vn -0.0099014 0.9869054 -0.1609961
v -0.0006568 -0.0017172 0.0294444 0.972549 0.529412 0.003922
vn -0.0055852 0.9984769 0.0548890
v -0.0094621 -0.0017960 0.0292565 0.972549 0.529412 0.003922
vn -0.0077889 0.9985446 -0.0533664
v -0.0006604 -0.0017370 0.0292614 0.972549 0.529412 0.003922
vn -0.0033159 0.9867029 0.1625008
v -0.0094660 -0.0017759 0.0290735 0.972549 0.529412 0.003922
vn -0.0055852 0.9984769 0.0548890
v -0.0006642 -0.0017369 0.0290774 0.972549 0.529412 0.003922
vn -0.0010078 0.9633607 0.2682075
v -0.0094699 -0.0017363 0.0288938 0.972549 0.529412 0.003922
vn -0.0033159 0.9867029 0.1625008
v -0.0006680 -0.0017169 0.0288945 0.972549 0.529412 0.003922
vn 0.0013122 0.9287239 0.3707697
v -0.0094739 -0.0016774 0.0287195 0.972549 0.529412 0.003922
vn -0.0010078 0.9633607 0.2682075
v -0.0006719 -0.0016772 0.0287148 0.972549 0.529412 0.003922
vn 0.0036168 0.8831988 0.4689850
v -0.0094778 -0.0016000 0.0285525 0.972549 0.529412 0.003922
vn 0.0013122 0.9287239 0.3707697
v -0.0006759 -0.0016183 0.0285404 0.972549 0.529412 0.003922
vn 0.0058789 0.8273189 0.5617018
v -0.0094816 -0.0015050 0.0283949 0.972549 0.529412 0.003922
vn 0.0036168 0.8831988 0.4689850
v -0.0006798 -0.0015409 0.0283734 0.972549 0.529412 0.003922
vn 0.0080722 0.7617395 0.6478332
v -0.0094854 -0.0013935 0.0282485 0.972549 0.529412 0.003922
vn 0.0058789 0.8273189 0.5617018
v -0.0006836 -0.0014459 0.0282158 0.972549 0.529412 0.003922
vn 0.0101708 0.6872293 0.7263693
v -0.0094889 -0.0012668 0.0281150 0.972549 0.529412 0.003922
vn 0.0080722 0.7617395 0.6478332
v -0.0006874 -0.0013345 0.0280694 0.972549 0.529412 0.003922
vn 0.0121501 0.6046621 0.7963895
v -0.0094923 -0.0011265 0.0279959 0.972549 0.529412 0.003922
vn 0.0101708 0.6872293 0.7263693
v -0.0006909 -0.0012078 0.0279359 0.972549 0.529412 0.003922
vn 0.0139870 0.5150058 0.8570727
v -0.0094954 -0.0009741 0.0278928 0.972549 0.529412 0.003922
vn 0.0121501 0.6046621 0.7963895
v -0.0006943 -0.0010674 0.0278169 0.972549 0.529412 0.003922
vn 0.0156600 0.4193114 0.9077074
v -0.0094983 -0.0008114 0.0278067 0.972549 0.529412 0.003922
vn 0.0139870 0.5150058 0.8570727
v -0.0006974 -0.0009150 0.0277137 0.972549 0.529412 0.003922
vn 0.0171493 0.3187010 0.9477001
v -0.0095008 -0.0006403 0.0277387 0.972549 0.529412 0.003922
vn 0.0156600 0.4193114 0.9077074
v -0.0007003 -0.0007523 0.0276276 0.972549 0.529412 0.003922
vn 0.0184375 0.2143542 0.9765820
v -0.0095030 -0.0004630 0.0276896 0.972549 0.529412 0.003922
vn 0.0171493 0.3187010 0.9477001
v -0.0007028 -0.0005813 0.0275596 0.972549 0.529412 0.003922
vn 0.0195096 0.1074943 0.9940143
v -0.0095048 -0.0002813 0.0276600 0.972549 0.529412 0.003922
vn 0.0184375 0.2143542 0.9765820
v -0.0007050 -0.0004039 0.0275105 0.972549 0.529412 0.003922
vn 0.0203530 -0.0006260 0.9997927
v -0.0095062 -0.0000975 0.0276501 0.972549 0.529412 0.003922
vn 0.0195096 0.1074943 0.9940143
v -0.0007068 -0.0002222 0.0274809 0.972549 0.529412 0.003922
vn 0.0203530 -0.0006260 0.9997927
v -0.0007082 -0.0000384 0.0274711 0.972549 0.529412 0.003922
vn 0.0209578 -0.1087389 0.9938494
v -0.0095073 0.0000863 0.0276602 0.972549 0.529412 0.003922
vn 0.0203530 -0.0006260 0.9997927
v -0.0095062 -0.0000975 0.0276501 0.972549 0.529412 0.003922
vn 0.0203530 -0.0006260 0.9997927
v -0.0007082 -0.0000384 0.0274711 0.972549 0.529412 0.003922
vn 0.0213168 -0.2155769 0.9762542
v -0.0095079 0.0002679 0.0276901 0.972549 0.529412 0.003922
vn 0.0209578 -0.1087389 0.9938494
v -0.0007093 0.0001454 0.0274812 0.972549 0.529412 0.003922
vn 0.0214259 -0.3198875 0.9472133
v -0.0095081 0.0004453 0.0277395 0.972549 0.529412 0.003922
vn 0.0213168 -0.2155769 0.9762542
v -0.0007099 0.0003270 0.0275111 0.972549 0.529412 0.003922
vn 0.0212838 -0.4204476 0.9070671
v -0.0095078 0.0006162 0.0278078 0.972549 0.529412 0.003922
vn 0.0214259 -0.3198875 0.9472133
v -0.0007101 0.0005043 0.0275605 0.972549 0.529412 0.003922
vn 0.0208922 -0.5160785 0.8562865
v -0.0095071 0.0007788 0.0278941 0.972549 0.529412 0.003922
vn 0.0212838 -0.4204476 0.9070671
v -0.0007098 0.0006753 0.0276287 0.972549 0.529412 0.003922
vn 0.0202557 -0.6056588 0.7954666
v -0.0095061 0.0009311 0.0279975 0.972549 0.529412 0.003922
vn 0.0208922 -0.5160785 0.8562865
v -0.0007092 0.0008378 0.0277150 0.972549 0.529412 0.003922
vn 0.0193816 -0.6881383 0.7253206
v -0.0095046 0.0010713 0.0281167 0.972549 0.529412 0.003922
vn 0.0202557 -0.6056588 0.7954666
v -0.0007081 0.0009901 0.0278184 0.972549 0.529412 0.003922
vn 0.0182804 -0.7625500 0.6466710
v -0.0095027 0.0011978 0.0282504 0.972549 0.529412 0.003922
vn 0.0193816 -0.6881383 0.7253206
v -0.0007066 0.0011303 0.0279377 0.972549 0.529412 0.003922
vn 0.0169648 -0.8280215 0.5604397
v -0.0095005 0.0013091 0.0283970 0.972549 0.529412 0.003922
vn 0.0182804 -0.7625500 0.6466710
v -0.0007047 0.0012568 0.0280714 0.972549 0.529412 0.003922
vn 0.0154503 -0.8837852 0.4676377
v -0.0094979 0.0014039 0.0285548 0.972549 0.529412 0.003922
vn 0.0169648 -0.8280215 0.5604397
v -0.0007025 0.0013681 0.0282180 0.972549 0.529412 0.003922
vn 0.0137547 -0.9291874 0.3693532
v -0.0094950 0.0014811 0.0287219 0.972549 0.529412 0.003922
vn 0.0154503 -0.8837852 0.4676377
v -0.0006999 0.0014629 0.0283757 0.972549 0.529412 0.003922
vn 0.0118978 -0.9636956 0.2667383
v -0.0094919 0.0015397 0.0288963 0.972549 0.529412 0.003922
vn 0.0137547 -0.9291874 0.3693532
v -0.0006970 0.0015401 0.0285428 0.972549 0.529412 0.003922
vn 0.0099014 -0.9869054 0.1609961
v -0.0094885 0.0015792 0.0290761 0.972549 0.529412 0.003922
vn 0.0118978 -0.9636956 0.2667383
v -0.0006939 0.0015988 0.0287173 0.972549 0.529412 0.003922
vn 0.0077889 -0.9985446 0.0533664
v -0.0094849 0.0015990 0.0292591 0.972549 0.529412 0.003922
vn 0.0099014 -0.9869054 0.1609961
v -0.0006905 0.0016382 0.0288970 0.972549 0.529412 0.003922
vn 0.0055852 -0.9984769 -0.0548890
v -0.0094811 0.0015989 0.0294431 0.972549 0.529412 0.003922
vn 0.0077889 -0.9985446 0.0533664
v -0.0006869 0.0016580 0.0290800 0.972549 0.529412 0.003922
vn 0.0033159 -0.9867029 -0.1625008
v -0.0094773 0.0015788 0.0296260 0.972549 0.529412 0.003922
vn 0.0055852 -0.9984769 -0.0548890
v -0.0006831 0.0016579 0.0292640 0.972549 0.529412 0.003922
vn 0.0010078 -0.9633607 -0.2682075
v -0.0094733 0.0015392 0.0298057 0.972549 0.529412 0.003922
vn 0.0033159 -0.9867029 -0.1625008
v -0.0006793 0.0016379 0.0294470 0.972549 0.529412 0.003922
vn -0.0013122 -0.9287239 -0.3707697
v -0.0094694 0.0014803 0.0299801 0.972549 0.529412 0.003922
vn 0.0010078 -0.9633607 -0.2682075
v -0.0006754 0.0015982 0.0296267 0.972549 0.529412 0.003922
vn -0.0036168 -0.8831988 -0.4689850
v -0.0094655 0.0014029 0.0301471 0.972549 0.529412 0.003922
vn -0.0013122 -0.9287239 -0.3707697
v -0.0006714 0.0015393 0.0298010 0.972549 0.529412 0.003922
vn -0.0058789 -0.8273189 -0.5617018
v -0.0094616 0.0013079 0.0303047 0.972549 0.529412 0.003922
vn -0.0036168 -0.8831988 -0.4689850
v -0.0006675 0.0014619 0.0299680 0.972549 0.529412 0.003922
vn -0.0080722 -0.7617395 -0.6478332
v -0.0094579 0.0011964 0.0304511 0.972549 0.529412 0.003922
vn -0.0058789 -0.8273189 -0.5617018
v -0.0006637 0.0013669 0.0301256 0.972549 0.529412 0.003922
vn -0.0101708 -0.6872293 -0.7263693
v -0.0094543 0.0010697 0.0305846 0.972549 0.529412 0.003922
vn -0.0080722 -0.7617395 -0.6478332
v -0.0006599 0.0012555 0.0302720 0.972549 0.529412 0.003922
vn -0.0121501 -0.6046621 -0.7963895
v -0.0094510 0.0009294 0.0307036 0.972549 0.529412 0.003922
vn -0.0101708 -0.6872293 -0.7263693
v -0.0006564 0.0011288 0.0304055 0.972549 0.529412 0.003922
vn -0.0139870 -0.5150058 -0.8570727
v -0.0094479 0.0007770 0.0308068 0.972549 0.529412 0.003922
vn -0.0121501 -0.6046621 -0.7963895
v -0.0006530 0.0009884 0.0305246 0.972549 0.529412 0.003922
vn -0.0156600 -0.4193114 -0.9077074
v -0.0094450 0.0006143 0.0308929 0.972549 0.529412 0.003922
vn -0.0139870 -0.5150058 -0.8570727
v -0.0006499 0.0008360 0.0306277 0.972549 0.529412 0.003922
vn -0.0171493 -0.3187010 -0.9477001
v -0.0094425 0.0004432 0.0309609 0.972549 0.529412 0.003922
vn -0.0156600 -0.4193114 -0.9077074
v -0.0006470 0.0006733 0.0307138 0.972549 0.529412 0.003922
vn -0.0184375 -0.2143542 -0.9765820
v -0.0094403 0.0002658 0.0310100 0.972549 0.529412 0.003922
vn -0.0171493 -0.3187010 -0.9477001
v -0.0006445 0.0005023 0.0307818 0.972549 0.529412 0.003922
vn -0.0195096 -0.1074943 -0.9940143
v -0.0094385 0.0000842 0.0310396 0.972549 0.529412 0.003922
vn -0.0184375 -0.2143542 -0.9765820
v -0.0006423 0.0003249 0.0308309 0.972549 0.529412 0.003922
vn -0.0203530 0.0006260 -0.9997927
v -0.0094370 -0.0000996 0.0310494 0.972549 0.529412 0.003922
vn -0.0195096 -0.1074943 -0.9940143
v -0.0006405 0.0001432 0.0308605 0.972549 0.529412 0.003922
vn -0.0203530 0.0006260 -0.9997927
v -0.0006390 -0.0000406 0.0308704 0.972549 0.529412 0.003922
vn -0.0066969 0.9999773 0.0007624
v 0.0035323 -0.0072683 0.0380934 0.972549 0.529412 0.003922
vn -0.0066969 0.9999773 0.0007624
v 0.0035832 -0.0072680 0.0381059 0.972549 0.529412 0.003922
vn -0.0066969 0.9999773 0.0007624
v 0.0057771 -0.0072472 0.0301488 0.972549 0.529412 0.003922
vn -0.0066969 0.9999773 0.0007624
v 0.0035840 -0.0072680 0.0381062 0.972549 0.529412 0.003922
vn -0.0066969 0.9999773 0.0007624
v 0.0047707 -0.0072570 0.0342119 0.972549 0.529412 0.003922
vn -0.0066969 0.9999773 0.0007624
v 0.0063479 -0.0072402 0.0260020 0.972549 0.529412 0.003922
vn -0.0066969 0.9999773 0.0007624
v 0.0064782 -0.0072362 0.0218930 0.972549 0.529412 0.003922
vn -0.0066969 0.9999773 0.0007624
v 0.0034804 -0.0072686 0.0380862 0.972549 0.529412 0.003922
vn -0.0066969 0.9999773 0.0007624
v -0.0010830 -0.0072752 0.0066699 0.972549 0.529412 0.003922
vn -0.0066969 0.9999773 0.0007624
v -0.0004419 -0.0072950 0.0381633 0.972549 0.529412 0.003922
vn -0.0066969 0.9999773 0.0007624
v 0.0034280 -0.0072690 0.0380846 0.972549 0.529412 0.003922
vn -0.0066969 0.9999773 0.0007624
v 0.0061653 -0.0072266 0.0065223 0.972549 0.529412 0.003922
vn -0.0066969 0.9999773 0.0007624
v 0.0061653 -0.0072266 0.0065223 0.972549 0.529412 0.003922
vn -0.0066969 0.9999773 0.0007624
v 0.0064782 -0.0072362 0.0218930 0.972549 0.529412 0.003922
vn 0.0978443 0.9952008 -0.0013687
v 0.0065305 -0.0072386 0.0218919 0.972549 0.529412 0.003922
vn 0.0978443 0.9952008 -0.0013687
v 0.0062176 -0.0072290 0.0065213 0.972549 0.529412 0.003922
vn 0.2013134 0.9795207 -0.0034849
v 0.0065822 -0.0072464 0.0218909 0.972549 0.529412 0.003922
vn 0.2013134 0.9795207 -0.0034849
v 0.0062693 -0.0072368 0.0065202 0.972549 0.529412 0.003922
vn 0.3025770 0.9531087 -0.0055629
v 0.0066328 -0.0072596 0.0218898 0.972549 0.529412 0.003922
vn 0.3025770 0.9531087 -0.0055629
v 0.0063199 -0.0072500 0.0065192 0.972549 0.529412 0.003922
vn 0.4005254 0.9162543 -0.0075799
v 0.0066818 -0.0072781 0.0218888 0.972549 0.529412 0.003922
vn 0.4005254 0.9162543 -0.0075799
v 0.0063689 -0.0072685 0.0065182 0.972549 0.529412 0.003922
vn 0.4940856 0.8693612 -0.0095139
v 0.0067286 -0.0073015 0.0218878 0.972549 0.529412 0.003922
vn 0.4940856 0.8693612 -0.0095139
v 0.0064157 -0.0072919 0.0065172 0.972549 0.529412 0.003922
vn 0.5822324 0.8129433 -0.0113437
v 0.0067727 -0.0073297 0.0218869 0.972549 0.529412 0.003922
vn 0.5822324 0.8129433 -0.0113437
v 0.0064598 -0.0073201 0.0065163 0.972549 0.529412 0.003922
vn 0.6640003 0.7476185 -0.0130491
v 0.0068135 -0.0073624 0.0218861 0.972549 0.529412 0.003922
vn 0.6640003 0.7476185 -0.0130491
v 0.0065006 -0.0073528 0.0065154 0.972549 0.529412 0.003922
vn 0.7384931 0.6741027 -0.0146116
v 0.0068508 -0.0073992 0.0218853 0.972549 0.529412 0.003922
vn 0.7384931 0.6741027 -0.0146116
v 0.0065379 -0.0073895 0.0065146 0.972549 0.529412 0.003922
vn 0.8048950 0.5932012 -0.0160140
v 0.0068840 -0.0074396 0.0218846 0.972549 0.529412 0.003922
vn 0.8048950 0.5932012 -0.0160140
v 0.0065711 -0.0074300 0.0065139 0.972549 0.529412 0.003922
vn 0.8624782 0.5058005 -0.0172410
v 0.0069128 -0.0074833 0.0218840 0.972549 0.529412 0.003922
vn 0.8624782 0.5058005 -0.0172410
v 0.0065999 -0.0074737 0.0065133 0.972549 0.529412 0.003922
vn 0.9106119 0.4128582 -0.0182790
v 0.0069369 -0.0075298 0.0218835 0.972549 0.529412 0.003922
vn 0.9106119 0.4128582 -0.0182790
v 0.0066239 -0.0075202 0.0065128 0.972549 0.529412 0.003922
vn 0.9487688 0.3153925 -0.0191168
v 0.0069559 -0.0075785 0.0218830 0.972549 0.529412 0.003922
vn 0.9487688 0.3153925 -0.0191168
v 0.0066430 -0.0075689 0.0065124 0.972549 0.529412 0.003922
vn 0.9765307 0.2144713 -0.0197452
v 0.0069698 -0.0076290 0.0218827 0.972549 0.529412 0.003922
vn 0.9765307 0.2144713 -0.0197452
v 0.0066569 -0.0076193 0.0065121 0.972549 0.529412 0.003922
vn 0.9935936 0.1112003 -0.0201572
v 0.0069783 -0.0076806 0.0218825 0.972549 0.529412 0.003922
vn 0.9935936 0.1112003 -0.0201572
v 0.0066654 -0.0076710 0.0065119 0.972549 0.529412 0.003922
vn 0.9997704 0.0067110 -0.0203484
v 0.0069814 -0.0077328 0.0218824 0.972549 0.529412 0.003922
vn 0.9997704 0.0067110 -0.0203484
v 0.0066685 -0.0077232 0.0065118 0.972549 0.529412 0.003922
vn 0.9506037 0.1106760 0.2900060
v 0.0052494 -0.0077017 0.0343565 0.972549 0.529412 0.003922
vn 0.9565437 0.0061837 0.2915233
v 0.0052524 -0.0077539 0.0343573 0.972549 0.529412 0.003922
vn 0.9819024 0.0064315 0.1892788
v 0.0062654 -0.0077440 0.0302673 0.972549 0.529412 0.003922
vn 0.9759418 0.1109236 0.1877058
v 0.0062684 -0.0076917 0.0302423 0.972549 0.529412 0.003922
vn 0.9820215 0.0064328 0.1886596
v 0.0062715 -0.0077440 0.0302427 0.972549 0.529412 0.003922
vn 0.9963647 0.0066079 0.0849340
v 0.0068426 -0.0077370 0.0260935 0.972549 0.529412 0.003922
vn 0.9903122 0.1110995 0.0832985
v 0.0068464 -0.0076847 0.0260432 0.972549 0.529412 0.003922
vn 0.9342486 0.2139556 0.2853113
v 0.0052412 -0.0076501 0.0343542 0.972549 0.529412 0.003922
vn 0.9591696 0.2141992 0.1846954
v 0.0062601 -0.0076401 0.0302408 0.972549 0.529412 0.003922
vn 0.9076577 0.3148910 0.2774907
v 0.0052279 -0.0075996 0.0343503 0.972549 0.529412 0.003922
vn 0.9318885 0.3151279 0.1796615
v 0.0062464 -0.0075896 0.0302382 0.972549 0.529412 0.003922
vn 0.9733034 0.2143721 0.0820071
v 0.0068379 -0.0076330 0.0260426 0.972549 0.529412 0.003922
vn 0.8711224 0.4123765 0.2666299
v 0.0052097 -0.0075508 0.0343448 0.972549 0.529412 0.003922
vn 0.8943974 0.4126040 0.1726592
v 0.0062277 -0.0075409 0.0302347 0.972549 0.529412 0.003922
vn 0.9456308 0.3152961 0.0798173
v 0.0068240 -0.0075826 0.0260415 0.972549 0.529412 0.003922
vn 0.8250428 0.5053439 0.2528478
v 0.0051866 -0.0075044 0.0343379 0.972549 0.529412 0.003922
vn 0.8471072 0.5055596 0.1637652
v 0.0062040 -0.0074944 0.0302303 0.972549 0.529412 0.003922
vn 0.9075977 0.4127656 0.0767530
v 0.0068050 -0.0075338 0.0260400 0.972549 0.529412 0.003922
vn 0.7699239 0.5927746 0.2362954
v 0.0051591 -0.0074606 0.0343297 0.972549 0.529412 0.003922
vn 0.7905357 0.5929762 0.1530769
v 0.0061757 -0.0074507 0.0302249 0.972549 0.529412 0.003922
vn 0.8596208 0.5057127 0.0728478
v 0.0067810 -0.0074874 0.0260380 0.972549 0.529412 0.003922
vn 0.7063695 0.6737108 0.2171542
v 0.0051273 -0.0074202 0.0343201 0.972549 0.529412 0.003922
vn 0.7253031 0.6738959 0.1407115
v 0.0061431 -0.0074102 0.0302188 0.972549 0.529412 0.003922
vn 0.8022257 0.5931191 0.0681444
v 0.0067523 -0.0074436 0.0260357 0.972549 0.529412 0.003922
vn 0.6350760 0.7472656 0.1956338
v 0.0050916 -0.0073834 0.0343093 0.972549 0.529412 0.003922
vn 0.6521240 0.7474323 0.1268045
v 0.0061065 -0.0073735 0.0302118 0.972549 0.529412 0.003922
vn 0.7360412 0.6740273 0.0626944
v 0.0067192 -0.0074032 0.0260329 0.972549 0.529412 0.003922
vn 0.5568244 0.8126333 0.1719699
v 0.0050525 -0.0073507 0.0342975 0.972549 0.529412 0.003922
vn 0.5717999 0.8127797 0.1115081
v 0.0060664 -0.0073408 0.0302042 0.972549 0.529412 0.003922
vn 0.6617925 0.7475506 0.0565575
v 0.0066821 -0.0073664 0.0260299 0.972549 0.529412 0.003922
vn 0.4724722 0.8690977 0.1464219
v 0.0050103 -0.0073225 0.0342847 0.972549 0.529412 0.003922
vn 0.4852111 0.8692222 0.0949901
v 0.0060231 -0.0073126 0.0301959 0.972549 0.529412 0.003922
vn 0.5802931 0.8128836 0.0498010
v 0.0066414 -0.0073338 0.0260265 0.972549 0.529412 0.003922
vn 0.3829435 0.9160399 0.1192697
v 0.0049656 -0.0072990 0.0342712 0.972549 0.529412 0.003922
vn 0.3933063 0.9161412 0.0774313
v 0.0059771 -0.0072891 0.0301871 0.972549 0.529412 0.003922
vn 0.4924359 0.8693106 0.0424989
v 0.0065974 -0.0073056 0.0260228 0.972549 0.529412 0.003922
vn 0.2892192 0.9529458 0.0908108
v 0.0049187 -0.0072806 0.0342569 0.972549 0.529412 0.003922
vn 0.2970922 0.9530228 0.0590241
v 0.0059290 -0.0072707 0.0301779 0.972549 0.529412 0.003922
vn 0.3991834 0.9162131 0.0347311
v 0.0065508 -0.0072821 0.0260190 0.972549 0.529412 0.003922
vn 0.1923261 0.9794111 0.0613569
v 0.0048703 -0.0072673 0.0342422 0.972549 0.529412 0.003922
vn 0.1976232 0.9794629 0.0399703
v 0.0058793 -0.0072575 0.0301684 0.972549 0.529412 0.003922
vn 0.3015574 0.9530774 0.0265828
v 0.0065020 -0.0072637 0.0260149 0.972549 0.529412 0.003922
vn 0.0933259 0.9951457 0.0312307
v 0.0048208 -0.0072595 0.0342271 0.972549 0.529412 0.003922
vn 0.0959890 0.9951717 0.0204785
v 0.0058285 -0.0072496 0.0301586 0.972549 0.529412 0.003922
vn 0.2006274 0.9794996 0.0181432
v 0.0064515 -0.0072505 0.0260107 0.972549 0.529412 0.003922
vn -0.0066969 0.9999773 0.0007624
v 0.0047707 -0.0072570 0.0342119 0.972549 0.529412 0.003922
vn -0.0066969 0.9999773 0.0007624
v 0.0057771 -0.0072472 0.0301488 0.972549 0.529412 0.003922
vn 0.0974994 0.9951902 0.0095049
v 0.0064000 -0.0072426 0.0260064 0.972549 0.529412 0.003922
vn 0.9997704 0.0067110 -0.0203483
v 0.0069814 -0.0077328 0.0218824 0.972549 0.529412 0.003922
vn 0.9935936 0.1112003 -0.0201571
v 0.0069783 -0.0076806 0.0218825 0.972549 0.529412 0.003922
vn 0.9765307 0.2144713 -0.0197451
v 0.0069698 -0.0076290 0.0218827 0.972549 0.529412 0.003922
vn 0.9487688 0.3153925 -0.0191168
v 0.0069559 -0.0075785 0.0218830 0.972549 0.529412 0.003922
vn 0.9106119 0.4128582 -0.0182790
v 0.0069369 -0.0075298 0.0218835 0.972549 0.529412 0.003922
vn 0.8624782 0.5058005 -0.0172409
v 0.0069128 -0.0074833 0.0218840 0.972549 0.529412 0.003922
vn 0.8048950 0.5932012 -0.0160140
v 0.0068840 -0.0074396 0.0218846 0.972549 0.529412 0.003922
vn 0.7384931 0.6741027 -0.0146116
v 0.0068508 -0.0073992 0.0218853 0.972549 0.529412 0.003922
vn 0.6640003 0.7476185 -0.0130491
v 0.0068135 -0.0073624 0.0218861 0.972549 0.529412 0.003922
vn 0.5822324 0.8129433 -0.0113436
v 0.0067727 -0.0073297 0.0218869 0.972549 0.529412 0.003922
vn 0.4940856 0.8693612 -0.0095139
v 0.0067286 -0.0073015 0.0218878 0.972549 0.529412 0.003922
vn 0.4005254 0.9162543 -0.0075799
v 0.0066818 -0.0072781 0.0218888 0.972549 0.529412 0.003922
vn 0.3025770 0.9531087 -0.0055629
v 0.0066328 -0.0072596 0.0218898 0.972549 0.529412 0.003922
vn 0.2013134 0.9795207 -0.0034849
v 0.0065822 -0.0072464 0.0218909 0.972549 0.529412 0.003922
vn 0.0978443 0.9952008 -0.0013687
v 0.0065305 -0.0072386 0.0218919 0.972549 0.529412 0.003922
vn -0.0066969 0.9999773 0.0007624
v 0.0064782 -0.0072362 0.0218930 0.972549 0.529412 0.003922
vn -0.0066969 0.9999773 0.0007624
v 0.0063479 -0.0072402 0.0260020 0.972549 0.529412 0.003922
vn 0.9964710 0.0066096 0.0836772
v 0.0068495 -0.0077369 0.0260434 0.972549 0.529412 0.003922
vn 0.0933259 0.9951457 0.0312307
v 0.0048208 -0.0072595 0.0342271 0.972549 0.529412 0.003922
vn -0.0066969 0.9999773 0.0007624
v 0.0047707 -0.0072570 0.0342119 0.972549 0.529412 0.003922
vn -0.0066969 0.9999773 0.0007624
v 0.0035840 -0.0072680 0.0381062 0.972549 0.529412 0.003922
vn 0.0426272 0.9989663 0.0157911
v 0.0036084 -0.0072685 0.0381143 0.972549 0.529412 0.003922
vn 0.0918378 0.9952983 0.0307777
v 0.0036325 -0.0072703 0.0381237 0.972549 0.529412 0.003922
vn 0.1923261 0.9794111 0.0613569
v 0.0048703 -0.0072673 0.0342422 0.972549 0.529412 0.003922
vn 0.1423356 0.9887421 0.0461485
v 0.0036567 -0.0072736 0.0381347 0.972549 0.529412 0.003922
vn 0.1909660 0.9797030 0.0609432
v 0.0036797 -0.0072781 0.0381466 0.972549 0.529412 0.003922
vn 0.0933249 0.9951458 0.0312304
v 0.0036332 -0.0072704 0.0381240 0.972549 0.529412 0.003922
vn 0.2892192 0.9529458 0.0908108
v 0.0049187 -0.0072806 0.0342569 0.972549 0.529412 0.003922
vn 0.2404830 0.9676735 0.0759997
v 0.0037026 -0.0072842 0.0381600 0.972549 0.529412 0.003922
vn 0.2879974 0.9533511 0.0904396
v 0.0037242 -0.0072913 0.0381742 0.972549 0.529412 0.003922
vn 0.1923252 0.9794112 0.0613566
v 0.0036803 -0.0072783 0.0381469 0.972549 0.529412 0.003922
vn 0.3829435 0.9160399 0.1192697
v 0.0049656 -0.0072990 0.0342712 0.972549 0.529412 0.003922
vn 0.3359927 0.9359916 0.1050174
v 0.0037457 -0.0073000 0.0381900 0.972549 0.529412 0.003922
vn 0.3818668 0.9165317 0.1189430
v 0.0037657 -0.0073098 0.0382064 0.972549 0.529412 0.003922
vn 0.2892184 0.9529461 0.0908105
v 0.0037248 -0.0072916 0.0381746 0.972549 0.529412 0.003922
vn 0.4724722 0.8690977 0.1464219
v 0.0050103 -0.0073225 0.0342847 0.972549 0.529412 0.003922
vn 0.4278173 0.8940439 0.1328833
v 0.0037854 -0.0073211 0.0382242 0.972549 0.529412 0.003922
vn 0.4715434 0.8696493 0.1461404
v 0.0038036 -0.0073333 0.0382427 0.972549 0.529412 0.003922
vn 0.3829428 0.9160402 0.1192695
v 0.0037662 -0.0073101 0.0382068 0.972549 0.529412 0.003922
vn 0.5568244 0.8126333 0.1719699
v 0.0050525 -0.0073507 0.0342975 0.972549 0.529412 0.003922
vn 0.4724716 0.8690979 0.1464218
v 0.0038040 -0.0073336 0.0382431 0.972549 0.529412 0.003922
vn 0.5149497 0.8422903 0.1592918
v 0.0038213 -0.0073470 0.0382625 0.972549 0.529412 0.003922
vn 0.5560427 0.8132185 0.1717333
v 0.0038376 -0.0073616 0.0382827 0.972549 0.529412 0.003922
vn 0.6350760 0.7472656 0.1956338
v 0.0050916 -0.0073834 0.0343093 0.972549 0.529412 0.003922
vn 0.5568227 0.8126347 0.1719694
v 0.0038379 -0.0073619 0.0382831 0.972549 0.529412 0.003922
vn 0.6344369 0.7478589 0.1954407
v 0.0038672 -0.0073944 0.0383261 0.972549 0.529412 0.003922
vn 0.7063695 0.6737108 0.2171542
v 0.0051273 -0.0074202 0.0343201 0.972549 0.529412 0.003922
vn 0.6350745 0.7472671 0.1956333
v 0.0038674 -0.0073947 0.0383265 0.972549 0.529412 0.003922
vn 0.7058651 0.6742881 0.2170021
v 0.0038921 -0.0074312 0.0383723 0.972549 0.529412 0.003922
vn 0.7699239 0.5927746 0.2362954
v 0.0051591 -0.0074606 0.0343297 0.972549 0.529412 0.003922
vn 0.7063683 0.6737122 0.2171538
v 0.0038923 -0.0074315 0.0383726 0.972549 0.529412 0.003922
vn 0.7695434 0.5933140 0.2361810
v 0.0039121 -0.0074718 0.0384208 0.972549 0.529412 0.003922
vn 0.8250428 0.5053439 0.2528478
v 0.0051866 -0.0075044 0.0343379 0.972549 0.529412 0.003922
vn 0.7699229 0.5927759 0.2362952
v 0.0039122 -0.0074721 0.0384211 0.972549 0.529412 0.003922
vn 0.8247724 0.5058255 0.2527668
v 0.0039269 -0.0075157 0.0384711 0.972549 0.529412 0.003922
vn 0.8711224 0.4123765 0.2666299
v 0.0052097 -0.0075508 0.0343448 0.972549 0.529412 0.003922
vn 0.8250422 0.5053450 0.2528476
v 0.0039269 -0.0075160 0.0384714 0.972549 0.529412 0.003922
vn 0.8709458 0.4127833 0.2665772
v 0.0039364 -0.0075624 0.0385226 0.972549 0.529412 0.003922
vn 0.9076577 0.3148910 0.2774907
v 0.0052279 -0.0075996 0.0343503 0.972549 0.529412 0.003922
vn 0.8711219 0.4123774 0.2666298
v 0.0039364 -0.0075626 0.0385229 0.972549 0.529412 0.003922
vn 0.9075566 0.3152089 0.2774608
v 0.0039404 -0.0076113 0.0385749 0.972549 0.529412 0.003922
vn 0.9342486 0.2139556 0.2853113
v 0.0052412 -0.0076501 0.0343542 0.972549 0.529412 0.003922
vn 0.9076575 0.3148918 0.2774907
v 0.0039404 -0.0076114 0.0385750 0.972549 0.529412 0.003922
vn 0.9342027 0.2141737 0.2852980
v 0.0039390 -0.0076619 0.0386272 0.972549 0.529412 0.003922
vn 0.9506037 0.1106760 0.2900060
v 0.0052494 -0.0077017 0.0343565 0.972549 0.529412 0.003922
vn 0.9342485 0.2139561 0.2853113
v 0.0039390 -0.0076620 0.0386273 0.972549 0.529412 0.003922
vn 0.9505918 0.1107869 0.2900027
v 0.0039321 -0.0077138 0.0386790 0.972549 0.529412 0.003922
vn 0.9565437 0.0061837 0.2915233
v 0.0052524 -0.0077539 0.0343573 0.972549 0.529412 0.003922
vn 0.9506037 0.1106762 0.2900060
v 0.0039321 -0.0077138 0.0386791 0.972549 0.529412 0.003922
vn 0.9565437 0.0061837 0.2915233
v 0.0039198 -0.0077662 0.0387298 0.972549 0.529412 0.003922
vn 0.9817750 0.0064302 0.1899379
v 0.0038290 0.0076813 0.0386908 0.972549 0.529412 0.003922
vn 0.9565437 0.0061837 0.2915233
v 0.0039198 -0.0077662 0.0387298 0.972549 0.529412 0.003922
vn 0.9817750 0.0064302 0.1899379
v 0.0039321 -0.0077138 0.0386791 0.972549 0.529412 0.003922
vn 0.9817962 0.0064304 0.1898286
v 0.0038290 0.0076813 0.0386908 0.972549 0.529412 0.003922
vn 0.9565437 0.0061837 0.2915233
v 0.0038160 0.0077334 0.0387416 0.972549 0.529412 0.003922
vn 0.9962498 0.0066061 0.0862716
v 0.0038366 0.0076297 0.0386389 0.972549 0.529412 0.003922
vn 0.9962498 0.0066061 0.0862716
v 0.0039390 -0.0076620 0.0386273 0.972549 0.529412 0.003922
vn 0.9962689 0.0066064 0.0860496
v 0.0039390 -0.0076619 0.0386272 0.972549 0.529412 0.003922
vn 0.9817962 0.0064304 0.1898286
v 0.0039321 -0.0077138 0.0386790 0.972549 0.529412 0.003922
vn 0.9962689 0.0066064 0.0860496
v 0.0038366 0.0076296 0.0386388 0.972549 0.529412 0.003922
vn 0.9998093 0.0067097 -0.0183400
v 0.0038387 0.0075792 0.0385866 0.972549 0.529412 0.003922
vn 0.9998093 0.0067097 -0.0183400
v 0.0039404 -0.0076114 0.0385750 0.972549 0.529412 0.003922
vn 0.9998031 0.0067099 -0.0186741
v 0.0039404 -0.0076113 0.0385749 0.972549 0.529412 0.003922
vn 0.9998031 0.0067099 -0.0186741
v 0.0038387 0.0075790 0.0385864 0.972549 0.529412 0.003922
vn 0.9924147 0.0067398 -0.1227507
v 0.0038353 0.0075304 0.0385344 0.972549 0.529412 0.003922
vn 0.9924147 0.0067398 -0.1227507
v 0.0039364 -0.0075626 0.0385229 0.972549 0.529412 0.003922
vn 0.9923599 0.0067398 -0.1231928
v 0.0039364 -0.0075624 0.0385226 0.972549 0.529412 0.003922
vn 0.9923599 0.0067398 -0.1231928
v 0.0038353 0.0075302 0.0385341 0.972549 0.529412 0.003922
vn 0.9741469 0.0066961 -0.2258164
v 0.0038265 0.0074837 0.0384828 0.972549 0.529412 0.003922
vn 0.9741469 0.0066961 -0.2258164
v 0.0039269 -0.0075160 0.0384714 0.972549 0.529412 0.003922
vn 0.9740210 0.0066956 -0.2263589
v 0.0038264 0.0074835 0.0384825 0.972549 0.529412 0.003922
vn 0.9740210 0.0066956 -0.2263589
v 0.0039269 -0.0075157 0.0384711 0.972549 0.529412 0.003922
vn 0.9452060 0.0065789 -0.3264081
v 0.0039122 -0.0074721 0.0384211 0.972549 0.529412 0.003922
vn 0.9449877 0.0065780 -0.3270397
v 0.0039121 -0.0074718 0.0384208 0.972549 0.529412 0.003922
vn 0.9449877 0.0065780 -0.3270397
v 0.0038122 0.0074395 0.0384321 0.972549 0.529412 0.003922
vn 0.9452060 0.0065789 -0.3264081
v 0.0038123 0.0074398 0.0384325 0.972549 0.529412 0.003922
vn 0.9059094 0.0063897 -0.4234235
v 0.0037929 0.0073990 0.0383839 0.972549 0.529412 0.003922
vn 0.9059094 0.0063897 -0.4234235
v 0.0038923 -0.0074315 0.0383726 0.972549 0.529412 0.003922
vn 0.9055789 0.0063881 -0.4241297
v 0.0038921 -0.0074312 0.0383723 0.972549 0.529412 0.003922
vn 0.9055789 0.0063881 -0.4241297
v 0.0037928 0.0073987 0.0383836 0.972549 0.529412 0.003922
vn 0.8566872 0.0061305 -0.5157998
v 0.0037686 0.0073619 0.0383377 0.972549 0.529412 0.003922
vn 0.8566872 0.0061305 -0.5157998
v 0.0038674 -0.0073947 0.0383265 0.972549 0.529412 0.003922
vn 0.8562273 0.0061280 -0.5165629
v 0.0038672 -0.0073944 0.0383261 0.972549 0.529412 0.003922
vn 0.8562273 0.0061280 -0.5165629
v 0.0037684 0.0073616 0.0383373 0.972549 0.529412 0.003922
vn 0.7980790 0.0058041 -0.6025249
v 0.0037395 0.0073288 0.0382943 0.972549 0.529412 0.003922
vn 0.7980790 0.0058041 -0.6025249
v 0.0038379 -0.0073619 0.0382831 0.972549 0.529412 0.003922
vn 0.7974746 0.0058007 -0.6033246
v 0.0037392 0.0073285 0.0382939 0.972549 0.529412 0.003922
vn 0.7299661 0.0054097 -0.6834620
v 0.0037056 0.0072998 0.0382538 0.972549 0.529412 0.003922
vn 0.7651302 0.0056150 -0.6438511
v 0.0038213 -0.0073470 0.0382625 0.972549 0.529412 0.003922
vn 0.7307281 0.0054142 -0.6826471
v 0.0038040 -0.0073336 0.0382431 0.972549 0.529412 0.003922
vn 0.7307281 0.0054142 -0.6826471
v 0.0037060 0.0073001 0.0382542 0.972549 0.529412 0.003922
vn 0.7974746 0.0058007 -0.6033246
v 0.0038376 -0.0073616 0.0382827 0.972549 0.529412 0.003922
vn 0.7651302 0.0056150 -0.6438511
v 0.0037231 0.0073137 0.0382736 0.972549 0.529412 0.003922
vn 0.6544428 0.0049593 -0.7560952
v 0.0036680 0.0072758 0.0382175 0.972549 0.529412 0.003922
vn 0.6935989 0.0051943 -0.7203427
v 0.0037854 -0.0073211 0.0382242 0.972549 0.529412 0.003922
vn 0.6553702 0.0049649 -0.7552915
v 0.0037662 -0.0073101 0.0382068 0.972549 0.529412 0.003922
vn 0.6553702 0.0049649 -0.7552915
v 0.0036685 0.0072761 0.0382179 0.972549 0.529412 0.003922
vn 0.7299661 0.0054097 -0.6834620
v 0.0038036 -0.0073333 0.0382427 0.972549 0.529412 0.003922
vn 0.6935989 0.0051943 -0.7203427
v 0.0036875 0.0072873 0.0382354 0.972549 0.529412 0.003922
vn 0.5717341 0.0044544 -0.8204269
v 0.0036268 0.0072569 0.0381853 0.972549 0.529412 0.003922
vn 0.6144602 0.0047166 -0.7889338
v 0.0037457 -0.0073000 0.0381900 0.972549 0.529412 0.003922
vn 0.5728319 0.0044612 -0.8196607
v 0.0037248 -0.0072916 0.0381746 0.972549 0.529412 0.003922
vn 0.5728319 0.0044612 -0.8196607
v 0.0036274 0.0072571 0.0381857 0.972549 0.529412 0.003922
vn 0.6544428 0.0049593 -0.7560952
v 0.0037657 -0.0073098 0.0382064 0.972549 0.529412 0.003922
vn 0.6144602 0.0047166 -0.7889338
v 0.0036481 0.0072658 0.0382011 0.972549 0.529412 0.003922
vn 0.4827479 0.0039007 -0.8757507
v 0.0035824 0.0072431 0.0381576 0.972549 0.529412 0.003922
vn 0.5285822 0.0041871 -0.8488718
v 0.0037026 -0.0072842 0.0381600 0.972549 0.529412 0.003922
vn 0.4840176 0.0039087 -0.8750496
v 0.0036803 -0.0072783 0.0381469 0.972549 0.529412 0.003922
vn 0.4840176 0.0039087 -0.8750496
v 0.0035830 0.0072433 0.0381580 0.972549 0.529412 0.003922
vn 0.5717341 0.0044544 -0.8204269
v 0.0037242 -0.0072913 0.0381742 0.972549 0.529412 0.003922
vn 0.5285822 0.0041871 -0.8488718
v 0.0036053 0.0072494 0.0381711 0.972549 0.529412 0.003922
vn 0.4827479 0.0039007 -0.8757507
v 0.0036797 -0.0072781 0.0381466 0.972549 0.529412 0.003922
vn 0.3884614 0.0033041 -0.9214591
v 0.0035353 0.0072347 0.0381348 0.972549 0.529412 0.003922
vn 0.4369068 0.0036118 -0.8994996
v 0.0036567 -0.0072736 0.0381347 0.972549 0.529412 0.003922
vn 0.3899002 0.0033133 -0.9208512
v 0.0036332 -0.0072704 0.0381240 0.972549 0.529412 0.003922
vn 0.3899002 0.0033133 -0.9208512
v 0.0035360 0.0072348 0.0381351 0.972549 0.529412 0.003922
vn 0.4369068 0.0036118 -0.8994996
v 0.0035595 0.0072383 0.0381458 0.972549 0.529412 0.003922
vn 0.3884614 0.0033041 -0.9214591
v 0.0036325 -0.0072703 0.0381237 0.972549 0.529412 0.003922
vn 0.2899097 0.0026712 -0.9570503
v 0.0034861 0.0072317 0.0381170 0.972549 0.529412 0.003922
vn 0.3404394 0.0029968 -0.9402617
v 0.0036084 -0.0072685 0.0381143 0.972549 0.529412 0.003922
vn 0.2915120 0.0026816 -0.9565635
v 0.0035840 -0.0072680 0.0381062 0.972549 0.529412 0.003922
vn 0.2915120 0.0026816 -0.9565635
v 0.0034869 0.0072317 0.0381172 0.972549 0.529412 0.003922
vn 0.3404394 0.0029968 -0.9402617
v 0.0035113 0.0072325 0.0381254 0.972549 0.529412 0.003922
vn 0.2899097 0.0026712 -0.9570503
v 0.0035832 -0.0072680 0.0381059 0.972549 0.529412 0.003922
vn 0.1881750 0.0020090 -0.9821334
v 0.0035323 -0.0072683 0.0380934 0.972549 0.529412 0.003922
vn 0.1881750 0.0020090 -0.9821334
v 0.0034352 0.0072314 0.0381044 0.972549 0.529412 0.003922
vn 0.0843742 0.0013248 -0.9964333
v 0.0034804 -0.0072686 0.0380862 0.972549 0.529412 0.003922
vn 0.0843742 0.0013248 -0.9964333
v 0.0033833 0.0072310 0.0380973 0.972549 0.529412 0.003922
vn -0.0203530 0.0006260 -0.9997927
v 0.0034280 -0.0072690 0.0380846 0.972549 0.529412 0.003922
vn -0.0203530 0.0006260 -0.9997927
v 0.0033309 0.0072307 0.0380956 0.972549 0.529412 0.003922
vn 0.9565437 0.0061837 0.2915233
v 0.0051486 0.0077457 0.0343691 0.972549 0.529412 0.003922
vn 0.9565437 0.0061837 0.2915233
v 0.0038160 0.0077334 0.0387416 0.972549 0.529412 0.003922
vn 0.9520037 -0.0983765 0.2898466
v 0.0038290 0.0076813 0.0386908 0.972549 0.529412 0.003922
vn 0.9520037 -0.0983762 0.2898466
v 0.0051463 0.0076934 0.0343683 0.972549 0.529412 0.003922
vn 0.9519933 -0.0984873 0.2898431
v 0.0038290 0.0076813 0.0386908 0.972549 0.529412 0.003922
vn 0.9370334 -0.2018584 0.2849943
v 0.0051388 0.0076417 0.0343658 0.972549 0.529412 0.003922
vn 0.9370332 -0.2018589 0.2849942
v 0.0038366 0.0076297 0.0386389 0.972549 0.529412 0.003922
vn 0.9369904 -0.2020771 0.2849806
v 0.0038366 0.0076296 0.0386388 0.972549 0.529412 0.003922
vn 0.9117966 -0.3031289 0.2770195
v 0.0051262 0.0075911 0.0343618 0.972549 0.529412 0.003922
vn 0.9117964 -0.3031296 0.2770195
v 0.0038387 0.0075792 0.0385866 0.972549 0.529412 0.003922
vn 0.9116997 -0.3034481 0.2769891
v 0.0038387 0.0075790 0.0385864 0.972549 0.529412 0.003922
vn 0.8765701 -0.4010783 0.2660097
v 0.0051086 0.0075421 0.0343563 0.972549 0.529412 0.003922
vn 0.8765697 -0.4010792 0.2660096
v 0.0038353 0.0075304 0.0385344 0.972549 0.529412 0.003922
vn 0.8763990 -0.4014873 0.2659564
v 0.0038353 0.0075302 0.0385341 0.972549 0.529412 0.003922
vn 0.8317397 -0.4946334 0.2520854
v 0.0050862 0.0074953 0.0343494 0.972549 0.529412 0.003922
vn 0.8317390 -0.4946344 0.2520851
v 0.0038265 0.0074837 0.0384828 0.972549 0.529412 0.003922
vn 0.8314758 -0.4951184 0.2520036
v 0.0038264 0.0074835 0.0384825 0.972549 0.529412 0.003922
vn 0.7777965 -0.5827692 0.2353991
v 0.0050592 0.0074512 0.0343410 0.972549 0.529412 0.003922
vn 0.7777956 -0.5827704 0.2353989
v 0.0038123 0.0074398 0.0384325 0.972549 0.529412 0.003922
vn 0.7774233 -0.5833133 0.2352839
v 0.0038122 0.0074395 0.0384321 0.972549 0.529412 0.003922
vn 0.7153317 -0.6645200 0.2161339
v 0.0050280 0.0074104 0.0343314 0.972549 0.529412 0.003922
vn 0.7153305 -0.6645214 0.2161335
v 0.0037929 0.0073990 0.0383839 0.972549 0.529412 0.003922
vn 0.7148351 -0.6651038 0.2159809
v 0.0037928 0.0073987 0.0383836 0.972549 0.529412 0.003922
vn 0.6450295 -0.7389902 0.1945006
v 0.0049928 0.0073731 0.0343206 0.972549 0.529412 0.003922
vn 0.6450280 -0.7389917 0.1945001
v 0.0037686 0.0073619 0.0383377 0.972549 0.529412 0.003922
vn 0.6443983 -0.7395917 0.1943065
v 0.0037684 0.0073616 0.0383373 0.972549 0.529412 0.003922
vn 0.5676602 -0.8053639 0.1707363
v 0.0049541 0.0073399 0.0343087 0.972549 0.529412 0.003922
vn 0.4840716 -0.8629139 0.1451014
v 0.0049123 0.0073112 0.0342959 0.972549 0.529412 0.003922
vn 0.5668864 -0.8059591 0.1704988
v 0.0037392 0.0073285 0.0382939 0.972549 0.529412 0.003922
vn 0.5261863 -0.8355597 0.1580125
v 0.0037231 0.0073137 0.0382736 0.972549 0.529412 0.003922
vn 0.5676584 -0.8053653 0.1707357
v 0.0037395 0.0073288 0.0382943 0.972549 0.529412 0.003922
vn 0.4397547 -0.8884353 0.1315243
v 0.0036875 0.0072873 0.0382354 0.972549 0.529412 0.003922
vn 0.3951786 -0.9110099 0.1178765
v 0.0036685 0.0072761 0.0382179 0.972549 0.529412 0.003922
vn 0.4840710 -0.8629143 0.1451012
v 0.0037060 0.0073001 0.0382542 0.972549 0.529412 0.003922
vn 0.4831502 -0.8634775 0.1448190
v 0.0037056 0.0072998 0.0382538 0.972549 0.529412 0.003922
vn 0.3951793 -0.9110096 0.1178767
v 0.0048679 0.0072871 0.0342823 0.972549 0.529412 0.003922
vn 0.3484998 -0.9315666 0.1035935
v 0.0036481 0.0072658 0.0382011 0.972549 0.529412 0.003922
vn 0.3019566 -0.9491243 0.0893603
v 0.0036274 0.0072571 0.0381857 0.972549 0.529412 0.003922
vn 0.3941092 -0.9115153 0.1175492
v 0.0036680 0.0072758 0.0382175 0.972549 0.529412 0.003922
vn 0.3019574 -0.9491240 0.0893605
v 0.0048213 0.0072681 0.0342680 0.972549 0.529412 0.003922
vn 0.2534226 -0.9644806 0.0745266
v 0.0036053 0.0072494 0.0381711 0.972549 0.529412 0.003922
vn 0.2054263 -0.9768399 0.0598651
v 0.0035830 0.0072433 0.0381580 0.972549 0.529412 0.003922
vn 0.3007412 -0.9495450 0.0889887
v 0.0036268 0.0072569 0.0381853 0.972549 0.529412 0.003922
vn 0.2054272 -0.9768397 0.0598653
v 0.0047730 0.0072542 0.0342533 0.972549 0.529412 0.003922
vn 0.1555660 -0.9868162 0.0446422
v 0.0035595 0.0072383 0.0381458 0.972549 0.529412 0.003922
vn 0.1066453 -0.9938530 0.0297139
v 0.0035360 0.0072348 0.0381351 0.972549 0.529412 0.003922
vn 0.2040711 -0.9771492 0.0594512
v 0.0035824 0.0072431 0.0381576 0.972549 0.529412 0.003922
vn 0.0066969 -0.9999773 -0.0007624
v 0.0046736 0.0072426 0.0342230 0.972549 0.529412 0.003922
vn 0.1051604 -0.9940247 0.0292609
v 0.0035353 0.0072347 0.0381348 0.972549 0.529412 0.003922
vn 0.0560031 -0.9983286 0.0142682
v 0.0035113 0.0072325 0.0381254 0.972549 0.529412 0.003922
vn 0.1066463 -0.9938530 0.0297142
v 0.0047236 0.0072457 0.0342382 0.972549 0.529412 0.003922
vn 0.0066969 -0.9999773 -0.0007624
v 0.0034869 0.0072317 0.0381172 0.972549 0.529412 0.003922
vn 0.0066969 -0.9999773 -0.0007624
v 0.0034352 0.0072314 0.0381044 0.972549 0.529412 0.003922
vn 0.0066969 -0.9999773 -0.0007624
v 0.0062508 0.0072595 0.0260130 0.972549 0.529412 0.003922
vn 0.0066969 -0.9999773 -0.0007624
v 0.0056800 0.0072525 0.0301598 0.972549 0.529412 0.003922
vn 0.0066969 -0.9999773 -0.0007624
v 0.0063811 0.0072635 0.0219040 0.972549 0.529412 0.003922
vn 0.0066969 -0.9999773 -0.0007624
v 0.0034861 0.0072317 0.0381170 0.972549 0.529412 0.003922
vn 0.0066969 -0.9999773 -0.0007624
v 0.0046736 0.0072426 0.0342230 0.972549 0.529412 0.003922
vn 0.0066969 -0.9999773 -0.0007624
v 0.0060682 0.0072731 0.0065334 0.972549 0.529412 0.003922
vn 0.0066969 -0.9999773 -0.0007624
v 0.0033833 0.0072310 0.0380973 0.972549 0.529412 0.003922
vn 0.0066969 -0.9999773 -0.0007624
v 0.0033309 0.0072307 0.0380956 0.972549 0.529412 0.003922
vn 0.0066969 -0.9999773 -0.0007624
v 0.0034869 0.0072317 0.0381172 0.972549 0.529412 0.003922
vn 0.0066969 -0.9999773 -0.0007624
v -0.0011801 0.0072244 0.0066809 0.972549 0.529412 0.003922
vn 0.0066969 -0.9999773 -0.0007624
v -0.0005390 0.0072047 0.0381744 0.972549 0.529412 0.003922
vn 0.1066463 -0.9938530 0.0297142
v 0.0047236 0.0072457 0.0342382 0.972549 0.529412 0.003922
vn 0.0066969 -0.9999773 -0.0007624
v 0.0046736 0.0072426 0.0342230 0.972549 0.529412 0.003922
vn 0.0066969 -0.9999773 -0.0007624
v 0.0056800 0.0072525 0.0301598 0.972549 0.529412 0.003922
vn 0.1093094 -0.9938269 0.0189620
v 0.0057313 0.0072555 0.0301697 0.972549 0.529412 0.003922
vn 0.0066969 -0.9999773 -0.0007624
v 0.0062508 0.0072595 0.0260130 0.972549 0.529412 0.003922
vn 0.2054272 -0.9768397 0.0598653
v 0.0047730 0.0072542 0.0342533 0.972549 0.529412 0.003922
vn 0.2107243 -0.9767879 0.0384788
v 0.0057820 0.0072641 0.0301795 0.972549 0.529412 0.003922
vn 0.1108198 -0.9938084 0.0079884
v 0.0063028 0.0072625 0.0260174 0.972549 0.529412 0.003922
vn 0.3019574 -0.9491240 0.0893605
v 0.0048213 0.0072681 0.0342680 0.972549 0.529412 0.003922
vn 0.3098304 -0.9490471 0.0575739
v 0.0058316 0.0072779 0.0301890 0.972549 0.529412 0.003922
vn 0.2137285 -0.9767512 0.0166517
v 0.0063543 0.0072711 0.0260217 0.972549 0.529412 0.003922
vn 0.3951793 -0.9110096 0.1178767
v 0.0048679 0.0072871 0.0342823 0.972549 0.529412 0.003922
vn 0.4055421 -0.9109083 0.0760382
v 0.0058794 0.0072970 0.0301982 0.972549 0.529412 0.003922
vn 0.3142956 -0.9489925 0.0251326
v 0.0064046 0.0072849 0.0260260 0.972549 0.529412 0.003922
vn 0.4840716 -0.8629139 0.1451014
v 0.0049123 0.0073112 0.0342959 0.972549 0.529412 0.003922
vn 0.4968104 -0.8627893 0.0936695
v 0.0059251 0.0073211 0.0302071 0.972549 0.529412 0.003922
vn 0.4114192 -0.9108363 0.0333381
v 0.0064531 0.0073040 0.0260301 0.972549 0.529412 0.003922
vn 0.5676602 -0.8053639 0.1707363
v 0.0049541 0.0073399 0.0343087 0.972549 0.529412 0.003922
vn 0.5826356 -0.8052176 0.1102745
v 0.0059680 0.0073498 0.0302154 0.972549 0.529412 0.003922
vn 0.5040352 -0.8627009 0.0411783
v 0.0064994 0.0073281 0.0260340 0.972549 0.529412 0.003922
vn 0.6450295 -0.7389902 0.1945006
v 0.0049928 0.0073731 0.0343206 0.972549 0.529412 0.003922
vn 0.6620774 -0.7388235 0.1256713
v 0.0060077 0.0073830 0.0302231 0.972549 0.529412 0.003922
vn 0.5911289 -0.8051136 0.0485674
v 0.0065430 0.0073569 0.0260377 0.972549 0.529412 0.003922
vn 0.7153317 -0.6645200 0.2161339
v 0.0050280 0.0074104 0.0343314 0.972549 0.529412 0.003922
vn 0.7342653 -0.6643350 0.1396912
v 0.0060438 0.0074203 0.0302301 0.972549 0.529412 0.003922
vn 0.6717461 -0.7387052 0.0554244
v 0.0065833 0.0073901 0.0260411 0.972549 0.529412 0.003922
vn 0.7777965 -0.5827692 0.2353991
v 0.0050592 0.0074512 0.0343410 0.972549 0.529412 0.003922
vn 0.7984084 -0.5825676 0.1521806
v 0.0060759 0.0074612 0.0302363 0.972549 0.529412 0.003922
vn 0.7450034 -0.6642036 0.0616741
v 0.0066199 0.0074273 0.0260443 0.972549 0.529412 0.003922
vn 0.8317397 -0.4946334 0.2520854
v 0.0050862 0.0074953 0.0343494 0.972549 0.529412 0.003922
vn 0.8538041 -0.4944177 0.1630027
v 0.0061036 0.0075052 0.0302417 0.972549 0.529412 0.003922
vn 0.8100984 -0.5824246 0.0672481
v 0.0066525 0.0074682 0.0260470 0.972549 0.529412 0.003922
vn 0.8765701 -0.4010783 0.2660097
v 0.0051086 0.0075421 0.0343563 0.972549 0.529412 0.003922
vn 0.8998452 -0.4008508 0.1720390
v 0.0061266 0.0075520 0.0302462 0.972549 0.529412 0.003922
vn 0.8663177 -0.4942646 0.0720853
v 0.0066806 0.0075123 0.0260495 0.972549 0.529412 0.003922
vn 0.9117966 -0.3031289 0.2770195
v 0.0051262 0.0075911 0.0343618 0.972549 0.529412 0.003922
vn 0.9360274 -0.3028920 0.1791903
v 0.0061447 0.0076010 0.0302498 0.972549 0.529412 0.003922
vn 0.9130455 -0.4006892 0.0761328
v 0.0067039 0.0075591 0.0260515 0.972549 0.529412 0.003922
vn 0.9370334 -0.2018584 0.2849943
v 0.0051388 0.0076417 0.0343658 0.972549 0.529412 0.003922
vn 0.9619543 -0.2016147 0.1843784
v 0.0061576 0.0076516 0.0302524 0.972549 0.529412 0.003922
vn 0.9497697 -0.3027239 0.0793461
v 0.0067223 0.0076081 0.0260531 0.972549 0.529412 0.003922
vn 0.9520037 -0.0983762 0.2898466
v 0.0051463 0.0076934 0.0343683 0.972549 0.529412 0.003922
vn 0.9773419 -0.0981285 0.1875464
v 0.0061653 0.0077034 0.0302540 0.972549 0.529412 0.003922
vn 0.9760881 -0.2014418 0.0816901
v 0.0067355 0.0076587 0.0260543 0.972549 0.529412 0.003922
vn 0.9565437 0.0061837 0.2915233
v 0.0051486 0.0077457 0.0343691 0.972549 0.529412 0.003922
vn 0.9820215 0.0064328 0.1886596
v 0.0061677 0.0077557 0.0302546 0.972549 0.529412 0.003922
vn 0.9917123 -0.0979527 0.0831391
v 0.0067433 0.0077105 0.0260550 0.972549 0.529412 0.003922
vn 0.0066969 -0.9999773 -0.0007624
v 0.0063811 0.0072635 0.0219040 0.972549 0.529412 0.003922
vn 0.1111647 -0.9937978 -0.0028852
v 0.0064333 0.0072665 0.0219030 0.972549 0.529412 0.003922
vn 0.2144145 -0.9767301 -0.0049764
v 0.0064850 0.0072751 0.0219019 0.972549 0.529412 0.003922
vn 0.3153152 -0.9489611 -0.0070131
v 0.0065354 0.0072890 0.0219009 0.972549 0.529412 0.003922
vn 0.4127612 -0.9107951 -0.0089729
v 0.0065841 0.0073080 0.0218999 0.972549 0.529412 0.003922
vn 0.5056850 -0.8626503 -0.0108344
v 0.0066306 0.0073321 0.0218990 0.972549 0.529412 0.003922
vn 0.5930682 -0.8050540 -0.0125772
v 0.0066743 0.0073609 0.0218981 0.972549 0.529412 0.003922
vn 0.6739538 -0.7386374 -0.0141822
v 0.0067147 0.0073941 0.0218973 0.972549 0.529412 0.003922
vn 0.7474553 -0.6641282 -0.0156319
v 0.0067515 0.0074314 0.0218966 0.972549 0.529412 0.003922
vn 0.8127676 -0.5823426 -0.0169102
v 0.0067841 0.0074723 0.0218960 0.972549 0.529412 0.003922
vn 0.8691750 -0.4941767 -0.0180033
v 0.0068123 0.0075164 0.0218954 0.972549 0.529412 0.003922
vn 0.9160597 -0.4005966 -0.0188992
v 0.0068358 0.0075631 0.0218950 0.972549 0.529412 0.003922
vn 0.9529077 -0.3026274 -0.0195880
v 0.0068542 0.0076121 0.0218946 0.972549 0.529412 0.003922
vn 0.9793154 -0.2013426 -0.0200621
v 0.0068674 0.0076628 0.0218944 0.972549 0.529412 0.003922
vn 0.9964710 0.0066096 0.0836772
v 0.0067457 0.0077627 0.0260553 0.972549 0.529412 0.003922
vn 0.9949936 -0.0978518 -0.0203165
v 0.0068752 0.0077145 0.0218943 0.972549 0.529412 0.003922
vn 0.9997704 0.0067110 -0.0203483
v 0.0068776 0.0077668 0.0218942 0.972549 0.529412 0.003922
vn 0.0066969 -0.9999773 -0.0007624
v 0.0063811 0.0072635 0.0219040 0.972549 0.529412 0.003922
vn 0.0066969 -0.9999773 -0.0007624
v 0.0060682 0.0072731 0.0065334 0.972549 0.529412 0.003922
vn 0.1111647 -0.9937978 -0.0028852
v 0.0061204 0.0072762 0.0065323 0.972549 0.529412 0.003922
vn 0.1111647 -0.9937978 -0.0028852
v 0.0064333 0.0072665 0.0219030 0.972549 0.529412 0.003922
vn 0.2144145 -0.9767301 -0.0049764
v 0.0061720 0.0072847 0.0065313 0.972549 0.529412 0.003922
vn 0.2144145 -0.9767301 -0.0049764
v 0.0064850 0.0072751 0.0219019 0.972549 0.529412 0.003922
vn 0.3153152 -0.9489611 -0.0070131
v 0.0062225 0.0072986 0.0065303 0.972549 0.529412 0.003922
vn 0.3153152 -0.9489611 -0.0070131
v 0.0065354 0.0072890 0.0219009 0.972549 0.529412 0.003922
vn 0.4127612 -0.9107951 -0.0089729
v 0.0062712 0.0073177 0.0065293 0.972549 0.529412 0.003922
vn 0.4127612 -0.9107951 -0.0089729
v 0.0065841 0.0073080 0.0218999 0.972549 0.529412 0.003922
vn 0.5056850 -0.8626503 -0.0108345
v 0.0063177 0.0073417 0.0065283 0.972549 0.529412 0.003922
vn 0.5056850 -0.8626503 -0.0108345
v 0.0066306 0.0073321 0.0218990 0.972549 0.529412 0.003922
vn 0.5930682 -0.8050540 -0.0125773
v 0.0063614 0.0073705 0.0065275 0.972549 0.529412 0.003922
vn 0.5930682 -0.8050540 -0.0125773
v 0.0066743 0.0073609 0.0218981 0.972549 0.529412 0.003922
vn 0.6739538 -0.7386374 -0.0141823
v 0.0064018 0.0074037 0.0065267 0.972549 0.529412 0.003922
vn 0.6739538 -0.7386374 -0.0141823
v 0.0067147 0.0073941 0.0218973 0.972549 0.529412 0.003922
vn 0.7474553 -0.6641282 -0.0156319
v 0.0064386 0.0074410 0.0065259 0.972549 0.529412 0.003922
vn 0.7474553 -0.6641282 -0.0156319
v 0.0067515 0.0074314 0.0218966 0.972549 0.529412 0.003922
vn 0.8127676 -0.5823426 -0.0169103
v 0.0064712 0.0074819 0.0065253 0.972549 0.529412 0.003922
vn 0.8127676 -0.5823426 -0.0169103
v 0.0067841 0.0074723 0.0218960 0.972549 0.529412 0.003922
vn 0.8691750 -0.4941767 -0.0180034
v 0.0064994 0.0075260 0.0065248 0.972549 0.529412 0.003922
vn 0.8691750 -0.4941767 -0.0180034
v 0.0068123 0.0075164 0.0218954 0.972549 0.529412 0.003922
vn 0.9160596 -0.4005966 -0.0188993
v 0.0065229 0.0075728 0.0065243 0.972549 0.529412 0.003922
vn 0.9160596 -0.4005966 -0.0188993
v 0.0068358 0.0075631 0.0218950 0.972549 0.529412 0.003922
vn 0.9529077 -0.3026274 -0.0195880
v 0.0065413 0.0076218 0.0065240 0.972549 0.529412 0.003922
vn 0.9529077 -0.3026274 -0.0195880
v 0.0068542 0.0076121 0.0218946 0.972549 0.529412 0.003922
vn 0.9793154 -0.2013426 -0.0200622
v 0.0065545 0.0076724 0.0065237 0.972549 0.529412 0.003922
vn 0.9793154 -0.2013426 -0.0200622
v 0.0068674 0.0076628 0.0218944 0.972549 0.529412 0.003922
vn 0.9949936 -0.0978518 -0.0203166
v 0.0065623 0.0077241 0.0065236 0.972549 0.529412 0.003922
vn 0.9949936 -0.0978518 -0.0203166
v 0.0068752 0.0077145 0.0218943 0.972549 0.529412 0.003922
vn 0.9997704 0.0067110 -0.0203484
v 0.0065647 0.0077764 0.0065236 0.972549 0.529412 0.003922
vn 0.9997704 0.0067110 -0.0203484
v 0.0068776 0.0077668 0.0218942 0.972549 0.529412 0.003922
vn 0.9997704 0.0067110 -0.0203483
v 0.0068776 0.0077668 0.0218942 0.972549 0.529412 0.003922
vn 0.9997704 0.0067110 -0.0203484
v 0.0067496 0.0268818 0.0219088 0.972549 0.529412 0.003922
vn 0.9964710 0.0066096 0.0836772
v 0.0066278 0.0253633 0.0260687 0.972549 0.529412 0.003922
vn 0.9964710 0.0066096 0.0836772
v 0.0067457 0.0077627 0.0260553 0.972549 0.529412 0.003922
vn 0.9820215 0.0064328 0.1886596
v 0.0060600 0.0238311 0.0302668 0.972549 0.529412 0.003922
vn 0.9820215 0.0064328 0.1886596
v 0.0061677 0.0077557 0.0302546 0.972549 0.529412 0.003922
vn 0.9565437 0.0061837 0.2915233
v 0.0050509 0.0223302 0.0343802 0.972549 0.529412 0.003922
vn 0.9565437 0.0061837 0.2915233
v 0.0051486 0.0077457 0.0343691 0.972549 0.529412 0.003922
vn 0.9565437 0.0061837 0.2915233
v 0.0050509 0.0223302 0.0343802 0.972549 0.529412 0.003922
vn 0.9565437 0.0061837 0.2915233
v -0.0092186 0.0051145 0.0815664 0.972549 0.529412 0.003922
vn 0.9565437 0.0061837 0.2915233
v 0.0038160 0.0077334 0.0387416 0.972549 0.529412 0.003922
vn 0.9565437 0.0061837 0.2915233
v -0.0091491 -0.0052679 0.0815584 0.972549 0.529412 0.003922
vn 0.9565437 0.0061837 0.2915233
v 0.0039198 -0.0077662 0.0387298 0.972549 0.529412 0.003922
vn 0.9565437 0.0061837 0.2915233
v 0.0052948 -0.0140884 0.0343525 0.972549 0.529412 0.003922
vn 0.9565437 0.0061837 0.2915233
v 0.0052524 -0.0077539 0.0343573 0.972549 0.529412 0.003922
vn 0.9565437 0.0061837 0.2915233
v 0.0051486 0.0077457 0.0343691 0.972549 0.529412 0.003922
vn 0.9565437 0.0061837 0.2915233
v -0.0091491 -0.0052679 0.0815584 0.972549 0.529412 0.003922
vn 0.9565437 0.0061837 0.2915233
v -0.0092186 0.0051145 0.0815664 0.972549 0.529412 0.003922
vn 0.9211876 0.0058726 0.3890745
v -0.0092537 0.0050789 0.0816639 0.972549 0.529412 0.003922
vn 0.9211876 0.0058726 0.3890745
v -0.0091846 -0.0052497 0.0816560 0.972549 0.529412 0.003922
vn 0.8759136 0.0054982 0.4824367
v -0.0092988 0.0050449 0.0817572 0.972549 0.529412 0.003922
vn 0.8759136 0.0054982 0.4824367
v -0.0092299 -0.0052324 0.0817494 0.972549 0.529412 0.003922
vn 0.8212091 0.0050646 0.5706050
v -0.0093533 0.0050127 0.0818454 0.972549 0.529412 0.003922
vn 0.8212091 0.0050646 0.5706050
v -0.0092848 -0.0052162 0.0818376 0.972549 0.529412 0.003922
vn 0.7576631 0.0045765 0.6526298
v -0.0094166 0.0049828 0.0819274 0.972549 0.529412 0.003922
vn 0.7576631 0.0045765 0.6526298
v -0.0093484 -0.0052013 0.0819196 0.972549 0.529412 0.003922
vn 0.6859600 0.0040391 0.7276281
v -0.0094881 0.0049555 0.0820023 0.972549 0.529412 0.003922
vn 0.6859600 0.0040391 0.7276281
v -0.0094202 -0.0051878 0.0819946 0.972549 0.529412 0.003922
vn 0.6068714 0.0034583 0.7947926
v -0.0095671 0.0049310 0.0820695 0.972549 0.529412 0.003922
vn 0.6068714 0.0034583 0.7947926
v -0.0094994 -0.0051759 0.0820618 0.972549 0.529412 0.003922
vn 0.5212491 0.0028402 0.8533999
v -0.0096526 0.0049097 0.0821281 0.972549 0.529412 0.003922
vn 0.5212491 0.0028402 0.8533999
v -0.0095851 -0.0051657 0.0821204 0.972549 0.529412 0.003922
vn 0.4300148 0.0021915 0.9028192
v -0.0097437 0.0048917 0.0821775 0.972549 0.529412 0.003922
vn 0.4300148 0.0021915 0.9028192
v -0.0096764 -0.0051572 0.0821698 0.972549 0.529412 0.003922
vn 0.3341507 0.0015192 0.9425185
v -0.0098394 0.0048773 0.0822172 0.972549 0.529412 0.003922
vn 0.3341507 0.0015192 0.9425185
v -0.0097723 -0.0051507 0.0822095 0.972549 0.529412 0.003922
vn 0.2848035 0.0011765 0.9585852
v -0.0098888 0.0048715 0.0822332 0.972549 0.529412 0.003922
vn 0.2346891 0.0008306 0.9720702
v -0.0099388 0.0048666 0.0822467 0.972549 0.529412 0.003922
vn 0.2346891 0.0008306 0.9720702
v -0.0098718 -0.0051461 0.0822391 0.972549 0.529412 0.003922
vn 0.1839426 0.0004824 0.9829369
v -0.0099896 0.0048627 0.0822576 0.972549 0.529412 0.003922
vn 0.1327007 0.0001330 0.9911562
v -0.0100408 0.0048597 0.0822658 0.972549 0.529412 0.003922
vn 0.1327007 0.0001330 0.9911562
v -0.0099738 -0.0051436 0.0822582 0.972549 0.529412 0.003922
vn -0.1952662 -0.0020555 0.9807482
v -0.0100768 -0.0051475 0.0822432 0.972549 0.529412 0.003922
vn -0.0922531 -0.0013770 0.9957346
v -0.0099738 -0.0051436 0.0822582 0.972549 0.529412 0.003922
vn -0.0922531 -0.0013770 0.9957346
v -0.0100408 0.0048597 0.0822658 0.972549 0.529412 0.003922
vn -0.1439548 -0.0017186 0.9895828
v -0.0100925 0.0048620 0.0822596 0.972549 0.529412 0.003922
vn -0.2961632 -0.0027116 0.9551335
v -0.0101776 -0.0051535 0.0822176 0.972549 0.529412 0.003922
vn -0.1952662 -0.0020555 0.9807482
v -0.0101438 0.0048653 0.0822508 0.972549 0.529412 0.003922
vn -0.2460482 -0.0023868 0.9692547
v -0.0101947 0.0048695 0.0822393 0.972549 0.529412 0.003922
vn -0.3938508 -0.0033384 0.9191684
v -0.0102753 -0.0051613 0.0821816 0.972549 0.529412 0.003922
vn -0.2961632 -0.0027116 0.9551335
v -0.0102448 0.0048747 0.0822252 0.972549 0.529412 0.003922
vn -0.4872703 -0.0039291 0.8732424
v -0.0103686 -0.0051710 0.0821357 0.972549 0.529412 0.003922
vn -0.3938508 -0.0033384 0.9191684
v -0.0103426 0.0048879 0.0821893 0.972549 0.529412 0.003922
vn -0.5754095 -0.0044771 0.8178533
v -0.0104567 -0.0051825 0.0820803 0.972549 0.529412 0.003922
vn -0.4872703 -0.0039291 0.8732424
v -0.0104361 0.0049047 0.0821433 0.972549 0.529412 0.003922
vn -0.6573130 -0.0049766 0.7536013
v -0.0105385 -0.0051956 0.0820160 0.972549 0.529412 0.003922
vn -0.5754095 -0.0044771 0.8178533
v -0.0105244 0.0049250 0.0820880 0.972549 0.529412 0.003922
vn -0.7320933 -0.0054222 0.6811828
v -0.0106132 -0.0052102 0.0819436 0.972549 0.529412 0.003922
vn -0.6573130 -0.0049766 0.7536013
v -0.0106065 0.0049485 0.0820237 0.972549 0.529412 0.003922
vn -0.7989402 -0.0058090 0.6013824
v -0.0106800 -0.0052260 0.0818638 0.972549 0.529412 0.003922
vn -0.7320933 -0.0054222 0.6811828
v -0.0106814 0.0049750 0.0819513 0.972549 0.529412 0.003922
vn -0.8571292 -0.0061329 0.5150650
v -0.0107380 -0.0052431 0.0817774 0.972549 0.529412 0.003922
vn -0.7989402 -0.0058090 0.6013824
v -0.0107485 0.0050041 0.0818716 0.972549 0.529412 0.003922
vn -0.9060297 -0.0063903 0.4231660
v -0.0107868 -0.0052610 0.0816855 0.972549 0.529412 0.003922
vn -0.8571292 -0.0061329 0.5150650
v -0.0108069 0.0050357 0.0817853 0.972549 0.529412 0.003922
vn -0.9451117 -0.0065785 0.3266813
v -0.0108258 -0.0052798 0.0815890 0.972549 0.529412 0.003922
vn -0.9060297 -0.0063903 0.4231660
v -0.0108560 0.0050693 0.0816934 0.972549 0.529412 0.003922
vn -0.9739518 -0.0066954 0.2266563
v -0.0108545 -0.0052991 0.0814890 0.972549 0.529412 0.003922
vn -0.9451117 -0.0065785 0.3266813
v -0.0108953 0.0051045 0.0815969 0.972549 0.529412 0.003922
vn -0.9922374 -0.0067397 0.1241752
v -0.0108726 -0.0053188 0.0813865 0.972549 0.529412 0.003922
vn -0.9739518 -0.0066954 0.2266563
v -0.0109244 0.0051410 0.0814969 0.972549 0.529412 0.003922
vn -0.9997704 -0.0067110 0.0203484
v -0.0108800 -0.0053386 0.0812826 0.972549 0.529412 0.003922
vn -0.9922374 -0.0067397 0.1241752
v -0.0109429 0.0051784 0.0813945 0.972549 0.529412 0.003922
vn -0.9997704 -0.0067110 0.0203484
v -0.0109507 0.0052163 0.0812907 0.972549 0.529412 0.003922
vn 0.0006741 0.9393617 0.3429273
v -0.0102448 0.0048747 0.0822252 0.972549 0.529412 0.003922
vn 0.0006741 0.9393617 0.3429273
v -0.0105244 0.0049250 0.0820880 0.972549 0.529412 0.003922
vn 0.0006741 0.9393617 0.3429273
v -0.0104361 0.0049047 0.0821433 0.972549 0.529412 0.003922
vn 0.0006741 0.9393617 0.3429273
v -0.0106065 0.0049485 0.0820237 0.972549 0.529412 0.003922
vn 0.0006741 0.9393617 0.3429273
v -0.0106814 0.0049750 0.0819513 0.972549 0.529412 0.003922
vn 0.0006741 0.9393617 0.3429273
v -0.0107485 0.0050041 0.0818716 0.972549 0.529412 0.003922
vn 0.0006741 0.9393617 0.3429273
v -0.0109507 0.0052163 0.0812907 0.972549 0.529412 0.003922
vn 0.0006741 0.9393617 0.3429273
v -0.0098394 0.0048773 0.0822172 0.972549 0.529412 0.003922
vn 0.0006741 0.9393617 0.3429273
v -0.0097437 0.0048917 0.0821775 0.972549 0.529412 0.003922
vn 0.0006741 0.9393617 0.3429273
v -0.0108069 0.0050357 0.0817853 0.972549 0.529412 0.003922
vn 0.0006741 0.9393617 0.3429273
v -0.0096526 0.0049097 0.0821281 0.972549 0.529412 0.003922
vn 0.0006741 0.9393617 0.3429273
v -0.0108560 0.0050693 0.0816934 0.972549 0.529412 0.003922
vn 0.0006741 0.9393617 0.3429273
v -0.0095671 0.0049310 0.0820695 0.972549 0.529412 0.003922
vn 0.0006741 0.9393617 0.3429273
v -0.0108953 0.0051045 0.0815969 0.972549 0.529412 0.003922
vn 0.0006741 0.9393617 0.3429273
v -0.0094881 0.0049555 0.0820023 0.972549 0.529412 0.003922
vn 0.0006741 0.9393617 0.3429273
v -0.0100925 0.0048620 0.0822596 0.972549 0.529412 0.003922
vn 0.0006741 0.9393617 0.3429273
v -0.0100408 0.0048597 0.0822658 0.972549 0.529412 0.003922
vn 0.0006741 0.9393617 0.3429273
v -0.0109244 0.0051410 0.0814969 0.972549 0.529412 0.003922
vn 0.0006741 0.9393617 0.3429273
v -0.0094166 0.0049828 0.0819274 0.972549 0.529412 0.003922
vn 0.0006741 0.9393617 0.3429273
v -0.0101438 0.0048653 0.0822508 0.972549 0.529412 0.003922
vn 0.0006741 0.9393617 0.3429273
v -0.0109429 0.0051784 0.0813945 0.972549 0.529412 0.003922
vn 0.0006741 0.9393617 0.3429273
v -0.0093533 0.0050127 0.0818454 0.972549 0.529412 0.003922
vn 0.0006741 0.9393617 0.3429273
v -0.0101947 0.0048695 0.0822393 0.972549 0.529412 0.003922
vn 0.0006741 0.9393617 0.3429273
v -0.0092988 0.0050449 0.0817572 0.972549 0.529412 0.003922
vn 0.0006741 0.9393617 0.3429273
v -0.0099896 0.0048627 0.0822576 0.972549 0.529412 0.003922
vn 0.0006741 0.9393617 0.3429273
v -0.0103426 0.0048879 0.0821893 0.972549 0.529412 0.003922
vn 0.0006741 0.9393617 0.3429273
v -0.0092537 0.0050789 0.0816639 0.972549 0.529412 0.003922
vn 0.0006741 0.9393617 0.3429273
v -0.0124493 0.0292073 0.0155765 0.972549 0.529412 0.003922
vn 0.0006741 0.9393617 0.3429273
v 0.0050509 0.0223302 0.0343802 0.972549 0.529412 0.003922
vn 0.0006741 0.9393617 0.3429273
v 0.0060600 0.0238311 0.0302668 0.972549 0.529412 0.003922
vn 0.0006741 0.9393617 0.3429273
v -0.0098888 0.0048715 0.0822332 0.972549 0.529412 0.003922
vn 0.0006741 0.9393617 0.3429273
v -0.0099388 0.0048666 0.0822467 0.972549 0.529412 0.003922
vn 0.0006741 0.9393617 0.3429273
v 0.0066278 0.0253633 0.0260687 0.972549 0.529412 0.003922
vn 0.0006741 0.9393617 0.3429273
v -0.0092186 0.0051145 0.0815664 0.972549 0.529412 0.003922
vn 0.0006741 0.9393617 0.3429273
v 0.0067496 0.0268818 0.0219088 0.972549 0.529412 0.003922
vn 0.0006741 0.9393617 0.3429273
v 0.0065964 0.0293352 0.0151889 0.972549 0.529412 0.003922
vn 0.9997704 0.0067110 -0.0203484
v 0.0065216 0.0295316 0.0115796 0.972549 0.529412 0.003922
vn 0.9997704 0.0067110 -0.0203484
v 0.0064919 0.0287511 0.0098633 0.972549 0.529412 0.003922
vn 0.9997704 0.0067110 -0.0203484
v 0.0065010 0.0290808 0.0104206 0.972549 0.529412 0.003922
vn 0.9997704 0.0067110 -0.0203484
v 0.0064836 0.0283455 0.0093224 0.972549 0.529412 0.003922
vn 0.9997704 0.0067110 -0.0203484
v 0.0064763 0.0278571 0.0088009 0.972549 0.529412 0.003922
vn 0.9997704 0.0067110 -0.0203484
v 0.0064701 0.0272782 0.0083043 0.972549 0.529412 0.003922
vn 0.9997704 0.0067110 -0.0203484
v 0.0064652 0.0266007 0.0078409 0.972549 0.529412 0.003922
vn 0.9997704 0.0067110 -0.0203484
v 0.0064619 0.0258172 0.0074222 0.972549 0.529412 0.003922
vn 0.9997704 0.0067110 -0.0203484
v 0.0064720 0.0216204 0.0065341 0.972549 0.529412 0.003922
vn 0.9997704 0.0067110 -0.0203484
v 0.0065242 0.0295671 0.0117194 0.972549 0.529412 0.003922
vn 0.9997704 0.0067110 -0.0203484
v 0.0065358 0.0296780 0.0123254 0.972549 0.529412 0.003922
vn 0.9997704 0.0067110 -0.0203484
v 0.0064606 0.0249231 0.0070633 0.972549 0.529412 0.003922
vn 0.9997704 0.0067110 -0.0203484
v 0.0065482 0.0297228 0.0129485 0.972549 0.529412 0.003922
vn 0.9997704 0.0067110 -0.0203484
v 0.0064616 0.0239186 0.0067824 0.972549 0.529412 0.003922
vn 0.9997704 0.0067110 -0.0203484
v 0.0065614 0.0296988 0.0135901 0.972549 0.529412 0.003922
vn 0.9997704 0.0067110 -0.0203484
v 0.0064653 0.0228117 0.0065995 0.972549 0.529412 0.003922
vn 0.9997704 0.0067110 -0.0203484
v 0.0065755 0.0296011 0.0142515 0.972549 0.529412 0.003922
vn 0.9997704 0.0067110 -0.0203484
v 0.0065906 0.0294228 0.0149330 0.972549 0.529412 0.003922
vn 0.9997704 0.0067110 -0.0203484
v 0.0065109 0.0293398 0.0109928 0.972549 0.529412 0.003922
vn 0.9997704 0.0067110 -0.0203484
v 0.0065647 0.0077764 0.0065236 0.972549 0.529412 0.003922
vn 0.9997704 0.0067110 -0.0203484
v 0.0065964 0.0293352 0.0151889 0.972549 0.529412 0.003922
vn 0.9997704 0.0067110 -0.0203484
v 0.0067496 0.0268818 0.0219088 0.972549 0.529412 0.003922
vn 0.9997704 0.0067110 -0.0203484
v 0.0068776 0.0077668 0.0218942 0.972549 0.529412 0.003922
vn -0.0001861 0.9523677 0.3049520
v 0.0065906 0.0294228 0.0149330 0.972549 0.529412 0.003922
vn -0.0001861 0.9523677 0.3049520
v -0.0124550 0.0292950 0.0153207 0.972549 0.529412 0.003922
vn 0.0006741 0.9393617 0.3429273
v -0.0124493 0.0292073 0.0155765 0.972549 0.529412 0.003922
vn -0.0025176 0.9798983 0.1994818
v 0.0065755 0.0296011 0.0142515 0.972549 0.529412 0.003922
vn -0.0025176 0.9798983 0.1994818
v -0.0124701 0.0294732 0.0146391 0.972549 0.529412 0.003922
vn -0.0048191 0.9957805 0.0916404
v 0.0065614 0.0296988 0.0135901 0.972549 0.529412 0.003922
vn -0.0048191 0.9957805 0.0916404
v -0.0124842 0.0295709 0.0139778 0.972549 0.529412 0.003922
vn -0.0070633 0.9998255 -0.0172905
v 0.0065482 0.0297228 0.0129485 0.972549 0.529412 0.003922
vn -0.0070633 0.9998255 -0.0172905
v -0.0124975 0.0295950 0.0133362 0.972549 0.529412 0.003922
vn -0.0092236 0.9919854 -0.1260157
v 0.0065358 0.0296780 0.0123254 0.972549 0.529412 0.003922
vn -0.0092236 0.9919854 -0.1260157
v -0.0125098 0.0295501 0.0127131 0.972549 0.529412 0.003922
vn -0.0112742 0.9723531 -0.2332430
v 0.0065242 0.0295671 0.0117194 0.972549 0.529412 0.003922
vn -0.0112742 0.9723531 -0.2332430
v -0.0125214 0.0294392 0.0121070 0.972549 0.529412 0.003922
vn 0.0006741 0.9393617 0.3429273
v 0.0065964 0.0293352 0.0151889 0.972549 0.529412 0.003922
vn -0.0117364 0.9660659 -0.2580290
v 0.0065216 0.0295316 0.0115796 0.972549 0.529412 0.003922
vn -0.0117364 0.9660659 -0.2580290
v -0.0125240 0.0294038 0.0119672 0.972549 0.529412 0.003922
vn -0.0112742 0.9723531 -0.2332430
v -0.0125214 0.0294392 0.0121070 0.972549 0.529412 0.003922
vn -0.0136183 0.9322136 -0.3616523
v 0.0065109 0.0293398 0.0109928 0.972549 0.529412 0.003922
vn -0.0136183 0.9322136 -0.3616523
v -0.0125347 0.0292120 0.0113804 0.972549 0.529412 0.003922
vn -0.0153382 0.8872797 -0.4609766
v 0.0065010 0.0290808 0.0104206 0.972549 0.529412 0.003922
vn -0.0153382 0.8872797 -0.4609766
v -0.0125446 0.0289530 0.0108083 0.972549 0.529412 0.003922
vn -0.0168758 0.8317985 -0.5548211
v 0.0064919 0.0287511 0.0098633 0.972549 0.529412 0.003922
vn -0.0168758 0.8317985 -0.5548211
v -0.0125537 0.0286233 0.0102510 0.972549 0.529412 0.003922
vn -0.0182128 0.7664294 -0.6420703
v 0.0064836 0.0283455 0.0093224 0.972549 0.529412 0.003922
vn -0.0182128 0.7664294 -0.6420703
v -0.0125620 0.0282176 0.0097100 0.972549 0.529412 0.003922
vn -0.0193333 0.6919495 -0.7216870
v 0.0064763 0.0278571 0.0088009 0.972549 0.529412 0.003922
vn -0.0193333 0.6919495 -0.7216870
v -0.0125693 0.0277292 0.0091885 0.972549 0.529412 0.003922
vn -0.0202239 0.6092442 -0.7927247
v 0.0064701 0.0272782 0.0083043 0.972549 0.529412 0.003922
vn -0.0202239 0.6092442 -0.7927247
v -0.0125756 0.0271504 0.0086920 0.972549 0.529412 0.003922
vn -0.0208742 0.5192966 -0.8543391
v 0.0064652 0.0266007 0.0078409 0.972549 0.529412 0.003922
vn -0.0208742 0.5192966 -0.8543391
v -0.0125805 0.0264729 0.0082286 0.972549 0.529412 0.003922
vn -0.0212763 0.4231760 -0.9057977
v 0.0064619 0.0258172 0.0074222 0.972549 0.529412 0.003922
vn -0.0212763 0.4231760 -0.9057977
v -0.0125837 0.0256894 0.0078099 0.972549 0.529412 0.003922
vn -0.0214255 0.3220249 -0.9464887
v 0.0064606 0.0249231 0.0070633 0.972549 0.529412 0.003922
vn -0.0214255 0.3220249 -0.9464887
v -0.0125850 0.0247952 0.0074509 0.972549 0.529412 0.003922
vn -0.0213200 0.2170459 -0.9759286
v 0.0064616 0.0239186 0.0067824 0.972549 0.529412 0.003922
vn -0.0213200 0.2170459 -0.9759286
v -0.0125840 0.0237907 0.0071700 0.972549 0.529412 0.003922
vn -0.0209611 0.1094867 -0.9937673
v 0.0064653 0.0228117 0.0065995 0.972549 0.529412 0.003922
vn -0.0209611 0.1094867 -0.9937673
v -0.0125803 0.0226838 0.0069871 0.972549 0.529412 0.003922
vn -0.0203530 0.0006260 -0.9997927
v 0.0064720 0.0216204 0.0065341 0.972549 0.529412 0.003922
vn -0.0203530 0.0006260 -0.9997927
v -0.0125736 0.0214926 0.0069218 0.972549 0.529412 0.003922
vn -0.0112742 0.9723531 -0.2332430
v 0.0065242 0.0295671 0.0117194 0.972549 0.529412 0.003922
vn -0.0203530 0.0006260 -0.9997927
v 0.0065711 -0.0074300 0.0065139 0.972549 0.529412 0.003922
vn -0.0203530 0.0006260 -0.9997927
v 0.0066239 -0.0075202 0.0065128 0.972549 0.529412 0.003922
vn -0.0203530 0.0006260 -0.9997927
v 0.0066430 -0.0075689 0.0065124 0.972549 0.529412 0.003922
vn -0.0203530 0.0006260 -0.9997927
v 0.0066685 -0.0077232 0.0065118 0.972549 0.529412 0.003922
vn -0.0203530 0.0006260 -0.9997927
v 0.0065006 -0.0073528 0.0065154 0.972549 0.529412 0.003922
vn -0.0203530 0.0006260 -0.9997927
v 0.0065379 -0.0073895 0.0065146 0.972549 0.529412 0.003922
vn -0.0203530 0.0006260 -0.9997927
v 0.0063199 -0.0072500 0.0065192 0.972549 0.529412 0.003922
vn -0.0203530 0.0006260 -0.9997927
v 0.0063689 -0.0072685 0.0065182 0.972549 0.529412 0.003922
vn -0.0203530 0.0006260 -0.9997927
v 0.0066569 -0.0076193 0.0065121 0.972549 0.529412 0.003922
vn -0.0203530 0.0006260 -0.9997927
v 0.0066654 -0.0076710 0.0065119 0.972549 0.529412 0.003922
vn -0.0203530 0.0006260 -0.9997927
v 0.0065999 -0.0074737 0.0065133 0.972549 0.529412 0.003922
vn -0.0203530 0.0006260 -0.9997927
v 0.0064598 -0.0073201 0.0065163 0.972549 0.529412 0.003922
vn -0.0203530 0.0006260 -0.9997927
v 0.0064157 -0.0072919 0.0065172 0.972549 0.529412 0.003922
vn -0.0203530 0.0006260 -0.9997927
v 0.0065623 0.0077241 0.0065236 0.972549 0.529412 0.003922
vn -0.0203530 0.0006260 -0.9997927
v 0.0064712 0.0074819 0.0065253 0.972549 0.529412 0.003922
vn -0.0203530 0.0006260 -0.9997927
v 0.0064386 0.0074410 0.0065259 0.972549 0.529412 0.003922
vn -0.0203530 0.0006260 -0.9997927
v 0.0065413 0.0076218 0.0065240 0.972549 0.529412 0.003922
vn -0.0203530 0.0006260 -0.9997927
v 0.0065229 0.0075728 0.0065243 0.972549 0.529412 0.003922
vn -0.0203530 0.0006260 -0.9997927
v 0.0063177 0.0073417 0.0065283 0.972549 0.529412 0.003922
vn -0.0203530 0.0006260 -0.9997927
v 0.0062712 0.0073177 0.0065293 0.972549 0.529412 0.003922
vn -0.0203530 0.0006260 -0.9997927
v 0.0064018 0.0074037 0.0065267 0.972549 0.529412 0.003922
vn -0.0203530 0.0006260 -0.9997927
v 0.0063614 0.0073705 0.0065275 0.972549 0.529412 0.003922
vn -0.0203530 0.0006260 -0.9997927
v 0.0064994 0.0075260 0.0065248 0.972549 0.529412 0.003922
vn -0.0203530 0.0006260 -0.9997927
v 0.0065545 0.0076724 0.0065237 0.972549 0.529412 0.003922
vn -0.0203530 0.0006260 -0.9997927
v 0.0062176 -0.0072290 0.0065213 0.972549 0.529412 0.003922
vn -0.0203530 0.0006260 -0.9997927
v 0.0062693 -0.0072368 0.0065202 0.972549 0.529412 0.003922
vn -0.0203530 0.0006260 -0.9997927
v 0.0065647 0.0077764 0.0065236 0.972549 0.529412 0.003922
vn -0.0203530 0.0006260 -0.9997927
v 0.0062225 0.0072986 0.0065303 0.972549 0.529412 0.003922
vn -0.0203530 0.0006260 -0.9997927
v 0.0061720 0.0072847 0.0065313 0.972549 0.529412 0.003922
vn -0.0203530 0.0006260 -0.9997927
v 0.0061653 -0.0072266 0.0065223 0.972549 0.529412 0.003922
vn -0.0203530 0.0006260 -0.9997927
v 0.0061204 0.0072762 0.0065323 0.972549 0.529412 0.003922
vn -0.0203530 0.0006260 -0.9997927
v 0.0067127 -0.0143172 0.0065067 0.972549 0.529412 0.003922
vn -0.0203530 0.0006260 -0.9997927
v -0.0123329 -0.0144451 0.0068944 0.972549 0.529412 0.003922
vn -0.0203530 0.0006260 -0.9997927
v -0.0010830 -0.0072752 0.0066699 0.972549 0.529412 0.003922
vn -0.0203530 0.0006260 -0.9997927
v -0.0125736 0.0214926 0.0069218 0.972549 0.529412 0.003922
vn -0.0203530 0.0006260 -0.9997927
v -0.0011801 0.0072244 0.0066809 0.972549 0.529412 0.003922
vn -0.0203530 0.0006260 -0.9997927
v 0.0064720 0.0216204 0.0065341 0.972549 0.529412 0.003922
vn -0.0203530 0.0006260 -0.9997927
v 0.0060682 0.0072731 0.0065334 0.972549 0.529412 0.003922
vn 0.0103947 -0.9823554 0.1867346
v -0.0098718 -0.0051461 0.0822391 0.972549 0.529412 0.003922
vn 0.0103947 -0.9823554 0.1867346
v -0.0099738 -0.0051436 0.0822582 0.972549 0.529412 0.003922
vn 0.0103947 -0.9823554 0.1867346
v -0.0100768 -0.0051475 0.0822432 0.972549 0.529412 0.003922
vn 0.0103947 -0.9823554 0.1867346
v -0.0101776 -0.0051535 0.0822176 0.972549 0.529412 0.003922
vn 0.0103947 -0.9823554 0.1867346
v -0.0102753 -0.0051613 0.0821816 0.972549 0.529412 0.003922
vn 0.0103947 -0.9823554 0.1867346
v -0.0097723 -0.0051507 0.0822095 0.972549 0.529412 0.003922
vn 0.0103947 -0.9823554 0.1867346
v -0.0103686 -0.0051710 0.0821357 0.972549 0.529412 0.003922
vn 0.0103947 -0.9823554 0.1867346
v -0.0096764 -0.0051572 0.0821698 0.972549 0.529412 0.003922
vn 0.0103947 -0.9823554 0.1867346
v -0.0104567 -0.0051825 0.0820803 0.972549 0.529412 0.003922
vn 0.0103947 -0.9823554 0.1867346
v -0.0095851 -0.0051657 0.0821204 0.972549 0.529412 0.003922
vn 0.0103947 -0.9823554 0.1867346
v -0.0094994 -0.0051759 0.0820618 0.972549 0.529412 0.003922
vn 0.0103947 -0.9823554 0.1867346
v -0.0105385 -0.0051956 0.0820160 0.972549 0.529412 0.003922
vn 0.0103947 -0.9823554 0.1867346
v -0.0094202 -0.0051878 0.0819946 0.972549 0.529412 0.003922
vn 0.0103947 -0.9823554 0.1867346
v -0.0106132 -0.0052102 0.0819436 0.972549 0.529412 0.003922
vn 0.0103947 -0.9823554 0.1867346
v -0.0093484 -0.0052013 0.0819196 0.972549 0.529412 0.003922
vn 0.0103947 -0.9823554 0.1867346
v -0.0106800 -0.0052260 0.0818638 0.972549 0.529412 0.003922
vn 0.0103947 -0.9823554 0.1867346
v -0.0092848 -0.0052162 0.0818376 0.972549 0.529412 0.003922
vn 0.0103947 -0.9823554 0.1867346
v -0.0107380 -0.0052431 0.0817774 0.972549 0.529412 0.003922
vn 0.0103947 -0.9823554 0.1867346
v -0.0092299 -0.0052324 0.0817494 0.972549 0.529412 0.003922
vn 0.0103947 -0.9823554 0.1867346
v -0.0107868 -0.0052610 0.0816855 0.972549 0.529412 0.003922
vn 0.0103947 -0.9823554 0.1867346
v -0.0108258 -0.0052798 0.0815890 0.972549 0.529412 0.003922
vn 0.0103947 -0.9823554 0.1867346
v -0.0091846 -0.0052497 0.0816560 0.972549 0.529412 0.003922
vn 0.0103947 -0.9823554 0.1867346
v -0.0108545 -0.0052991 0.0814890 0.972549 0.529412 0.003922
vn 0.0103947 -0.9823554 0.1867346
v -0.0091491 -0.0052679 0.0815584 0.972549 0.529412 0.003922
vn 0.0103947 -0.9823554 0.1867346
v 0.0052948 -0.0140884 0.0343525 0.972549 0.529412 0.003922
vn 0.0103947 -0.9823554 0.1867346
v -0.0108800 -0.0053386 0.0812826 0.972549 0.529412 0.003922
vn 0.0103947 -0.9823554 0.1867346
v -0.0118524 -0.0150388 0.0303068 0.972549 0.529412 0.003922
vn 0.0103947 -0.9823554 0.1867346
v 0.0063762 -0.0149165 0.0299358 0.972549 0.529412 0.003922
vn 0.0103947 -0.9823554 0.1867346
v 0.0063143 -0.0148551 0.0302622 0.972549 0.529412 0.003922
vn 0.0103947 -0.9823554 0.1867346
v -0.0108726 -0.0053188 0.0813865 0.972549 0.529412 0.003922
vn 0.9819024 0.0064315 0.1892788
v 0.0062654 -0.0077440 0.0302673 0.972549 0.529412 0.003922
vn 0.9565437 0.0061837 0.2915233
v 0.0052524 -0.0077539 0.0343573 0.972549 0.529412 0.003922
vn 0.9565437 0.0061837 0.2915233
v 0.0052948 -0.0140884 0.0343525 0.972549 0.529412 0.003922
vn 0.9963647 0.0066079 0.0849340
v 0.0068426 -0.0077370 0.0260935 0.972549 0.529412 0.003922
vn 0.9820215 0.0064328 0.1886596
v 0.0062715 -0.0077440 0.0302427 0.972549 0.529412 0.003922
vn 0.9834392 0.0064480 0.1811238
v 0.0063762 -0.0149165 0.0299358 0.972549 0.529412 0.003922
vn 0.9819020 0.0064315 0.1892806
v 0.0063143 -0.0148551 0.0302622 0.972549 0.529412 0.003922
vn 0.9875960 0.0064943 0.1568823
v 0.0065441 -0.0151493 0.0289660 0.972549 0.529412 0.003922
vn 0.9910465 0.0065354 0.1333574
v 0.0066843 -0.0154772 0.0280247 0.972549 0.529412 0.003922
vn 0.9938232 0.0065712 0.1107803
v 0.0067982 -0.0158968 0.0271213 0.972549 0.529412 0.003922
vn 0.9959764 0.0066019 0.0893724
v 0.0068877 -0.0164039 0.0262646 0.972549 0.529412 0.003922
vn 0.9997704 0.0067110 -0.0203483
v 0.0069814 -0.0077328 0.0218824 0.972549 0.529412 0.003922
vn 0.9975708 0.0066279 0.0693439
v 0.0069554 -0.0169936 0.0254631 0.972549 0.529412 0.003922
vn 0.9986821 0.0066494 0.0508906
v 0.0070044 -0.0176599 0.0247244 0.972549 0.529412 0.003922
vn 0.9964710 0.0066096 0.0836772
v 0.0068495 -0.0077369 0.0260434 0.972549 0.529412 0.003922
vn 0.9963644 0.0066079 0.0849376
v 0.0069027 -0.0165346 0.0260870 0.972549 0.529412 0.003922
vn 0.9997704 0.0067110 -0.0203483
v 0.0070670 -0.0205054 0.0218727 0.972549 0.529412 0.003922
vn 0.9997704 0.0067110 -0.0203484
v 0.0069291 -0.0240407 0.0139324 0.972549 0.529412 0.003922
vn 0.9997704 0.0067110 -0.0203484
v 0.0069173 -0.0239573 0.0133799 0.972549 0.529412 0.003922
vn 0.9997704 0.0067110 -0.0203484
v 0.0069045 -0.0238085 0.0128016 0.972549 0.529412 0.003922
vn 0.9997704 0.0067110 -0.0203484
v 0.0068912 -0.0235923 0.0122163 0.972549 0.529412 0.003922
vn 0.9997704 0.0067110 -0.0203484
v 0.0068771 -0.0233041 0.0116221 0.972549 0.529412 0.003922
vn 0.9997704 0.0067110 -0.0203484
v 0.0069415 -0.0240719 0.0145338 0.972549 0.529412 0.003922
vn 0.9997704 0.0067110 -0.0203484
v 0.0070032 -0.0233665 0.0177955 0.972549 0.529412 0.003922
vn 0.9997704 0.0067110 -0.0203484
v 0.0069846 -0.0237340 0.0167619 0.972549 0.529412 0.003922
vn 0.9997704 0.0067110 -0.0203484
v 0.0069548 -0.0240417 0.0151970 0.972549 0.529412 0.003922
vn 0.9997704 0.0067110 -0.0203484
v 0.0070205 -0.0228874 0.0188049 0.972549 0.529412 0.003922
vn 0.9997704 0.0067110 -0.0203484
v 0.0070378 -0.0222481 0.0198658 0.972549 0.529412 0.003922
vn 0.9997704 0.0067110 -0.0203484
v 0.0068279 -0.0218351 0.0096883 0.972549 0.529412 0.003922
vn 0.9997704 0.0067110 -0.0203484
v 0.0068094 -0.0210993 0.0090219 0.972549 0.529412 0.003922
vn 0.9997704 0.0067110 -0.0203484
v 0.0069692 -0.0239356 0.0159357 0.972549 0.529412 0.003922
vn 0.9997704 0.0067110 -0.0203484
v 0.0070584 -0.0211356 0.0212417 0.972549 0.529412 0.003922
vn 0.9997704 0.0067110 -0.0203484
v 0.0067601 -0.0185415 0.0074446 0.972549 0.529412 0.003922
vn 0.9997704 0.0067110 -0.0203484
v 0.0067439 -0.0174274 0.0070156 0.972549 0.529412 0.003922
vn 0.9997704 0.0067110 -0.0203484
v 0.0068455 -0.0224400 0.0103527 0.972549 0.529412 0.003922
vn 0.9997704 0.0067110 -0.0203484
v 0.0067782 -0.0195967 0.0079832 0.972549 0.529412 0.003922
vn 0.9997704 0.0067110 -0.0203484
v 0.0068619 -0.0229248 0.0109999 0.972549 0.529412 0.003922
vn 0.9997704 0.0067110 -0.0203484
v 0.0067303 -0.0163008 0.0067154 0.972549 0.529412 0.003922
vn 0.9997704 0.0067110 -0.0203484
v 0.0067206 -0.0153303 0.0065617 0.972549 0.529412 0.003922
vn 0.9997704 0.0067110 -0.0203484
v 0.0067905 -0.0202306 0.0083775 0.972549 0.529412 0.003922
vn 0.9997704 0.0067110 -0.0203484
v 0.0070497 -0.0216772 0.0206370 0.972549 0.529412 0.003922
vn 0.9997704 0.0067110 -0.0203484
v 0.0067127 -0.0143172 0.0065067 0.972549 0.529412 0.003922
vn 0.9997704 0.0067110 -0.0203484
v 0.0066685 -0.0077232 0.0065118 0.972549 0.529412 0.003922
vn 0.9997704 0.0067110 -0.0203484
v 0.0069814 -0.0077328 0.0218824 0.972549 0.529412 0.003922
vn 0.9997704 0.0067110 -0.0203484
v 0.0070670 -0.0205054 0.0218727 0.972549 0.529412 0.003922
vn 0.0191272 -0.7075332 0.7064213
v -0.0119873 -0.0212635 0.0216294 0.972549 0.529412 0.003922
vn 0.0191272 -0.7075332 0.7064213
v 0.0070670 -0.0205054 0.0218727 0.972549 0.529412 0.003922
vn 0.0191272 -0.7075332 0.7064213
v 0.0070044 -0.0176599 0.0247244 0.972549 0.529412 0.003922
vn 0.0191272 -0.7075332 0.7064213
v 0.0070584 -0.0211356 0.0212417 0.972549 0.529412 0.003922
vn 0.0191272 -0.7075332 0.7064213
v -0.0119398 -0.0177870 0.0251100 0.972549 0.529412 0.003922
vn 0.0191272 -0.7075334 0.7064210
v -0.0119398 -0.0177870 0.0251100 0.972549 0.529412 0.003922
vn 0.0191272 -0.7075334 0.7064210
v 0.0070044 -0.0176599 0.0247244 0.972549 0.529412 0.003922
vn 0.0180738 -0.7742040 0.6326781
v 0.0069554 -0.0169936 0.0254631 0.972549 0.529412 0.003922
vn 0.0180738 -0.7742040 0.6326781
v -0.0119292 -0.0171203 0.0258474 0.972549 0.529412 0.003922
vn 0.0171294 -0.8208452 0.5708937
v 0.0069027 -0.0165346 0.0260870 0.972549 0.529412 0.003922
vn 0.0168418 -0.8332223 0.5526816
v 0.0068877 -0.0164039 0.0262646 0.972549 0.529412 0.003922
vn 0.0168418 -0.8332223 0.5526816
v -0.0119169 -0.0165302 0.0266474 0.972549 0.529412 0.003922
vn 0.0154433 -0.8840050 0.4672225
v 0.0067982 -0.0158968 0.0271213 0.972549 0.529412 0.003922
vn 0.0154433 -0.8840050 0.4672225
v -0.0119029 -0.0160223 0.0275020 0.972549 0.529412 0.003922
vn 0.0138922 -0.9260499 0.3771452
v 0.0066843 -0.0154772 0.0280247 0.972549 0.529412 0.003922
vn 0.0138922 -0.9260499 0.3771452
v -0.0118874 -0.0156019 0.0284027 0.972549 0.529412 0.003922
vn 0.0122038 -0.9589418 0.2833402
v 0.0065441 -0.0151493 0.0289660 0.972549 0.529412 0.003922
vn 0.0122038 -0.9589418 0.2833402
v -0.0118705 -0.0152730 0.0293408 0.972549 0.529412 0.003922
vn 0.0103947 -0.9823554 0.1867346
v 0.0063762 -0.0149165 0.0299358 0.972549 0.529412 0.003922
vn 0.0103947 -0.9823554 0.1867346
v -0.0118524 -0.0150388 0.0303068 0.972549 0.529412 0.003922
vn -0.0195082 -0.1076583 -0.9939966
v 0.0067206 -0.0153303 0.0065617 0.972549 0.529412 0.003922
vn -0.0195082 -0.1076583 -0.9939966
v -0.0123250 -0.0154582 0.0069493 0.972549 0.529412 0.003922
vn -0.0203530 0.0006260 -0.9997927
v -0.0123329 -0.0144451 0.0068944 0.972549 0.529412 0.003922
vn -0.0185500 -0.2041953 -0.9787544
v 0.0067303 -0.0163008 0.0067154 0.972549 0.529412 0.003922
vn -0.0185500 -0.2041953 -0.9787544
v -0.0123154 -0.0164286 0.0071031 0.972549 0.529412 0.003922
vn -0.0172764 -0.3092428 -0.9508262
v -0.0123017 -0.0175552 0.0074033 0.972549 0.529412 0.003922
vn -0.0172764 -0.3092428 -0.9508262
v 0.0067439 -0.0174274 0.0070156 0.972549 0.529412 0.003922
vn -0.0158376 -0.4081813 -0.9127635
v 0.0067601 -0.0185415 0.0074446 0.972549 0.529412 0.003922
vn -0.0142647 -0.5001569 -0.8658172
v -0.0122675 -0.0197245 0.0083709 0.972549 0.529412 0.003922
vn -0.0158376 -0.4081813 -0.9127635
v -0.0122855 -0.0186693 0.0078323 0.972549 0.529412 0.003922
vn -0.0142647 -0.5001569 -0.8658172
v 0.0067782 -0.0195967 0.0079832 0.972549 0.529412 0.003922
vn -0.0131833 -0.5559745 -0.8310948
v 0.0067905 -0.0202306 0.0083775 0.972549 0.529412 0.003922
vn -0.0114547 -0.6351749 -0.7722834
v 0.0068094 -0.0210993 0.0090219 0.972549 0.529412 0.003922
vn -0.0114547 -0.6351749 -0.7722834
v -0.0122362 -0.0212271 0.0094096 0.972549 0.529412 0.003922
vn -0.0131833 -0.5559745 -0.8310948
v -0.0122552 -0.0203584 0.0087651 0.972549 0.529412 0.003922
vn -0.0096482 -0.7069490 -0.7071987
v 0.0068279 -0.0218351 0.0096883 0.972549 0.529412 0.003922
vn -0.0077720 -0.7714188 -0.6362803
v -0.0122001 -0.0225678 0.0107403 0.972549 0.529412 0.003922
vn -0.0096482 -0.7069490 -0.7071987
v -0.0122177 -0.0219629 0.0100759 0.972549 0.529412 0.003922
vn -0.0058332 -0.8285614 -0.5598678
v 0.0068619 -0.0229248 0.0109999 0.972549 0.529412 0.003922
vn -0.0058332 -0.8285614 -0.5598678
v -0.0121837 -0.0230527 0.0113875 0.972549 0.529412 0.003922
vn -0.0038398 -0.8781918 -0.4782933
v -0.0121685 -0.0234319 0.0120098 0.972549 0.529412 0.003922
vn -0.0038398 -0.8781918 -0.4782933
v 0.0068771 -0.0233041 0.0116221 0.972549 0.529412 0.003922
vn -0.0018039 -0.9199489 -0.3920341
v 0.0068912 -0.0235923 0.0122163 0.972549 0.529412 0.003922
vn 0.0003298 -0.9543913 -0.2985585
v -0.0121411 -0.0239363 0.0131892 0.972549 0.529412 0.003922
vn -0.0018039 -0.9199489 -0.3920341
v -0.0121545 -0.0237201 0.0126039 0.972549 0.529412 0.003922
vn 0.0025512 -0.9802127 -0.1979307
v 0.0069173 -0.0239573 0.0133799 0.972549 0.529412 0.003922
vn 0.0025512 -0.9802127 -0.1979307
v -0.0121283 -0.0240851 0.0137675 0.972549 0.529412 0.003922
vn 0.0046158 -0.9948435 -0.1013170
v 0.0069291 -0.0240407 0.0139324 0.972549 0.529412 0.003922
vn 0.0066293 -0.9999697 -0.0040787
v 0.0069415 -0.0240719 0.0145338 0.972549 0.529412 0.003922
vn 0.0066293 -0.9999697 -0.0040787
v -0.0121041 -0.0241998 0.0149215 0.972549 0.529412 0.003922
vn 0.0046158 -0.9948435 -0.1013170
v -0.0121165 -0.0241685 0.0143201 0.972549 0.529412 0.003922
vn 0.0085742 -0.9956380 0.0929058
v 0.0069548 -0.0240417 0.0151970 0.972549 0.529412 0.003922
vn 0.0085742 -0.9956380 0.0929058
v -0.0120908 -0.0241695 0.0155846 0.972549 0.529412 0.003922
vn 0.0104321 -0.9819809 0.1886920
v -0.0120765 -0.0240634 0.0163233 0.972549 0.529412 0.003922
vn 0.0104321 -0.9819809 0.1886920
v 0.0069692 -0.0239356 0.0159357 0.972549 0.529412 0.003922
vn 0.0121855 -0.9592349 0.2823474
v 0.0069846 -0.0237340 0.0167619 0.972549 0.529412 0.003922
vn 0.0140064 -0.9233773 0.3836382
v 0.0070032 -0.0233665 0.0177955 0.972549 0.529412 0.003922
vn 0.0140064 -0.9233773 0.3836382
v -0.0120424 -0.0234943 0.0181832 0.972549 0.529412 0.003922
vn 0.0121855 -0.9592349 0.2823474
v -0.0120610 -0.0238618 0.0171495 0.972549 0.529412 0.003922
vn 0.0155099 -0.8818963 0.4711882
v -0.0120251 -0.0230152 0.0191925 0.972549 0.529412 0.003922
vn 0.0169505 -0.8286315 0.5595378
v -0.0120078 -0.0223759 0.0202534 0.972549 0.529412 0.003922
vn 0.0155099 -0.8818963 0.4711882
v 0.0070205 -0.0228874 0.0188049 0.972549 0.529412 0.003922
vn 0.0169505 -0.8286315 0.5595378
v 0.0070378 -0.0222481 0.0198658 0.972549 0.529412 0.003922
vn 0.0180476 -0.7756408 0.6309165
v 0.0070497 -0.0216772 0.0206370 0.972549 0.529412 0.003922
vn 0.0191272 -0.7075332 0.7064213
v 0.0070584 -0.0211356 0.0212417 0.972549 0.529412 0.003922
vn 0.0191272 -0.7075332 0.7064213
v -0.0119873 -0.0212635 0.0216294 0.972549 0.529412 0.003922
vn 0.0180476 -0.7756408 0.6309165
v -0.0119959 -0.0218050 0.0210247 0.972549 0.529412 0.003922
vn 0.0003298 -0.9543913 -0.2985585
v 0.0069045 -0.0238085 0.0128016 0.972549 0.529412 0.003922
vn -0.0077720 -0.7714188 -0.6362803
v 0.0068455 -0.0224400 0.0103527 0.972549 0.529412 0.003922
vn -0.0203530 0.0006260 -0.9997927
v 0.0067127 -0.0143172 0.0065067 0.972549 0.529412 0.003922
vn -0.9997704 -0.0067110 0.0203484
v -0.0098639 0.0015009 0.0106049 0.972549 0.529412 0.003922
vn -0.9997704 -0.0067110 0.0203484
v -0.0098337 0.0004553 0.0117428 0.972549 0.529412 0.003922
vn -0.9997704 -0.0067110 0.0203484
v -0.0098335 0.0006262 0.0118111 0.972549 0.529412 0.003922
vn -0.9997704 -0.0067110 0.0203484
v -0.0098426 -0.0016745 0.0106025 0.972549 0.529412 0.003922
vn -0.9997704 -0.0067110 0.0203484
v -0.0098211 -0.0009640 0.0118961 0.972549 0.529412 0.003922
vn -0.9997704 -0.0067110 0.0203484
v -0.0098239 -0.0008014 0.0118100 0.972549 0.529412 0.003922
vn -0.9997704 -0.0067110 0.0203484
v -0.0098335 0.0002779 0.0116935 0.972549 0.529412 0.003922
vn -0.9997704 -0.0067110 0.0203484
v -0.0098264 -0.0006303 0.0117420 0.972549 0.529412 0.003922
vn -0.9997704 -0.0067110 0.0203484
v -0.0097760 -0.0032639 0.0133507 0.972549 0.529412 0.003922
vn -0.9997704 -0.0067110 0.0203484
v -0.0097710 -0.0015910 0.0141481 0.972549 0.529412 0.003922
vn -0.9997704 -0.0067110 0.0203484
v -0.0097739 -0.0016682 0.0139810 0.972549 0.529412 0.003922
vn -0.9997704 -0.0067110 0.0203484
v -0.0097307 -0.0016779 0.0161013 0.972549 0.529412 0.003922
vn -0.9997704 -0.0067110 0.0203484
v -0.0097611 -0.0008033 0.0148951 0.972549 0.529412 0.003922
vn -0.9997704 -0.0067110 0.0203484
v -0.0097618 -0.0009659 0.0148088 0.972549 0.529412 0.003922
vn -0.9997704 -0.0067110 0.0203484
v -0.0098329 0.0000963 0.0116636 0.972549 0.529412 0.003922
vn -0.9997704 -0.0067110 0.0203484
v -0.0098319 -0.0000875 0.0116535 0.972549 0.529412 0.003922
vn -0.9997704 -0.0067110 0.0203484
v -0.0098286 -0.0004529 0.0116929 0.972549 0.529412 0.003922
vn -0.9997704 -0.0067110 0.0203484
v -0.0098034 -0.0015900 0.0125558 0.972549 0.529412 0.003922
vn -0.9997704 -0.0067110 0.0203484
v -0.0097771 -0.0017268 0.0138066 0.972549 0.529412 0.003922
vn -0.9997704 -0.0067110 0.0203484
v -0.0097684 -0.0014962 0.0143058 0.972549 0.529412 0.003922
vn -0.9997704 -0.0067110 0.0203484
v -0.0097628 -0.0011182 0.0147054 0.972549 0.529412 0.003922
vn -0.9997704 -0.0067110 0.0203484
v -0.0098304 -0.0002713 0.0116633 0.972549 0.529412 0.003922
vn -0.9997704 -0.0067110 0.0203484
v -0.0097995 -0.0016674 0.0127228 0.972549 0.529412 0.003922
vn -0.9997704 -0.0067110 0.0203484
v -0.0097804 -0.0017663 0.0136268 0.972549 0.529412 0.003922
vn -0.9997704 -0.0067110 0.0203484
v -0.0097840 -0.0017861 0.0134438 0.972549 0.529412 0.003922
vn -0.9997704 -0.0067110 0.0203484
v -0.0097643 -0.0012584 0.0145861 0.972549 0.529412 0.003922
vn -0.9997704 -0.0067110 0.0203484
v -0.0097662 -0.0013849 0.0144524 0.972549 0.529412 0.003922
vn -0.9997704 -0.0067110 0.0203484
v -0.0097609 -0.0006323 0.0149634 0.972549 0.529412 0.003922
vn -0.9997704 -0.0067110 0.0203484
v -0.0097519 0.0014974 0.0161037 0.972549 0.529412 0.003922
vn -0.9997704 -0.0067110 0.0203484
v -0.0097800 0.0010797 0.0145879 0.972549 0.529412 0.003922
vn -0.9997704 -0.0067110 0.0203484
v -0.0097766 0.0009394 0.0147070 0.972549 0.529412 0.003922
vn -0.9997704 -0.0067110 0.0203484
v -0.0098146 -0.0012568 0.0121183 0.972549 0.529412 0.003922
vn -0.9997704 -0.0067110 0.0203484
v -0.0098179 -0.0011165 0.0119992 0.972549 0.529412 0.003922
vn -0.9997704 -0.0067110 0.0203484
v -0.0097956 -0.0017262 0.0128971 0.972549 0.529412 0.003922
vn -0.9997704 -0.0067110 0.0203484
v -0.0097878 -0.0017859 0.0132598 0.972549 0.529412 0.003922
vn -0.9997704 -0.0067110 0.0203484
v -0.0097916 -0.0017659 0.0130768 0.972549 0.529412 0.003922
vn -0.9997704 -0.0067110 0.0203484
v -0.0097681 0.0004533 0.0149642 0.972549 0.529412 0.003922
vn -0.9997704 -0.0067110 0.0203484
v -0.0097659 0.0002759 0.0150133 0.972549 0.529412 0.003922
vn -0.9997704 -0.0067110 0.0203484
v -0.0097735 0.0007870 0.0148101 0.972549 0.529412 0.003922
vn -0.9997704 -0.0067110 0.0203484
v -0.0098328 0.0007888 0.0118974 0.972549 0.529412 0.003922
vn -0.9997704 -0.0067110 0.0203484
v -0.0098317 0.0009411 0.0120008 0.972549 0.529412 0.003922
vn -0.9997704 -0.0067110 0.0203484
v -0.0097617 -0.0002734 0.0150426 0.972549 0.529412 0.003922
vn -0.9997704 -0.0067110 0.0203484
v -0.0097610 -0.0004550 0.0150127 0.972549 0.529412 0.003922
vn -0.9997704 -0.0067110 0.0203484
v -0.0097627 -0.0000896 0.0150527 0.972549 0.529412 0.003922
vn -0.9997704 -0.0067110 0.0203484
v -0.0097641 0.0000942 0.0150429 0.972549 0.529412 0.003922
vn -0.9997704 -0.0067110 0.0203484
v -0.0097707 0.0006243 0.0148962 0.972549 0.529412 0.003922
vn -0.9997704 -0.0067110 0.0203484
v -0.0098185 0.0030868 0.0133555 0.972549 0.529412 0.003922
vn -0.9997704 -0.0067110 0.0203484
v -0.0098029 0.0015889 0.0136294 0.972549 0.529412 0.003922
vn -0.9997704 -0.0067110 0.0203484
v -0.0097990 0.0015492 0.0138091 0.972549 0.529412 0.003922
vn -0.9997704 -0.0067110 0.0203484
v -0.0098073 -0.0014950 0.0123982 0.972549 0.529412 0.003922
vn -0.9997704 -0.0067110 0.0203484
v -0.0098110 -0.0013835 0.0122518 0.972549 0.529412 0.003922
vn -0.9997704 -0.0067110 0.0203484
v -0.0097873 0.0013179 0.0143080 0.972549 0.529412 0.003922
vn -0.9997704 -0.0067110 0.0203484
v -0.0097836 0.0012064 0.0144544 0.972549 0.529412 0.003922
vn -0.9997704 -0.0067110 0.0203484
v -0.0097911 0.0014129 0.0141504 0.972549 0.529412 0.003922
vn -0.9997704 -0.0067110 0.0203484
v -0.0098068 0.0016089 0.0134464 0.972549 0.529412 0.003922
vn -0.9997704 -0.0067110 0.0203484
v -0.0098207 0.0014911 0.0127252 0.972549 0.529412 0.003922
vn -0.9997704 -0.0067110 0.0203484
v -0.0098175 0.0015497 0.0128996 0.972549 0.529412 0.003922
vn -0.9997704 -0.0067110 0.0203484
v -0.0097950 0.0014903 0.0139834 0.972549 0.529412 0.003922
vn -0.9997704 -0.0067110 0.0203484
v -0.0098105 0.0016090 0.0132624 0.972549 0.529412 0.003922
vn -0.9997704 -0.0067110 0.0203484
v -0.0098141 0.0015892 0.0130794 0.972549 0.529412 0.003922
vn -0.9997704 -0.0067110 0.0203484
v -0.0098261 0.0013191 0.0124004 0.972549 0.529412 0.003922
vn -0.9997704 -0.0067110 0.0203484
v -0.0098235 0.0014139 0.0125581 0.972549 0.529412 0.003922
vn -0.9997704 -0.0067110 0.0203484
v -0.0098302 0.0010813 0.0121201 0.972549 0.529412 0.003922
vn -0.9997704 -0.0067110 0.0203484
v -0.0098284 0.0012078 0.0122538 0.972549 0.529412 0.003922
vn -0.0203530 0.0006260 -0.9997927
v -0.0122301 -0.0016947 0.0161522 0.972549 0.529412 0.003922
vn -0.0203530 0.0006260 -0.9997927
v -0.0122514 0.0014806 0.0161546 0.972549 0.529412 0.003922
vn -0.0203530 0.0006260 -0.9997927
v -0.0097519 0.0014974 0.0161037 0.972549 0.529412 0.003922
vn -0.0203530 0.0006260 -0.9997927
v -0.0097307 -0.0016779 0.0161013 0.972549 0.529412 0.003922
vn -0.0159762 0.8663188 -0.4992361
v -0.0097760 -0.0032639 0.0133507 0.972549 0.529412 0.003922
vn -0.0159762 0.8663188 -0.4992361
v -0.0122754 -0.0032807 0.0134015 0.972549 0.529412 0.003922
vn -0.0159762 0.8663188 -0.4992361
v -0.0122301 -0.0016947 0.0161522 0.972549 0.529412 0.003922
vn -0.0159762 0.8663188 -0.4992361
v -0.0097307 -0.0016779 0.0161013 0.972549 0.529412 0.003922
vn 0.0043768 0.8656927 0.5005567
v -0.0098426 -0.0016745 0.0106025 0.972549 0.529412 0.003922
vn 0.0043768 0.8656927 0.5005567
v -0.0123420 -0.0016913 0.0106533 0.972549 0.529412 0.003922
vn 0.0043768 0.8656927 0.5005567
v -0.0122754 -0.0032807 0.0134015 0.972549 0.529412 0.003922
vn 0.0043768 0.8656927 0.5005567
v -0.0097760 -0.0032639 0.0133507 0.972549 0.529412 0.003922
vn 0.0203530 -0.0006260 0.9997927
v -0.0098639 0.0015009 0.0106049 0.972549 0.529412 0.003922
vn 0.0203530 -0.0006260 0.9997927
v -0.0123633 0.0014841 0.0106558 0.972549 0.529412 0.003922
vn 0.0203530 -0.0006260 0.9997927
v -0.0123420 -0.0016913 0.0106533 0.972549 0.529412 0.003922
vn 0.0203530 -0.0006260 0.9997927
v -0.0098426 -0.0016745 0.0106025 0.972549 0.529412 0.003922
vn 0.0159762 -0.8663188 0.4992361
v -0.0098185 0.0030868 0.0133555 0.972549 0.529412 0.003922
vn 0.0159762 -0.8663188 0.4992361
v -0.0123180 0.0030700 0.0134064 0.972549 0.529412 0.003922
vn 0.0159762 -0.8663188 0.4992361
v -0.0123633 0.0014841 0.0106558 0.972549 0.529412 0.003922
vn 0.0159762 -0.8663188 0.4992361
v -0.0098639 0.0015009 0.0106049 0.972549 0.529412 0.003922
vn -0.0043768 -0.8656927 -0.5005567
v -0.0098185 0.0030868 0.0133555 0.972549 0.529412 0.003922
vn -0.0043768 -0.8656927 -0.5005567
v -0.0097519 0.0014974 0.0161037 0.972549 0.529412 0.003922
vn -0.0043768 -0.8656927 -0.5005567
v -0.0122514 0.0014806 0.0161546 0.972549 0.529412 0.003922
vn -0.0043768 -0.8656927 -0.5005567
v -0.0123180 0.0030700 0.0134064 0.972549 0.529412 0.003922
vn -0.9997704 -0.0067110 0.0203484
v -0.0120377 0.0014741 0.0266524 0.972549 0.529412 0.003922
vn -0.9997704 -0.0067110 0.0203484
v -0.0125240 0.0294038 0.0119672 0.972549 0.529412 0.003922
vn -0.9997704 -0.0067110 0.0203484
v -0.0125347 0.0292120 0.0113804 0.972549 0.529412 0.003922
vn -0.9997704 -0.0067110 0.0203484
v -0.0125446 0.0289530 0.0108083 0.972549 0.529412 0.003922
vn -0.9997704 -0.0067110 0.0203484
v -0.0125537 0.0286233 0.0102510 0.972549 0.529412 0.003922
vn -0.9997704 -0.0067110 0.0203484
v -0.0125620 0.0282176 0.0097100 0.972549 0.529412 0.003922
vn -0.9997704 -0.0067110 0.0203484
v -0.0125693 0.0277292 0.0091885 0.972549 0.529412 0.003922
vn -0.9997704 -0.0067110 0.0203484
v -0.0122754 -0.0032807 0.0134015 0.972549 0.529412 0.003922
vn -0.9997704 -0.0067110 0.0203484
v -0.0121411 -0.0239363 0.0131892 0.972549 0.529412 0.003922
vn -0.9997704 -0.0067110 0.0203484
v -0.0121283 -0.0240851 0.0137675 0.972549 0.529412 0.003922
vn -0.9997704 -0.0067110 0.0203484
v -0.0125756 0.0271504 0.0086920 0.972549 0.529412 0.003922
vn -0.9997704 -0.0067110 0.0203484
v -0.0120765 -0.0240634 0.0163233 0.972549 0.529412 0.003922
vn -0.9997704 -0.0067110 0.0203484
v -0.0120610 -0.0238618 0.0171495 0.972549 0.529412 0.003922
vn -0.9997704 -0.0067110 0.0203484
v -0.0121165 -0.0241685 0.0143201 0.972549 0.529412 0.003922
vn -0.9997704 -0.0067110 0.0203484
v -0.0125805 0.0264729 0.0082286 0.972549 0.529412 0.003922
vn -0.9997704 -0.0067110 0.0203484
v -0.0120424 -0.0234943 0.0181832 0.972549 0.529412 0.003922
vn -0.9997704 -0.0067110 0.0203484
v -0.0121041 -0.0241998 0.0149215 0.972549 0.529412 0.003922
vn -0.9997704 -0.0067110 0.0203484
v -0.0125837 0.0256894 0.0078099 0.972549 0.529412 0.003922
vn -0.9997704 -0.0067110 0.0203484
v -0.0124975 0.0295950 0.0133362 0.972549 0.529412 0.003922
vn -0.9997704 -0.0067110 0.0203484
v -0.0125098 0.0295501 0.0127131 0.972549 0.529412 0.003922
vn -0.9997704 -0.0067110 0.0203484
v -0.0120251 -0.0230152 0.0191925 0.972549 0.529412 0.003922
vn -0.9997704 -0.0067110 0.0203484
v -0.0120908 -0.0241695 0.0155846 0.972549 0.529412 0.003922
vn -0.9997704 -0.0067110 0.0203484
v -0.0125850 0.0247952 0.0074509 0.972549 0.529412 0.003922
vn -0.9997704 -0.0067110 0.0203484
v -0.0124842 0.0295709 0.0139778 0.972549 0.529412 0.003922
vn -0.9997704 -0.0067110 0.0203484
v -0.0123154 -0.0164286 0.0071031 0.972549 0.529412 0.003922
vn -0.9997704 -0.0067110 0.0203484
v -0.0123017 -0.0175552 0.0074033 0.972549 0.529412 0.003922
vn -0.9997704 -0.0067110 0.0203484
v -0.0125840 0.0237907 0.0071700 0.972549 0.529412 0.003922
vn -0.9997704 -0.0067110 0.0203484
v -0.0124701 0.0294732 0.0146391 0.972549 0.529412 0.003922
vn -0.9997704 -0.0067110 0.0203484
v -0.0122552 -0.0203584 0.0087651 0.972549 0.529412 0.003922
vn -0.9997704 -0.0067110 0.0203484
v -0.0122362 -0.0212271 0.0094096 0.972549 0.529412 0.003922
vn -0.9997704 -0.0067110 0.0203484
v -0.0122855 -0.0186693 0.0078323 0.972549 0.529412 0.003922
vn -0.9997704 -0.0067110 0.0203484
v -0.0120078 -0.0223759 0.0202534 0.972549 0.529412 0.003922
vn -0.9997704 -0.0067110 0.0203484
v -0.0125803 0.0226838 0.0069871 0.972549 0.529412 0.003922
vn -0.9997704 -0.0067110 0.0203484
v -0.0124550 0.0292950 0.0153207 0.972549 0.529412 0.003922
vn -0.9997704 -0.0067110 0.0203484
v -0.0119923 0.0030600 0.0294031 0.972549 0.529412 0.003922
vn -0.9997704 -0.0067110 0.0203484
v -0.0124493 0.0292073 0.0155765 0.972549 0.529412 0.003922
vn -0.9997704 -0.0067110 0.0203484
v -0.0121685 -0.0234319 0.0120098 0.972549 0.529412 0.003922
vn -0.9997704 -0.0067110 0.0203484
v -0.0121545 -0.0237201 0.0126039 0.972549 0.529412 0.003922
vn -0.9997704 -0.0067110 0.0203484
v -0.0122177 -0.0219629 0.0100759 0.972549 0.529412 0.003922
vn -0.9997704 -0.0067110 0.0203484
v -0.0123250 -0.0154582 0.0069493 0.972549 0.529412 0.003922
vn -0.9997704 -0.0067110 0.0203484
v -0.0123420 -0.0016913 0.0106533 0.972549 0.529412 0.003922
vn -0.9997704 -0.0067110 0.0203484
v -0.0123329 -0.0144451 0.0068944 0.972549 0.529412 0.003922
vn -0.9997704 -0.0067110 0.0203484
v -0.0119959 -0.0218050 0.0210247 0.972549 0.529412 0.003922
vn -0.9997704 -0.0067110 0.0203484
v -0.0125214 0.0294392 0.0121070 0.972549 0.529412 0.003922
vn -0.9997704 -0.0067110 0.0203484
v -0.0123180 0.0030700 0.0134064 0.972549 0.529412 0.003922
vn -0.9997704 -0.0067110 0.0203484
v -0.0120164 -0.0017013 0.0266500 0.972549 0.529412 0.003922
vn -0.9997704 -0.0067110 0.0203484
v -0.0121837 -0.0230527 0.0113875 0.972549 0.529412 0.003922
vn -0.9997704 -0.0067110 0.0203484
v -0.0122001 -0.0225678 0.0107403 0.972549 0.529412 0.003922
vn -0.9997704 -0.0067110 0.0203484
v -0.0119873 -0.0212635 0.0216294 0.972549 0.529412 0.003922
vn -0.9997704 -0.0067110 0.0203484
v -0.0109507 0.0052163 0.0812907 0.972549 0.529412 0.003922
vn -0.9997704 -0.0067110 0.0203484
v -0.0125736 0.0214926 0.0069218 0.972549 0.529412 0.003922
vn -0.9997704 -0.0067110 0.0203484
v -0.0123633 0.0014841 0.0106558 0.972549 0.529412 0.003922
vn -0.9997704 -0.0067110 0.0203484
v -0.0122675 -0.0197245 0.0083709 0.972549 0.529412 0.003922
vn -0.9997704 -0.0067110 0.0203484
v -0.0122301 -0.0016947 0.0161522 0.972549 0.529412 0.003922
vn -0.9997704 -0.0067110 0.0203484
v -0.0119292 -0.0171203 0.0258474 0.972549 0.529412 0.003922
vn -0.9997704 -0.0067110 0.0203484
v -0.0119398 -0.0177870 0.0251100 0.972549 0.529412 0.003922
vn -0.9997704 -0.0067110 0.0203484
v -0.0119498 -0.0032907 0.0293982 0.972549 0.529412 0.003922
vn -0.9997704 -0.0067110 0.0203484
v -0.0119169 -0.0165302 0.0266474 0.972549 0.529412 0.003922
vn -0.9997704 -0.0067110 0.0203484
v -0.0119029 -0.0160223 0.0275020 0.972549 0.529412 0.003922
vn -0.9997704 -0.0067110 0.0203484
v -0.0122514 0.0014806 0.0161546 0.972549 0.529412 0.003922
vn -0.9997704 -0.0067110 0.0203484
v -0.0118524 -0.0150388 0.0303068 0.972549 0.529412 0.003922
vn -0.9997704 -0.0067110 0.0203484
v -0.0108800 -0.0053386 0.0812826 0.972549 0.529412 0.003922
vn -0.9997704 -0.0067110 0.0203484
v -0.0119045 -0.0017047 0.0321489 0.972549 0.529412 0.003922
vn -0.9997704 -0.0067110 0.0203484
v -0.0118874 -0.0156019 0.0284027 0.972549 0.529412 0.003922
vn -0.9997704 -0.0067110 0.0203484
v -0.0118705 -0.0152730 0.0293408 0.972549 0.529412 0.003922
vn -0.9997704 -0.0067110 0.0203484
v -0.0119257 0.0014706 0.0321513 0.972549 0.529412 0.003922
vn -0.9997704 -0.0067110 0.0203484
v -0.0095382 0.0014908 0.0266016 0.972549 0.529412 0.003922
vn -0.9997704 -0.0067110 0.0203484
v -0.0095081 0.0004453 0.0277395 0.972549 0.529412 0.003922
vn -0.9997704 -0.0067110 0.0203484
v -0.0095078 0.0006162 0.0278078 0.972549 0.529412 0.003922
vn -0.9997704 -0.0067110 0.0203484
v -0.0095170 -0.0016845 0.0265991 0.972549 0.529412 0.003922
vn -0.9997704 -0.0067110 0.0203484
v -0.0094954 -0.0009741 0.0278928 0.972549 0.529412 0.003922
vn -0.9997704 -0.0067110 0.0203484
v -0.0094983 -0.0008114 0.0278067 0.972549 0.529412 0.003922
vn -0.9997704 -0.0067110 0.0203484
v -0.0095079 0.0002679 0.0276901 0.972549 0.529412 0.003922
vn -0.9997704 -0.0067110 0.0203484
v -0.0095008 -0.0006403 0.0277387 0.972549 0.529412 0.003922
vn -0.9997704 -0.0067110 0.0203484
v -0.0094263 0.0014874 0.0321004 0.972549 0.529412 0.003922
vn -0.9997704 -0.0067110 0.0203484
v -0.0094929 0.0030768 0.0293522 0.972549 0.529412 0.003922
vn -0.9997704 -0.0067110 0.0203484
v -0.0094655 0.0014029 0.0301471 0.972549 0.529412 0.003922
vn -0.9997704 -0.0067110 0.0203484
v -0.0095073 0.0000863 0.0276602 0.972549 0.529412 0.003922
vn -0.9997704 -0.0067110 0.0203484
v -0.0095062 -0.0000975 0.0276501 0.972549 0.529412 0.003922
vn -0.9997704 -0.0067110 0.0203484
v -0.0095030 -0.0004630 0.0276896 0.972549 0.529412 0.003922
vn -0.9997704 -0.0067110 0.0203484
v -0.0094504 -0.0032739 0.0293474 0.972549 0.529412 0.003922
vn -0.9997704 -0.0067110 0.0203484
v -0.0094778 -0.0016000 0.0285525 0.972549 0.529412 0.003922
vn -0.9997704 -0.0067110 0.0203484
v -0.0094621 -0.0017960 0.0292565 0.972549 0.529412 0.003922
vn -0.9997704 -0.0067110 0.0203484
v -0.0094660 -0.0017759 0.0290735 0.972549 0.529412 0.003922
vn -0.9997704 -0.0067110 0.0203484
v -0.0094050 -0.0016880 0.0320980 0.972549 0.529412 0.003922
vn -0.9997704 -0.0067110 0.0203484
v -0.0094428 -0.0015062 0.0303025 0.972549 0.529412 0.003922
vn -0.9997704 -0.0067110 0.0203484
v -0.0094454 -0.0016010 0.0301448 0.972549 0.529412 0.003922
vn -0.9997704 -0.0067110 0.0203484
v -0.0094352 -0.0006424 0.0309600 0.972549 0.529412 0.003922
vn -0.9997704 -0.0067110 0.0203484
v -0.0094354 -0.0008133 0.0308918 0.972549 0.529412 0.003922
vn -0.9997704 -0.0067110 0.0203484
v -0.0094479 0.0007770 0.0308068 0.972549 0.529412 0.003922
vn -0.9997704 -0.0067110 0.0203484
v -0.0094450 0.0006143 0.0308929 0.972549 0.529412 0.003922
vn -0.9997704 -0.0067110 0.0203484
v -0.0094694 0.0014803 0.0299801 0.972549 0.529412 0.003922
vn -0.9997704 -0.0067110 0.0203484
v -0.0094773 0.0015788 0.0296260 0.972549 0.529412 0.003922
vn -0.9997704 -0.0067110 0.0203484
v -0.0094733 0.0015392 0.0298057 0.972549 0.529412 0.003922
vn -0.9997704 -0.0067110 0.0203484
v -0.0095005 0.0013091 0.0283970 0.972549 0.529412 0.003922
vn -0.9997704 -0.0067110 0.0203484
v -0.0094979 0.0014039 0.0285548 0.972549 0.529412 0.003922
vn -0.9997704 -0.0067110 0.0203484
v -0.0095061 0.0009311 0.0279975 0.972549 0.529412 0.003922
vn -0.9997704 -0.0067110 0.0203484
v -0.0095046 0.0010713 0.0281167 0.972549 0.529412 0.003922
vn -0.9997704 -0.0067110 0.0203484
v -0.0095048 -0.0002813 0.0276600 0.972549 0.529412 0.003922
vn -0.9997704 -0.0067110 0.0203484
v -0.0094739 -0.0016774 0.0287195 0.972549 0.529412 0.003922
vn -0.9997704 -0.0067110 0.0203484
v -0.0094584 -0.0017961 0.0294405 0.972549 0.529412 0.003922
vn -0.9997704 -0.0067110 0.0203484
v -0.0094514 -0.0017368 0.0298032 0.972549 0.529412 0.003922
vn -0.9997704 -0.0067110 0.0203484
v -0.0094548 -0.0017763 0.0296235 0.972549 0.529412 0.003922
vn -0.9997704 -0.0067110 0.0203484
v -0.0094406 -0.0013949 0.0304491 0.972549 0.529412 0.003922
vn -0.9997704 -0.0067110 0.0203484
v -0.0094354 -0.0004650 0.0310094 0.972549 0.529412 0.003922
vn -0.9997704 -0.0067110 0.0203484
v -0.0094425 0.0004432 0.0309609 0.972549 0.529412 0.003922
vn -0.9997704 -0.0067110 0.0203484
v -0.0094579 0.0011964 0.0304511 0.972549 0.529412 0.003922
vn -0.9997704 -0.0067110 0.0203484
v -0.0094543 0.0010697 0.0305846 0.972549 0.529412 0.003922
vn -0.9997704 -0.0067110 0.0203484
v -0.0094950 0.0014811 0.0287219 0.972549 0.529412 0.003922
vn -0.9997704 -0.0067110 0.0203484
v -0.0094919 0.0015397 0.0288963 0.972549 0.529412 0.003922
vn -0.9997704 -0.0067110 0.0203484
v -0.0095071 0.0007788 0.0278941 0.972549 0.529412 0.003922
vn -0.9997704 -0.0067110 0.0203484
v -0.0094699 -0.0017363 0.0288938 0.972549 0.529412 0.003922
vn -0.9997704 -0.0067110 0.0203484
v -0.0094372 -0.0011282 0.0307021 0.972549 0.529412 0.003922
vn -0.9997704 -0.0067110 0.0203484
v -0.0094387 -0.0012684 0.0305828 0.972549 0.529412 0.003922
vn -0.9997704 -0.0067110 0.0203484
v -0.0094360 -0.0002834 0.0310393 0.972549 0.529412 0.003922
vn -0.9997704 -0.0067110 0.0203484
v -0.0094385 0.0000842 0.0310396 0.972549 0.529412 0.003922
vn -0.9997704 -0.0067110 0.0203484
v -0.0094370 -0.0000996 0.0310494 0.972549 0.529412 0.003922
vn -0.9997704 -0.0067110 0.0203484
v -0.0094403 0.0002658 0.0310100 0.972549 0.529412 0.003922
vn -0.9997704 -0.0067110 0.0203484
v -0.0094510 0.0009294 0.0307036 0.972549 0.529412 0.003922
vn -0.9997704 -0.0067110 0.0203484
v -0.0094811 0.0015989 0.0294431 0.972549 0.529412 0.003922
vn -0.9997704 -0.0067110 0.0203484
v -0.0095027 0.0011978 0.0282504 0.972549 0.529412 0.003922
vn -0.9997704 -0.0067110 0.0203484
v -0.0094923 -0.0011265 0.0279959 0.972549 0.529412 0.003922
vn -0.9997704 -0.0067110 0.0203484
v -0.0094854 -0.0013935 0.0282485 0.972549 0.529412 0.003922
vn -0.9997704 -0.0067110 0.0203484
v -0.0094889 -0.0012668 0.0281150 0.972549 0.529412 0.003922
vn -0.9997704 -0.0067110 0.0203484
v -0.0094482 -0.0016782 0.0299777 0.972549 0.529412 0.003922
vn -0.9997704 -0.0067110 0.0203484
v -0.0094361 -0.0009759 0.0308055 0.972549 0.529412 0.003922
vn -0.9997704 -0.0067110 0.0203484
v -0.0094616 0.0013079 0.0303047 0.972549 0.529412 0.003922
vn -0.9997704 -0.0067110 0.0203484
v -0.0094849 0.0015990 0.0292591 0.972549 0.529412 0.003922
vn -0.9997704 -0.0067110 0.0203484
v -0.0094885 0.0015792 0.0290761 0.972549 0.529412 0.003922
vn -0.9997704 -0.0067110 0.0203484
v -0.0094816 -0.0015050 0.0283949 0.972549 0.529412 0.003922
vn -0.0159762 0.8663188 -0.4992361
v -0.0094504 -0.0032739 0.0293474 0.972549 0.529412 0.003922
vn -0.0159762 0.8663188 -0.4992361
v -0.0119498 -0.0032907 0.0293982 0.972549 0.529412 0.003922
vn -0.0159762 0.8663188 -0.4992361
v -0.0119045 -0.0017047 0.0321489 0.972549 0.529412 0.003922
vn -0.0159762 0.8663188 -0.4992361
v -0.0094050 -0.0016880 0.0320980 0.972549 0.529412 0.003922
vn 0.0043768 0.8656927 0.5005567
v -0.0095170 -0.0016845 0.0265991 0.972549 0.529412 0.003922
vn 0.0043768 0.8656927 0.5005567
v -0.0120164 -0.0017013 0.0266500 0.972549 0.529412 0.003922
vn 0.0043768 0.8656927 0.5005567
v -0.0119498 -0.0032907 0.0293982 0.972549 0.529412 0.003922
vn 0.0043768 0.8656927 0.5005567
v -0.0094504 -0.0032739 0.0293474 0.972549 0.529412 0.003922
vn 0.0203530 -0.0006260 0.9997927
v -0.0095382 0.0014908 0.0266016 0.972549 0.529412 0.003922
vn 0.0203530 -0.0006260 0.9997927
v -0.0120377 0.0014741 0.0266524 0.972549 0.529412 0.003922
vn 0.0203530 -0.0006260 0.9997927
v -0.0120164 -0.0017013 0.0266500 0.972549 0.529412 0.003922
vn 0.0203530 -0.0006260 0.9997927
v -0.0095170 -0.0016845 0.0265991 0.972549 0.529412 0.003922
vn 0.0159762 -0.8663188 0.4992361
v -0.0094929 0.0030768 0.0293522 0.972549 0.529412 0.003922
vn 0.0159762 -0.8663188 0.4992361
v -0.0119923 0.0030600 0.0294031 0.972549 0.529412 0.003922
vn 0.0159762 -0.8663188 0.4992361
v -0.0120377 0.0014741 0.0266524 0.972549 0.529412 0.003922
vn 0.0159762 -0.8663188 0.4992361
v -0.0095382 0.0014908 0.0266016 0.972549 0.529412 0.003922
vn -0.0043768 -0.8656927 -0.5005567
v -0.0094263 0.0014874 0.0321004 0.972549 0.529412 0.003922
vn -0.0043768 -0.8656927 -0.5005567
v -0.0119257 0.0014706 0.0321513 0.972549 0.529412 0.003922
vn -0.0043768 -0.8656927 -0.5005567
v -0.0119923 0.0030600 0.0294031 0.972549 0.529412 0.003922
vn -0.0043768 -0.8656927 -0.5005567
v -0.0094929 0.0030768 0.0293522 0.972549 0.529412 0.003922
vn -0.0203530 0.0006260 -0.9997927
v -0.0094050 -0.0016880 0.0320980 0.972549 0.529412 0.003922
vn -0.0203530 0.0006260 -0.9997927
v -0.0119045 -0.0017047 0.0321489 0.972549 0.529412 0.003922
vn -0.0203530 0.0006260 -0.9997927
v -0.0119257 0.0014706 0.0321513 0.972549 0.529412 0.003922
vn -0.0203530 0.0006260 -0.9997927
v -0.0094263 0.0014874 0.0321004 0.972549 0.529412 0.003922
# 1366 vertices, 0 vertices normals


usemtl material_0
vt 0.9655172 0.0000000
vt 1.0000000 0.0000000
vt 1.0000000 1.0000000
f 1/1/1 2/2/2 3/3/3
vt 0.9310345 0.0000000
vt 0.9655172 1.0000000
f 4/4/4 1/1/1 5/5/5
vt 0.8965517 0.0000000
vt 0.9310345 1.0000000
f 6/6/6 4/4/4 7/7/7
vt 0.8620690 0.0000000
vt 0.8965517 1.0000000
f 8/8/8 6/6/6 9/9/9
vt 0.8275862 0.0000000
vt 0.8620690 1.0000000
f 10/10/10 8/8/8 11/11/11
vt 0.7931035 0.0000000
vt 0.8275862 1.0000000
f 12/12/12 10/10/10 13/13/13
vt 0.7586207 0.0000000
vt 0.7931035 1.0000000
f 14/14/14 12/12/12 15/15/15
vt 0.7241379 0.0000000
vt 0.7586207 1.0000000
f 16/16/16 14/14/14 17/17/17
vt 0.6896552 0.0000000
vt 0.7241379 1.0000000
f 18/18/18 16/16/16 19/19/19
vt 0.6551724 0.0000000
vt 0.6896552 1.0000000
f 20/20/20 18/18/18 21/21/21
vt 0.6206896 0.0000000
vt 0.6551724 1.0000000
f 22/22/22 20/20/20 23/23/23
vt 0.5862069 0.0000000
vt 0.6206896 1.0000000
f 24/24/24 22/22/22 25/25/25
vt 0.5517241 0.0000000
vt 0.5862069 1.0000000
f 26/26/26 24/24/24 27/27/27
vt 0.5172414 0.0000000
vt 0.5517241 1.0000000
f 28/28/28 26/26/26 29/29/29
vt 0.4827586 0.0000000
vt 0.5172414 1.0000000
f 30/30/30 28/28/28 31/31/31
vt 0.4482759 0.0000000
vt 0.4827586 1.0000000
f 32/32/32 30/30/30 33/33/33
vt 0.4137931 0.0000000
vt 0.4482759 1.0000000
f 34/34/34 32/32/32 35/35/35
vt 0.3793103 0.0000000
vt 0.4137931 1.0000000
f 36/36/36 34/34/34 37/37/37
vt 0.3448276 0.0000000
vt 0.3793103 1.0000000
f 38/38/38 36/36/36 39/39/39
vt 0.3103448 0.0000000
vt 0.3448276 1.0000000
f 40/40/40 38/38/38 41/41/41
vt 0.2758621 0.0000000
vt 0.3103448 1.0000000
f 42/42/42 40/40/40 43/43/43
vt 0.2413793 0.0000000
vt 0.2758621 1.0000000
f 44/44/44 42/42/42 45/45/45
vt 0.2068966 0.0000000
vt 0.2413793 1.0000000
f 46/46/46 44/44/44 47/47/47
vt 0.1724138 0.0000000
vt 0.2068966 1.0000000
f 48/48/48 46/46/46 49/49/49
vt 0.1379310 0.0000000
vt 0.1724138 1.0000000
f 50/50/50 48/48/48 51/51/51
vt 0.1034483 0.0000000
vt 0.1379310 1.0000000
f 52/52/52 50/50/50 53/53/53
vt 0.0689655 0.0000000
vt 0.1034483 1.0000000
f 54/54/54 52/52/52 55/55/55
vt 0.0344828 0.0000000
vt 0.0689655 1.0000000
f 56/56/56 54/54/54 57/57/57
vt 0.0000000 0.0000000
vt 0.0344828 1.0000000
f 58/58/58 56/56/56 59/59/59
vt 0.0000000 1.0000000
f 59/59/59 60/60/60 58/58/58
f 57/57/57 59/59/59 56/56/56
f 55/55/55 57/57/57 54/54/54
f 53/53/53 55/55/55 52/52/52
f 51/51/51 53/53/53 50/50/50
f 49/49/49 51/51/51 48/48/48
f 47/47/47 49/49/49 46/46/46
f 45/45/45 47/47/47 44/44/44
f 43/43/43 45/45/45 42/42/42
f 41/41/41 43/43/43 40/40/40
f 39/39/39 41/41/41 38/38/38
f 37/37/37 39/39/39 36/36/36
f 35/35/35 37/37/37 34/34/34
f 33/33/33 35/35/35 32/32/32
f 31/31/31 33/33/33 30/30/30
f 29/29/29 31/31/31 28/28/28
f 27/27/27 29/29/29 26/26/26
f 25/25/25 27/27/27 24/24/24
f 23/23/23 25/25/25 22/22/22
f 21/21/21 23/23/23 20/20/20
f 19/19/19 21/21/21 18/18/18
f 17/17/17 19/19/19 16/16/16
f 15/15/15 17/17/17 14/14/14
f 13/13/13 15/15/15 12/12/12
f 11/11/11 13/13/13 10/10/10
f 9/9/9 11/11/11 8/8/8
f 7/7/7 9/9/9 6/6/6
f 5/5/5 7/7/7 4/4/4
f 3/3/3 5/5/5 1/1/1
f 61/1/61 62/2/62 63/3/63
f 64/4/64 61/1/61 65/5/65
f 66/6/66 64/4/64 67/7/67
f 68/8/68 66/6/66 69/9/69
f 70/10/70 68/8/68 71/11/71
f 72/12/72 70/10/70 73/13/73
f 74/14/74 72/12/72 75/15/75
f 76/16/76 74/14/74 77/17/77
f 78/18/78 76/16/76 79/19/79
f 80/20/80 78/18/78 81/21/81
f 82/22/82 80/20/80 83/23/83
f 84/24/84 82/22/82 85/25/85
f 86/26/86 84/24/84 87/27/87
f 88/28/88 86/26/86 89/29/89
f 90/30/90 88/28/88 91/31/91
f 92/32/92 90/30/90 93/33/93
f 94/34/94 92/32/92 95/35/95
f 96/36/96 94/34/94 97/37/97
f 98/38/98 96/36/96 99/39/99
f 100/40/100 98/38/98 101/41/101
f 102/42/102 100/40/100 103/43/103
f 104/44/104 102/42/102 105/45/105
f 106/46/106 104/44/104 107/47/107
f 108/48/108 106/46/106 109/49/109
f 110/50/110 108/48/108 111/51/111
f 112/52/112 110/50/110 113/53/113
f 114/54/114 112/52/112 115/55/115
f 116/56/116 114/54/114 117/57/117
f 118/58/118 116/56/116 119/59/119
f 119/59/119 120/60/120 118/58/118
f 117/57/117 119/59/119 116/56/116
f 115/55/115 117/57/117 114/54/114
f 113/53/113 115/55/115 112/52/112
f 111/51/111 113/53/113 110/50/110
f 109/49/109 111/51/111 108/48/108
f 107/47/107 109/49/109 106/46/106
f 105/45/105 107/47/107 104/44/104
f 103/43/103 105/45/105 102/42/102
f 101/41/101 103/43/103 100/40/100
f 99/39/99 101/41/101 98/38/98
f 97/37/97 99/39/99 96/36/96
f 95/35/95 97/37/97 94/34/94
f 93/33/93 95/35/95 92/32/92
f 91/31/91 93/33/93 90/30/90
f 89/29/89 91/31/91 88/28/88
f 87/27/87 89/29/89 86/26/86
f 85/25/85 87/27/87 84/24/84
f 83/23/83 85/25/85 82/22/82
f 81/21/81 83/23/83 80/20/80
f 79/19/79 81/21/81 78/18/78
f 77/17/77 79/19/79 76/16/76
f 75/15/75 77/17/77 74/14/74
f 73/13/73 75/15/75 72/12/72
f 71/11/71 73/13/73 70/10/70
f 69/9/69 71/11/71 68/8/68
f 67/7/67 69/9/69 66/6/66
f 65/5/65 67/7/67 64/4/64
f 63/3/63 65/5/65 61/1/61
vt 0.4873240 0.7399989
vt 0.4395558 0.3319574
vt 0.4507716 0.3346946
f 121/61/121 122/62/122 123/63/123
vt 0.4625646 0.3368575
f 123/63/123 124/64/124 121/61/121
vt 0.4873240 0.3393662
vt 0.5000000 0.3396825
f 121/61/121 125/65/125 126/66/126
vt 0.4747966 0.3384208
f 124/64/124 127/67/127 121/61/121
vt 0.5709515 0.7506871
vt 0.5604442 0.7474077
f 126/66/126 128/68/128 129/69/129
vt 0.4395558 0.7474077
vt 0.4290485 0.7506871
f 122/62/122 130/70/130 131/71/131
vt 0.4747966 0.7409443
f 122/62/122 121/61/121 132/72/132
f 127/67/127 125/65/125 121/61/121
vt 0.5374354 0.7425076
vt 0.5252034 0.7409443
f 126/66/126 133/73/133 134/74/134
vt 0.5806268 0.7544701
f 126/66/126 135/75/135 128/68/128
vt 0.6129679 0.7792128
vt 0.6089145 0.7736751
f 126/66/126 136/76/136 137/77/137
vt 0.4625646 0.2345711
vt 0.4507716 0.2367340
f 138/58/138 139/78/139 140/79/140
vt 0.5604442 0.2394712
vt 0.5492284 0.2367340
f 141/2/141 142/80/142 143/81/143
vt 0.4507716 0.7446705
f 122/62/122 144/82/144 130/70/130
vt 0.5000000 0.7396826
f 126/66/126 145/83/145 121/61/121
vt 0.5126760 0.7399989
f 134/74/134 146/84/146 126/66/126
vt 0.5492284 0.7446705
f 129/69/129 147/85/147 126/66/126
vt 0.5970394 0.7633645
vt 0.5893570 0.7587125
f 126/66/126 148/86/148 149/87/149
vt 0.6156969 0.7849197
f 126/66/126 150/88/150 136/76/136
vt 0.4747966 0.2330078
f 138/58/138 151/89/151 139/78/139
vt 0.5374354 0.2345711
f 143/81/143 152/90/152 141/2/141
vt 0.5252034 0.3384208
f 153/91/153 154/3/154 150/88/150
vt 0.4625646 0.7425076
f 122/62/122 155/92/155 144/82/144
f 146/84/146 145/83/145 126/66/126
f 149/87/149 135/75/135 126/66/126
vt 0.6035842 0.7683716
f 137/77/137 156/93/156 126/66/126
vt 0.4193732 0.7544701
vt 0.4106431 0.3206526
vt 0.4193732 0.3248950
f 157/94/157 158/95/158 159/96/159
vt 0.3843031 0.2944454
vt 0.3870321 0.3001523
f 138/58/138 160/97/160 161/98/161
vt 0.4873240 0.2320624
f 138/58/138 162/99/162 151/89/151
vt 0.5126760 0.2320624
vt 0.5000000 0.2317460
f 141/2/141 163/100/163 164/101/164
vt 0.5252034 0.2330078
f 152/90/152 165/102/165 141/2/141
vt 0.6035842 0.2604351
vt 0.5970394 0.2554280
f 141/2/141 166/103/166 167/104/167
vt 0.6170694 0.2827925
vt 0.6156969 0.2769832
f 141/2/141 168/105/168 169/106/169
vt 0.6129679 0.3001523
vt 0.6156969 0.2944454
f 154/3/154 170/107/170 171/108/171
vt 0.5374354 0.3368575
vt 0.5492284 0.3346946
f 154/3/154 172/109/172 173/110/173
vt 0.6170694 0.7907290
f 154/3/154 174/111/174 150/88/150
f 132/72/132 155/92/155 122/62/122
f 156/93/156 148/86/148 126/66/126
vt 0.4290485 0.3286780
f 159/96/159 175/112/175 157/94/157
vt 0.3910855 0.7736751
vt 0.3910855 0.3056900
vt 0.3964158 0.3109935
f 176/113/176 177/114/177 178/115/178
f 161/98/161 176/113/176 138/58/138
f 138/58/138 164/101/164 162/99/162
f 165/102/165 163/100/163 141/2/141
vt 0.6089145 0.2657385
f 141/2/141 179/116/179 166/103/166
vt 0.6170694 0.2886361
f 141/2/141 180/117/180 168/105/168
f 171/108/171 141/2/141 154/3/154
f 154/3/154 153/91/153 172/109/172
vt 0.6170694 0.7965726
f 154/3/154 181/118/181 174/111/174
vt 0.5492284 0.8426310
vt 0.5604442 0.8398939
f 154/3/154 182/119/182 183/120/183
vt 0.4193732 0.8328315
vt 0.4290485 0.8366145
f 184/60/184 185/121/185 186/122/186
f 147/85/147 133/73/133 126/66/126
vt 0.4029606 0.3160006
f 157/94/157 187/123/187 158/95/158
f 161/98/161 177/114/177 176/113/176
vt 0.3910855 0.2657385
vt 0.3870321 0.2712762
f 138/58/138 188/124/188 189/125/189
vt 0.4029606 0.2554280
vt 0.3964158 0.2604351
f 138/58/138 190/126/190 191/127/191
f 164/101/164 138/58/138 141/2/141
vt 0.6129679 0.2712762
f 141/2/141 192/128/192 179/116/179
f 171/108/171 180/117/180 141/2/141
vt 0.5970394 0.3160006
vt 0.6035842 0.3109935
f 154/3/154 193/129/193 194/130/194
vt 0.5126760 0.3393662
f 150/88/150 195/131/195 153/91/153
vt 0.5709515 0.8366145
f 183/120/183 196/132/196 154/3/154
vt 0.4625646 0.8447940
vt 0.4747966 0.8463573
f 184/60/184 197/133/197 198/134/198
vt 0.4395558 0.8398939
f 186/122/186 199/135/199 184/60/184
vt 0.4106431 0.7587125
f 187/123/187 157/94/157 200/136/200
f 175/112/175 122/62/122 157/94/157
vt 0.3829306 0.2886361
f 138/58/138 201/137/201 160/97/160
f 191/127/191 188/124/188 138/58/138
vt 0.4290485 0.2427505
vt 0.4193732 0.2465336
f 138/58/138 202/138/202 203/139/203
vt 0.5709515 0.2427505
f 141/2/141 204/140/204 142/80/142
vt 0.5893570 0.2507760
vt 0.5806268 0.2465336
f 141/2/141 205/141/205 206/142/206
f 169/106/169 192/128/192 141/2/141
vt 0.6089145 0.3056900
f 194/130/194 207/143/207 154/3/154
f 150/88/150 126/66/126 195/131/195
vt 0.5806268 0.8328315
vt 0.5893570 0.8285891
f 154/3/154 208/144/208 209/145/209
vt 0.5374354 0.8447940
f 154/3/154 210/146/210 182/119/182
vt 0.5126760 0.8473027
vt 0.5252034 0.8463573
f 154/3/154 211/147/211 212/148/212
vt 0.5000000 0.8476191
f 154/3/154 184/60/184 213/149/213
vt 0.4873240 0.8473027
f 198/134/198 214/150/214 184/60/184
vt 0.4507716 0.8426310
f 199/135/199 215/151/215 184/60/184
vt 0.3843031 0.8023819
vt 0.3870321 0.8080888
f 184/60/184 216/152/216 217/153/217
vt 0.3870321 0.7792128
f 138/58/138 176/113/176 218/154/218
vt 0.4029606 0.7633645
vt 0.3964158 0.7683716
f 187/123/187 219/155/219 220/156/220
f 131/71/131 157/94/157 122/62/122
vt 0.3829306 0.2827925
f 138/58/138 221/157/221 201/137/201
vt 0.3843031 0.2769832
f 189/125/189 222/158/222 138/58/138
vt 0.4395558 0.2394712
f 138/58/138 223/159/223 202/138/202
f 206/142/206 204/140/204 141/2/141
f 207/143/207 170/107/170 154/3/154
vt 0.5709515 0.3286780
vt 0.5806268 0.3248950
f 154/3/154 224/160/224 225/161/225
vt 0.5604442 0.3319574
f 173/110/173 226/162/226 154/3/154
vt 0.6129679 0.8080888
vt 0.6156969 0.8023819
f 154/3/154 227/163/227 228/164/228
vt 0.5970394 0.8239371
vt 0.6035842 0.8189300
f 154/3/154 229/165/229 230/166/230
f 196/132/196 208/144/208 154/3/154
f 213/149/213 211/147/211 154/3/154
f 215/151/215 197/133/197 184/60/184
vt 0.4029606 0.8239371
vt 0.4106431 0.8285891
f 184/60/184 231/167/231 232/168/232
vt 0.3829306 0.7965726
f 184/60/184 233/169/233 216/152/216
f 218/154/218 184/60/184 138/58/138
f 200/136/200 219/155/219 187/123/187
f 222/158/222 221/157/221 138/58/138
vt 0.4106431 0.2507760
f 203/139/203 234/170/234 138/58/138
f 167/104/167 205/141/205 141/2/141
vt 0.5893570 0.3206526
f 225/161/225 235/171/235 154/3/154
f 228/164/228 181/118/181 154/3/154
vt 0.6089145 0.8136265
f 230/166/230 236/172/236 154/3/154
f 212/148/212 210/146/210 154/3/154
f 232/168/232 185/121/185 184/60/184
vt 0.3910855 0.8136265
vt 0.3964158 0.8189300
f 184/60/184 237/173/237 238/174/238
vt 0.3829306 0.7907290
f 184/60/184 239/175/239 233/169/233
vt 0.3843031 0.7849197
f 218/154/218 240/176/240 184/60/184
f 178/115/178 187/123/187 176/113/176
f 140/79/140 223/159/223 138/58/138
f 226/162/226 224/160/224 154/3/154
f 209/145/209 229/165/229 154/3/154
f 238/174/238 231/167/231 184/60/184
f 240/176/240 239/175/239 184/60/184
f 234/170/234 190/126/190 138/58/138
f 236/172/236 227/163/227 154/3/154
f 217/153/217 237/173/237 184/60/184
f 235/171/235 193/129/193 154/3/154
f 220/156/220 176/113/176 187/123/187
f 214/150/214 213/149/213 184/60/184
vt 0.0000000 1.0000000
f 241/2/241 242/58/242 243/177/243
f 243/177/243 244/3/244 241/2/241
f 245/1/245 246/2/246 247/3/247
f 248/4/248 245/1/245 249/5/249
f 250/6/250 248/4/248 251/7/251
f 252/8/252 250/6/250 253/9/253
f 254/10/254 252/8/252 255/11/255
f 256/12/256 254/10/254 257/13/257
f 258/14/258 256/12/256 259/15/259
f 260/16/260 258/14/258 261/17/261
f 262/18/262 260/16/260 263/19/263
f 264/20/264 262/18/262 265/21/265
f 266/22/266 264/20/264 267/23/267
f 268/24/268 266/22/266 269/25/269
f 270/26/270 268/24/268 271/27/271
f 272/28/272 270/26/270 273/29/273
f 274/30/274 272/28/272 275/31/275
f 276/32/276 274/30/274 277/33/277
f 278/34/278 276/32/276 279/35/279
f 280/36/280 278/34/278 281/37/281
f 282/38/282 280/36/280 283/39/283
f 284/40/284 282/38/282 285/41/285
f 286/42/286 284/40/284 287/43/287
f 288/44/288 286/42/286 289/45/289
f 290/46/290 288/44/288 291/47/291
f 292/48/292 290/46/290 293/49/293
f 294/50/294 292/48/292 295/51/295
f 296/52/296 294/50/294 297/53/297
f 298/54/298 296/52/296 299/55/299
f 300/56/300 298/54/298 301/57/301
f 302/58/302 300/56/300 303/59/303
f 303/59/303 304/60/304 302/58/302
f 301/57/301 303/59/303 300/56/300
f 299/55/299 301/57/301 298/54/298
f 297/53/297 299/55/299 296/52/296
f 295/51/295 297/53/297 294/50/294
f 293/49/293 295/51/295 292/48/292
f 291/47/291 293/49/293 290/46/290
f 289/45/289 291/47/291 288/44/288
f 287/43/287 289/45/289 286/42/286
f 285/41/285 287/43/287 284/40/284
f 283/39/283 285/41/285 282/38/282
f 281/37/281 283/39/283 280/36/280
f 279/35/279 281/37/281 278/34/278
f 277/33/277 279/35/279 276/32/276
f 275/31/275 277/33/277 274/30/274
f 273/29/273 275/31/275 272/28/272
f 271/27/271 273/29/273 270/26/270
f 269/25/269 271/27/271 268/24/268
f 267/23/267 269/25/269 266/22/266
f 265/21/265 267/23/267 264/20/264
f 263/19/263 265/21/265 262/18/262
f 261/17/261 263/19/263 260/16/260
f 259/15/259 261/17/261 258/14/258
f 257/13/257 259/15/259 256/12/256
f 255/11/255 257/13/257 254/10/254
f 253/9/253 255/11/255 252/8/252
f 251/7/251 253/9/253 250/6/250
f 249/5/249 251/7/251 248/4/248
f 247/3/247 249/5/249 245/1/245
f 305/1/305 306/2/306 307/3/307
f 308/4/308 305/1/305 309/5/309
f 310/6/310 308/4/308 311/7/311
f 312/8/312 310/6/310 313/9/313
f 314/10/314 312/8/312 315/11/315
f 316/12/316 314/10/314 317/13/317
f 318/14/318 316/12/316 319/15/319
f 320/16/320 318/14/318 321/17/321
f 322/18/322 320/16/320 323/19/323
f 324/20/324 322/18/322 325/21/325
f 326/22/326 324/20/324 327/23/327
f 328/24/328 326/22/326 329/25/329
f 330/26/330 328/24/328 331/27/331
f 332/28/332 330/26/330 333/29/333
f 334/30/334 332/28/332 335/31/335
f 336/32/336 334/30/334 337/33/337
f 338/34/338 336/32/336 339/35/339
f 340/36/340 338/34/338 341/37/341
f 342/38/342 340/36/340 343/39/343
f 344/40/344 342/38/342 345/41/345
f 346/42/346 344/40/344 347/43/347
f 348/44/348 346/42/346 349/45/349
f 350/46/350 348/44/348 351/47/351
f 352/48/352 350/46/350 353/49/353
f 354/50/354 352/48/352 355/51/355
f 356/52/356 354/50/354 357/53/357
f 358/54/358 356/52/356 359/55/359
f 360/56/360 358/54/358 361/57/361
f 362/58/362 360/56/360 363/59/363
f 363/59/363 364/60/364 362/58/362
f 361/57/361 363/59/363 360/56/360
f 359/55/359 361/57/361 358/54/358
f 357/53/357 359/55/359 356/52/356
f 355/51/355 357/53/357 354/50/354
f 353/49/353 355/51/355 352/48/352
f 351/47/351 353/49/353 350/46/350
f 349/45/349 351/47/351 348/44/348
f 347/43/347 349/45/349 346/42/346
f 345/41/345 347/43/347 344/40/344
f 343/39/343 345/41/345 342/38/342
f 341/37/341 343/39/343 340/36/340
f 339/35/339 341/37/341 338/34/338
f 337/33/337 339/35/339 336/32/336
f 335/31/335 337/33/337 334/30/334
f 333/29/333 335/31/335 332/28/332
f 331/27/331 333/29/333 330/26/330
f 329/25/329 331/27/331 328/24/328
f 327/23/327 329/25/329 326/22/326
f 325/21/325 327/23/327 324/20/324
f 323/19/323 325/21/325 322/18/322
f 321/17/321 323/19/323 320/16/320
f 319/15/319 321/17/321 318/14/318
f 317/13/317 319/15/319 316/12/316
f 315/11/315 317/13/317 314/10/314
f 313/9/313 315/11/315 312/8/312
f 311/7/311 313/9/313 310/6/310
f 309/5/309 311/7/311 308/4/308
f 307/3/307 309/5/309 305/1/305
vt 0.0004388 0.5482639
vt 0.0000082 0.5552436
vt 0.2509489 0.8801395
f 365/178/365 366/179/366 367/180/367
vt 0.0000000 0.5553533
vt 0.1227387 0.7299488
f 366/179/366 368/181/368 369/182/369
vt 0.3820944 0.9704916
f 367/180/367 370/183/370 365/178/365
vt 0.5123253 1.0000000
f 370/183/370 371/184/371 365/178/365
vt 0.0006991 0.5411266
f 372/185/372 365/178/365 371/184/371
vt 0.0007861 0.0000000
vt 0.0007861 0.5339100
f 373/2/373 374/186/374 375/187/375
f 371/184/371 376/3/376 372/185/372
f 375/187/375 376/3/376 373/2/373
f 375/187/375 372/185/372 376/3/376
f 369/182/369 367/180/367 366/179/366
vt 0.0666667 1.0000000
f 377/58/377 378/60/378 379/188/379
vt 0.0666667 0.0000000
vt 0.1333333 1.0000000
f 380/189/380 379/188/379 381/190/381
vt 0.1333333 0.0000000
vt 0.2000000 1.0000000
f 382/191/382 381/190/381 383/192/383
vt 0.2000000 0.0000000
vt 0.2666667 1.0000000
f 384/193/384 383/192/383 385/194/385
vt 0.2666667 0.0000000
vt 0.3333333 1.0000000
f 386/195/386 385/194/385 387/196/387
vt 0.3333333 0.0000000
vt 0.4000000 1.0000000
f 388/197/388 387/196/387 389/198/389
vt 0.4000000 0.0000000
vt 0.4666667 1.0000000
f 390/199/390 389/198/389 391/200/391
vt 0.4666667 0.0000000
vt 0.5333334 1.0000000
f 392/201/392 391/200/391 393/202/393
vt 0.5333334 0.0000000
vt 0.6000000 1.0000000
f 394/203/394 393/202/393 395/204/395
vt 0.6000000 0.0000000
vt 0.6666667 1.0000000
f 396/205/396 395/204/395 397/206/397
vt 0.6666667 0.0000000
vt 0.7333333 1.0000000
f 398/207/398 397/206/397 399/208/399
vt 0.7333333 0.0000000
vt 0.8000000 1.0000000
f 400/209/400 399/208/399 401/210/401
vt 0.8000000 0.0000000
vt 0.8666667 1.0000000
f 402/211/402 401/210/401 403/212/403
vt 0.8666667 0.0000000
vt 0.9333333 1.0000000
f 404/213/404 403/212/403 405/214/405
vt 0.9333333 0.0000000
f 406/215/406 405/214/405 407/3/407
f 407/3/407 408/2/408 406/215/406
f 405/214/405 406/215/406 404/213/404
f 403/212/403 404/213/404 402/211/402
f 401/210/401 402/211/402 400/209/400
f 399/208/399 400/209/400 398/207/398
f 397/206/397 398/207/398 396/205/396
f 395/204/395 396/205/396 394/203/394
f 393/202/393 394/203/394 392/201/392
f 391/200/391 392/201/392 390/199/390
f 389/198/389 390/199/390 388/197/388
f 387/196/387 388/197/388 386/195/386
f 385/194/385 386/195/386 384/193/384
f 383/192/383 384/193/384 382/191/382
f 381/190/381 382/191/382 380/189/380
f 379/188/379 380/189/380 377/58/377
vt 0.0000000 0.9333333
vt 0.3333389 1.0000000
f 409/216/409 410/60/410 411/217/411
vt 0.3353334 0.9333333
f 411/217/411 412/218/412 409/216/409
vt 0.3353334 1.0000000
vt 0.6666775 1.0000000
f 412/218/412 413/219/413 414/220/414
vt 0.6706669 0.9333333
f 414/220/414 415/221/415 412/218/412
vt 0.0000000 0.8666667
f 416/222/416 409/216/409 412/218/412
vt 0.3353334 0.8666667
f 417/223/417 412/218/412 415/221/415
vt 0.0000000 0.8000000
f 418/224/418 416/222/416 417/223/417
vt 0.3353334 0.8000000
vt 0.6706669 0.8666667
f 419/225/419 417/223/417 420/226/420
vt 0.0000000 0.7333333
f 421/227/421 418/224/418 419/225/419
vt 0.3353334 0.7333333
vt 0.6706669 0.8000000
f 422/228/422 419/225/419 423/229/423
vt 0.0000000 0.6666666
f 424/230/424 421/227/421 422/228/422
vt 0.3353334 0.6666666
vt 0.6706669 0.7333333
f 425/231/425 422/228/422 426/232/426
vt 0.0000000 0.6000000
f 427/233/427 424/230/424 425/231/425
vt 0.3353334 0.6000000
vt 0.6706669 0.6666666
f 428/234/428 425/231/425 429/235/429
vt 0.0000000 0.5333333
f 430/236/430 427/233/427 428/234/428
vt 0.3353334 0.5333333
vt 0.6706669 0.6000000
f 431/237/431 428/234/428 432/238/432
vt 0.0000000 0.4666666
f 433/239/433 430/236/430 431/237/431
vt 0.3353334 0.4666666
vt 0.6706669 0.5333333
f 434/240/434 431/237/431 435/241/435
vt 0.0000000 0.4000000
f 436/242/436 433/239/433 434/240/434
vt 0.3353334 0.4000000
vt 0.6706669 0.4666666
f 437/243/437 434/240/434 438/244/438
vt 0.0000000 0.3333333
f 439/245/439 436/242/436 437/243/437
vt 0.3353334 0.3333333
vt 0.6706669 0.4000000
f 440/246/440 437/243/437 441/247/441
vt 0.0000000 0.2666667
f 442/248/442 439/245/439 440/246/440
vt 0.3353334 0.2666667
vt 0.6706669 0.3333333
f 443/249/443 440/246/440 444/250/444
vt 0.0000000 0.2000000
f 445/251/445 442/248/442 443/249/443
vt 0.3353334 0.2000000
vt 0.6706669 0.2666667
f 446/252/446 443/249/443 447/253/447
vt 0.0000000 0.1333333
f 448/254/448 445/251/445 446/252/446
vt 0.3353334 0.1333333
vt 0.6706669 0.2000000
f 449/255/449 446/252/446 450/256/450
vt 0.0000000 0.0666667
f 451/257/451 448/254/448 449/255/449
vt 0.3353334 0.0666667
vt 0.6706669 0.1333333
f 452/258/452 449/255/449 453/259/453
f 454/58/454 451/257/451 452/258/452
vt 0.3353334 0.0000000
vt 0.6706669 0.0666667
f 455/260/455 452/258/452 456/261/456
vt 1.0000000 0.9333333
f 457/3/457 458/262/458 415/221/415
vt 1.0000000 0.8666667
f 458/262/458 459/263/459 420/226/420
vt 1.0000000 0.8000000
f 459/263/459 460/264/460 423/229/423
vt 1.0000000 0.7333333
f 460/264/460 461/265/461 426/232/426
vt 1.0000000 0.6666666
f 461/265/461 462/266/462 429/235/429
vt 1.0000000 0.6000000
f 462/266/462 463/267/463 432/238/432
vt 1.0000000 0.5333333
f 463/267/463 464/268/464 435/241/435
f 438/244/438 435/241/435 464/268/464
vt 1.0000000 0.4666666
vt 1.0000000 0.4000000
f 438/244/438 465/269/465 466/270/466
vt 1.0000000 0.3333333
f 441/247/441 466/270/466 467/271/467
vt 1.0000000 0.2666667
f 444/250/444 467/271/467 468/272/468
vt 1.0000000 0.2000000
f 447/253/447 468/272/468 469/273/469
vt 1.0000000 0.1333333
f 450/256/450 469/273/469 470/274/470
vt 1.0000000 0.0666667
f 453/259/453 470/274/470 471/275/471
f 456/261/456 471/275/471 472/2/472
vt 0.6706669 0.0000000
f 472/2/472 473/276/473 456/261/456
f 471/275/471 456/261/456 453/259/453
f 470/274/470 453/259/453 450/256/450
f 469/273/469 450/256/450 447/253/447
f 468/272/468 447/253/447 444/250/444
f 467/271/467 444/250/444 441/247/441
f 466/270/466 441/247/441 438/244/438
f 464/268/464 465/269/465 438/244/438
f 435/241/435 432/238/432 463/267/463
f 432/238/432 429/235/429 462/266/462
f 429/235/429 426/232/426 461/265/461
f 426/232/426 423/229/423 460/264/460
f 423/229/423 420/226/420 459/263/459
f 420/226/420 415/221/415 458/262/458
vt 0.6706669 1.0000000
f 415/221/415 474/277/474 457/3/457
f 456/261/456 473/276/473 455/260/455
f 452/258/452 455/260/455 454/58/454
f 453/259/453 456/261/456 452/258/452
f 449/255/449 452/258/452 451/257/451
f 450/256/450 453/259/453 449/255/449
f 446/252/446 449/255/449 448/254/448
f 447/253/447 450/256/450 446/252/446
f 443/249/443 446/252/446 445/251/445
f 444/250/444 447/253/447 443/249/443
f 440/246/440 443/249/443 442/248/442
f 441/247/441 444/250/444 440/246/440
f 437/243/437 440/246/440 439/245/439
f 438/244/438 441/247/441 437/243/437
f 434/240/434 437/243/437 436/242/436
f 435/241/435 438/244/438 434/240/434
f 431/237/431 434/240/434 433/239/433
f 432/238/432 435/241/435 431/237/431
f 428/234/428 431/237/431 430/236/430
f 429/235/429 432/238/432 428/234/428
f 425/231/425 428/234/428 427/233/427
f 426/232/426 429/235/429 425/231/425
f 422/228/422 425/231/425 424/230/424
f 423/229/423 426/232/426 422/228/422
f 419/225/419 422/228/422 421/227/421
f 420/226/420 423/229/423 419/225/419
f 417/223/417 419/225/419 418/224/418
f 415/221/415 420/226/420 417/223/417
f 412/218/412 417/223/417 416/222/416
f 414/220/414 474/277/474 415/221/415
f 411/217/411 413/219/413 412/218/412
vt 1.0000000 0.1093829
f 475/214/475 476/3/476 477/278/477
vt 0.9671642 0.1092374
f 477/278/477 478/279/478 475/214/475
vt 0.9343283 0.1088014
f 478/279/478 479/280/479 475/214/475
vt 0.9004620 0.1080486
vt 0.8675906 0.1070255
f 480/212/480 481/281/481 482/282/482
vt 0.9333340 0.1087793
f 480/212/480 475/214/475 483/283/483
f 483/283/483 481/281/481 480/212/480
vt 0.8337598 0.1056747
vt 0.8008528 0.1040745
f 484/210/484 485/284/485 486/285/486
vt 0.8666673 0.1069886
f 484/210/484 480/212/480 487/286/487
f 487/286/487 485/284/485 484/210/484
vt 0.7670575 0.1021417
vt 0.7341151 0.0999808
f 488/208/488 489/287/489 490/288/490
vt 0.8000005 0.1040257
f 488/208/488 484/210/484 491/289/491
f 491/289/491 489/287/489 488/208/488
vt 0.7003554 0.0974885
vt 0.6673774 0.0947893
f 492/206/492 493/290/493 494/291/494
vt 0.7333338 0.0999231
f 492/206/492 488/208/488 495/292/495
f 495/292/495 493/290/493 492/206/492
vt 0.6666671 0.0947256
f 496/204/496 492/206/492 497/293/497
vt 0.6336532 0.0917661
f 497/293/497 498/294/498 496/204/496
vt 0.6006396 0.0885571
f 498/294/498 499/295/499 496/204/496
vt 0.6000016 0.0884882
f 500/202/500 496/204/496 501/296/501
vt 0.5339019 0.0813527
f 501/296/501 502/297/502 500/202/500
vt 0.5333347 0.0812837
f 503/200/503 500/202/500 504/298/504
vt 0.4671642 0.0732549
f 504/298/504 505/299/505 503/200/503
vt 0.4666678 0.0731886
f 506/198/506 503/200/503 507/300/507
vt 0.4004264 0.0643529
f 507/300/507 508/301/508 506/198/506
vt 0.4000010 0.0642915
f 509/196/509 506/198/506 510/302/510
vt 0.3336887 0.0547443
f 510/302/510 511/303/511 509/196/509
vt 0.3333341 0.0546899
f 512/194/512 509/196/509 513/304/513
vt 0.2669510 0.0445346
f 513/304/513 514/305/514 512/194/512
vt 0.2666673 0.0444891
f 515/192/515 512/194/512 516/306/516
vt 0.2002132 0.0338360
f 516/306/516 517/307/517 515/192/515
vt 0.2000005 0.0338007
f 518/190/518 515/192/515 519/308/519
vt 0.1334755 0.0227659
f 519/308/519 520/309/520 518/190/518
vt 0.1333337 0.0227418
f 521/188/521 518/190/518 522/310/522
vt 0.0667377 0.0114458
f 522/310/522 523/311/523 521/188/521
vt 0.0666668 0.0114336
f 524/60/524 521/188/521 525/312/525
vt 0.0000000 0.0000000
f 525/312/525 526/313/526 524/60/524
f 523/311/523 525/312/525 521/188/521
f 520/309/520 522/310/522 518/190/518
f 517/307/517 519/308/519 515/192/515
f 514/305/514 516/306/516 512/194/512
f 511/303/511 513/304/513 509/196/509
f 508/301/508 510/302/510 506/198/506
f 505/299/505 507/300/507 503/200/503
f 502/297/502 504/298/504 500/202/500
f 499/295/499 501/296/501 496/204/496
f 494/291/494 497/293/497 492/206/492
f 490/288/490 495/292/495 488/208/488
f 486/285/486 491/289/491 484/210/484
f 482/282/482 487/286/487 480/212/480
f 479/280/479 483/283/483 475/214/475
vt 0.0554965 0.0033719
vt 0.0554965 0.9966281
f 527/314/527 528/60/528 529/315/529
vt 0.0555556 0.0033755
f 529/315/529 530/316/530 527/314/527
vt 0.0000000 0.0000000
f 527/314/527 531/317/531 528/60/528
vt 0.1109931 0.0067068
vt 0.1109931 0.9932932
vt 0.1111111 0.9932861
f 532/318/532 533/319/533 534/320/534
vt 0.0555556 0.9966245
f 532/318/532 535/321/535 533/319/533
vt 0.1111111 0.0067139
f 534/320/534 536/322/536 532/318/532
vt 0.1664896 0.0099682
vt 0.1664896 0.9900318
vt 0.1666667 0.9900214
f 537/323/537 538/324/538 539/325/539
f 537/323/537 534/320/534 538/324/538
vt 0.1666667 0.0099786
f 539/325/539 540/326/540 537/323/537
vt 0.2219861 0.0131202
vt 0.2219861 0.9868798
vt 0.2222222 0.9868663
f 541/327/541 542/328/542 543/329/543
f 541/327/541 539/325/539 542/328/542
vt 0.2222222 0.0131337
f 543/329/543 544/330/544 541/327/541
vt 0.2774826 0.0161286
vt 0.2774826 0.9838714
f 545/331/545 543/329/543 546/332/546
vt 0.2777778 0.0161446
f 546/332/546 547/333/547 545/331/545
vt 0.2777778 0.9838554
f 546/332/546 548/334/548 547/333/547
vt 0.3329792 0.9810398
vt 0.3333333 0.9810217
vt 0.3333333 0.0189783
f 549/335/549 550/336/550 551/337/551
vt 0.3329792 0.0189602
f 551/337/551 552/338/552 549/335/549
f 547/333/547 548/334/548 549/335/549
vt 0.3884757 0.0215840
vt 0.3884757 0.9784160
vt 0.3888889 0.9783964
f 553/339/553 554/340/554 555/341/555
f 553/339/553 550/336/550 554/340/554
vt 0.3888889 0.0216036
f 555/341/555 556/342/556 553/339/553
vt 0.4439723 0.0239713
vt 0.4439723 0.9760287
vt 0.4444444 0.9760083
f 557/343/557 558/344/558 559/345/559
f 557/343/557 555/341/555 558/344/558
vt 0.4444444 0.0239917
f 559/345/559 560/346/560 557/343/557
vt 0.4994688 0.0260960
vt 0.4994688 0.9739040
f 561/347/561 559/345/559 562/348/562
vt 0.5000000 0.0261164
f 562/348/562 563/349/563 561/347/561
f 561/347/561 560/346/560 559/345/559
vt 0.5555556 0.0279543
vt 0.5274820 0.9729373
vt 0.5549643 0.9720645
f 564/350/564 565/351/565 566/352/566
vt 0.5549643 0.0279355
vt 0.5000000 0.9738836
f 567/353/567 568/354/568 565/351/565
f 565/351/565 564/350/564 567/353/567
vt 0.5274820 0.0270627
f 567/353/567 569/355/569 568/354/568
f 569/355/569 563/349/563 568/354/568
vt 0.6111111 0.0294853
vt 0.5830079 0.9712497
vt 0.6104607 0.9705317
f 570/356/570 571/357/571 572/358/572
vt 0.6104607 0.0294683
vt 0.5555556 0.9720457
f 573/359/573 574/360/574 571/357/571
f 571/357/571 570/356/570 573/359/573
vt 0.5830079 0.0287503
f 573/359/573 575/361/575 574/360/574
f 575/361/575 564/350/564 574/360/574
vt 0.6666667 0.0306926
vt 0.6385339 0.9698774
vt 0.6659572 0.9693218
f 576/362/576 577/363/577 578/364/578
vt 0.6659572 0.0306782
vt 0.6111111 0.9705147
f 579/365/579 580/366/580 577/363/577
f 577/363/577 576/362/576 579/365/579
vt 0.6385339 0.0301226
f 579/365/579 581/367/581 580/366/580
f 581/367/581 570/356/570 580/366/580
vt 0.7222222 0.0315629
vt 0.6940599 0.9688355
vt 0.7214536 0.9684480
f 582/368/582 583/369/583 584/370/584
vt 0.7214536 0.0315520
vt 0.6666667 0.9693074
f 585/371/585 586/372/586 583/369/583
f 583/369/583 582/368/582 585/371/585
vt 0.6940599 0.0311645
f 585/371/585 587/373/587 586/372/586
vt 0.7222222 0.9684371
f 584/370/584 588/374/588 582/368/582
vt 0.7777778 0.0320866
vt 0.7495859 0.9681354
vt 0.7769500 0.9679199
f 589/375/589 590/376/590 591/377/591
vt 0.7769500 0.0320801
f 592/378/592 588/374/588 590/376/590
f 590/376/590 589/375/589 592/378/592
vt 0.7495859 0.0318646
f 592/378/592 593/379/593 588/374/588
vt 0.7777778 0.9679134
f 591/377/591 594/380/594 589/375/589
vt 0.8333333 0.0322581
vt 0.8051118 0.9677848
vt 0.8324459 0.9677420
f 595/381/595 596/382/596 597/383/597
vt 0.8324459 0.0322581
f 598/384/598 594/380/594 596/382/596
f 596/382/596 595/381/595 598/384/598
vt 0.8051118 0.0322152
f 598/384/598 599/385/599 594/380/594
vt 0.8333333 0.9677420
f 597/383/597 600/386/600 595/381/595
vt 0.8888889 0.9677420
f 595/381/595 600/386/600 601/387/601
vt 0.8888889 0.0322581
vt 0.9444444 0.9677420
f 602/388/602 601/387/601 603/389/603
vt 0.9444444 0.0322581
vt 1.0000000 0.9677420
f 604/390/604 603/389/603 605/391/605
vt 1.0000000 0.0322581
f 605/391/605 606/392/606 604/390/604
f 603/389/603 604/390/604 602/388/602
f 601/387/601 602/388/602 595/381/595
f 599/385/599 589/375/589 594/380/594
f 593/379/593 582/368/582 588/374/588
f 587/373/587 576/362/576 586/372/586
f 578/364/578 586/372/586 576/362/576
f 572/358/572 580/366/580 570/356/570
f 566/352/566 574/360/574 564/350/564
f 562/348/562 568/354/568 563/349/563
f 557/343/557 556/342/556 555/341/555
f 553/339/553 551/337/551 550/336/550
f 552/338/552 547/333/547 549/335/549
f 545/331/545 544/330/544 543/329/543
f 541/327/541 540/326/540 539/325/539
f 537/323/537 536/322/536 534/320/534
f 532/318/532 530/316/530 535/321/535
f 529/315/529 535/321/535 530/316/530
vt 0.0666668 0.9885664
f 607/58/607 608/60/608 609/393/609
vt 0.0667377 0.9885542
f 610/189/610 609/393/609 611/394/611
f 611/394/611 612/191/612 610/189/610
vt 0.1333337 0.9772582
vt 0.1334755 0.9772341
f 612/191/612 613/395/613 614/396/614
f 614/396/614 615/193/615 612/191/612
vt 0.2000005 0.9661993
vt 0.2002132 0.9661640
f 615/193/615 616/397/616 617/398/617
f 617/398/617 618/195/618 615/193/615
vt 0.2666673 0.9555109
vt 0.2669510 0.9554654
f 618/195/618 619/399/619 620/400/620
f 620/400/620 621/197/621 618/195/618
vt 0.3333341 0.9453101
vt 0.3336887 0.9452557
f 621/197/621 622/401/622 623/402/623
f 623/402/623 624/199/624 621/197/621
vt 0.4000010 0.9357085
vt 0.4004264 0.9356471
f 624/199/624 625/403/625 626/404/626
f 626/404/626 627/201/627 624/199/624
vt 0.4666678 0.9268114
vt 0.4671642 0.9267451
f 627/201/627 628/405/628 629/406/629
f 629/406/629 630/203/630 627/201/627
vt 0.5333347 0.9187163
vt 0.5339019 0.9186473
f 630/203/630 631/407/631 632/408/632
f 632/408/632 633/205/633 630/203/630
vt 0.6006396 0.9114429
vt 0.6336532 0.9082339
f 634/207/634 635/409/635 636/410/636
vt 0.6000016 0.9115118
f 633/205/633 637/411/637 635/409/635
f 635/409/635 634/207/634 633/205/633
vt 0.7003554 0.9025115
vt 0.7333338 0.9000769
f 634/207/634 638/412/638 639/413/639
vt 0.6666671 0.9052744
vt 0.6673774 0.9052107
f 634/207/634 640/414/640 641/415/641
f 641/415/641 638/412/638 634/207/634
vt 0.7670575 0.8978583
vt 0.8000005 0.8959743
f 642/209/642 643/416/643 644/417/644
vt 0.7341151 0.9000192
f 642/209/642 639/413/639 645/418/645
f 645/418/645 643/416/643 642/209/642
vt 0.8337598 0.8943253
vt 0.8666673 0.8930114
f 646/211/646 647/419/647 648/420/648
vt 0.8008528 0.8959255
f 646/211/646 644/417/644 649/421/649
f 649/421/649 647/419/647 646/211/646
vt 0.9004620 0.8919514
vt 0.9333340 0.8912207
f 650/213/650 651/422/651 652/423/652
vt 0.8675906 0.8929745
f 650/213/650 648/420/648 653/424/653
f 653/424/653 651/422/651 650/213/650
vt 0.9343283 0.8911986
vt 0.9671642 0.8907626
f 654/2/654 655/425/655 656/426/656
f 657/215/657 652/423/652 655/425/655
f 655/425/655 654/2/654 657/215/657
vt 1.0000000 0.8906171
f 656/426/656 658/427/658 654/2/654
f 652/423/652 657/215/657 650/213/650
f 648/420/648 650/213/650 646/211/646
f 644/417/644 646/211/646 642/209/642
f 639/413/639 642/209/642 634/207/634
f 636/410/636 640/414/640 634/207/634
f 632/408/632 637/411/637 633/205/633
f 629/406/629 631/407/631 630/203/630
f 626/404/626 628/405/628 627/201/627
f 623/402/623 625/403/625 624/199/624
f 620/400/620 622/401/622 621/197/621
f 617/398/617 619/399/619 618/195/618
f 614/396/614 616/397/616 615/193/615
f 611/394/611 613/395/613 612/191/612
f 609/393/609 610/189/610 607/58/607
f 659/178/659 660/183/660 661/180/661
f 659/178/659 662/184/662 660/183/660
f 663/179/663 661/180/661 664/182/664
f 665/3/665 666/185/666 667/187/667
f 666/185/666 665/3/665 662/184/662
f 664/182/664 668/181/668 663/179/663
f 667/187/667 669/2/669 665/3/665
f 661/180/661 663/179/663 659/178/659
f 662/184/662 659/178/659 666/185/666
f 667/187/667 670/186/670 669/2/669
f 671/216/671 672/60/672 673/219/673
f 674/218/674 673/219/673 675/277/675
f 676/222/676 671/216/671 674/218/674
f 677/223/677 674/218/674 678/221/678
f 679/224/679 676/222/676 677/223/677
f 680/225/680 677/223/677 681/226/681
f 682/227/682 679/224/679 680/225/680
f 683/228/683 680/225/680 684/229/684
f 685/230/685 682/227/682 683/228/683
f 686/231/686 683/228/683 687/232/687
f 688/233/688 685/230/685 686/231/686
f 689/234/689 686/231/686 690/235/690
f 691/236/691 688/233/688 689/234/689
f 692/237/692 689/234/689 693/238/693
f 694/239/694 691/236/691 692/237/692
f 695/240/695 692/237/692 696/241/696
f 697/242/697 694/239/694 695/240/695
f 698/243/698 695/240/695 699/244/699
f 700/245/700 697/242/697 698/243/698
f 701/246/701 698/243/698 702/247/702
f 703/248/703 700/245/700 701/246/701
f 704/249/704 701/246/701 705/250/705
f 706/251/706 703/248/703 704/249/704
f 707/252/707 704/249/704 708/253/708
f 709/254/709 706/251/706 707/252/707
f 710/255/710 707/252/707 711/256/711
f 712/257/712 709/254/709 710/255/710
f 713/258/713 710/255/710 714/259/714
f 715/58/715 712/257/712 713/258/713
f 716/260/716 713/258/713 717/261/717
f 678/221/678 675/277/675 718/3/718
f 681/226/681 678/221/678 719/262/719
f 684/229/684 681/226/681 720/263/720
f 687/232/687 684/229/684 721/264/721
f 690/235/690 687/232/687 722/265/722
f 693/238/693 690/235/690 723/266/723
f 696/241/696 693/238/693 724/267/724
f 699/244/699 696/241/696 725/268/725
f 702/247/702 699/244/699 726/269/726
f 705/250/705 702/247/702 727/270/727
f 708/253/708 705/250/705 728/271/728
f 711/256/711 708/253/708 729/272/729
f 714/259/714 711/256/711 730/273/730
f 717/261/717 714/259/714 731/274/731
f 732/276/732 717/261/717 733/275/733
f 733/275/733 734/2/734 732/276/732
f 731/274/731 733/275/733 717/261/717
f 730/273/730 731/274/731 714/259/714
f 729/272/729 730/273/730 711/256/711
f 728/271/728 729/272/729 708/253/708
f 727/270/727 728/271/728 705/250/705
f 726/269/726 727/270/727 702/247/702
f 725/268/725 726/269/726 699/244/699
f 724/267/724 725/268/725 696/241/696
f 723/266/723 724/267/724 693/238/693
f 722/265/722 723/266/723 690/235/690
f 721/264/721 722/265/722 687/232/687
f 720/263/720 721/264/721 684/229/684
f 719/262/719 720/263/720 681/226/681
f 718/3/718 719/262/719 678/221/678
f 717/261/717 732/276/732 716/260/716
f 713/258/713 716/260/716 715/58/715
f 714/259/714 717/261/717 713/258/713
f 710/255/710 713/258/713 712/257/712
f 711/256/711 714/259/714 710/255/710
f 707/252/707 710/255/710 709/254/709
f 708/253/708 711/256/711 707/252/707
f 704/249/704 707/252/707 706/251/706
f 705/250/705 708/253/708 704/249/704
f 701/246/701 704/249/704 703/248/703
f 702/247/702 705/250/705 701/246/701
f 698/243/698 701/246/701 700/245/700
f 699/244/699 702/247/702 698/243/698
f 695/240/695 698/243/698 697/242/697
f 696/241/696 699/244/699 695/240/695
f 692/237/692 695/240/695 694/239/694
f 693/238/693 696/241/696 692/237/692
f 689/234/689 692/237/692 691/236/691
f 690/235/690 693/238/693 689/234/689
f 686/231/686 689/234/689 688/233/688
f 687/232/687 690/235/690 686/231/686
f 683/228/683 686/231/686 685/230/685
f 684/229/684 687/232/687 683/228/683
f 680/225/680 683/228/683 682/227/682
f 681/226/681 684/229/684 680/225/680
f 677/223/677 680/225/680 679/224/679
f 678/221/678 681/226/681 677/223/677
f 674/218/674 677/223/677 676/222/676
f 675/277/675 678/221/678 674/218/674
f 673/219/673 674/218/674 671/216/671
f 735/58/735 736/60/736 737/188/737
f 738/189/738 737/188/737 739/190/739
f 740/191/740 739/190/739 741/192/741
f 742/193/742 741/192/741 743/194/743
f 744/195/744 743/194/743 745/196/745
f 746/197/746 745/196/745 747/198/747
f 748/199/748 747/198/747 749/200/749
f 750/201/750 749/200/749 751/202/751
f 752/203/752 751/202/751 753/204/753
f 754/205/754 753/204/753 755/206/755
f 756/207/756 755/206/755 757/208/757
f 758/209/758 757/208/757 759/210/759
f 760/211/760 759/210/759 761/212/761
f 762/213/762 761/212/761 763/214/763
f 764/215/764 763/214/763 765/3/765
f 765/3/765 766/2/766 764/215/764
f 763/214/763 764/215/764 762/213/762
f 761/212/761 762/213/762 760/211/760
f 759/210/759 760/211/760 758/209/758
f 757/208/757 758/209/758 756/207/756
f 755/206/755 756/207/756 754/205/754
f 753/204/753 754/205/754 752/203/752
f 751/202/751 752/203/752 750/201/750
f 749/200/749 750/201/750 748/199/748
f 747/198/747 748/199/748 746/197/746
f 745/196/745 746/197/746 744/195/744
f 743/194/743 744/195/744 742/193/742
f 741/192/741 742/193/742 740/191/740
f 739/190/739 740/191/740 738/189/738
f 737/188/737 738/189/738 735/58/735
vt 0.9999997 1.0000000
vt 0.6706667 0.0792295
f 767/428/767 768/2/768 769/429/769
vt 0.6706667 1.0000000
vt 0.3353333 0.1590152
f 770/430/770 769/429/769 771/431/771
vt 0.3353333 1.0000000
vt 0.0000000 0.2370152
f 772/432/772 771/431/771 773/433/773
f 773/433/773 774/60/774 772/432/772
f 771/431/771 772/432/772 770/430/770
f 769/429/769 770/430/770 767/428/767
vt 0.0000000 0.4690854
vt 0.9073597 0.4004686
f 775/2/775 776/434/776 777/435/777
vt 0.0000000 0.7541692
f 777/435/777 776/434/776 778/436/778
vt 0.9073597 0.8260663
f 778/436/778 779/437/779 777/435/777
vt 1.0000000 0.8260663
f 780/3/780 781/438/781 779/437/779
f 779/437/779 778/436/778 780/3/780
vt 1.0000000 0.4004686
f 777/435/777 782/439/782 775/2/775
vt 0.9090909 0.0033967
f 783/3/783 784/2/784 785/440/785
vt 0.9090909 0.9982199
vt 0.8181818 0.0066395
f 786/441/786 785/440/785 787/442/787
vt 0.8181818 0.9965205
vt 0.7272727 0.0096933
f 788/443/788 787/442/787 789/444/789
vt 0.7272727 0.9949201
vt 0.6363636 0.0125253
f 790/445/790 789/444/789 791/446/791
vt 0.6363636 0.9934360
vt 0.5454546 0.0151049
f 792/447/792 791/446/791 793/448/793
vt 0.5454546 0.9920840
vt 0.4545455 0.0174046
f 794/449/794 793/448/793 795/450/795
vt 0.4545455 0.9908789
vt 0.3636364 0.0193993
f 796/451/796 795/450/795 797/452/797
vt 0.3636364 0.9898335
vt 0.2727273 0.0210677
f 798/453/798 797/452/797 799/454/799
vt 0.2727273 0.9889591
vt 0.1818182 0.0223919
f 800/455/800 799/454/799 801/456/801
vt 0.1818182 0.9882652
vt 0.1363636 0.0229203
vt 0.0909091 0.0233575
f 802/457/802 803/458/803 804/459/804
f 802/457/802 801/456/801 803/458/803
vt 0.0909091 0.9877592
vt 0.0454545 0.0237025
vt 0.0000000 0.0239542
f 805/460/805 806/461/806 807/462/807
f 805/460/805 804/459/804 806/461/806
vt 0.0000000 0.9874464
f 807/462/807 808/463/808 805/460/805
f 804/459/804 805/460/805 802/457/802
f 801/456/801 802/457/802 800/455/800
f 799/454/799 800/455/800 798/453/798
f 797/452/797 798/453/798 796/451/796
f 795/450/795 796/451/796 794/449/794
f 793/448/793 794/449/794 792/447/792
f 791/446/791 792/447/792 790/445/790
f 789/444/789 790/445/790 788/443/788
f 787/442/787 788/443/788 786/441/786
f 785/440/785 786/441/786 783/3/783
vt 0.0714286 0.0176630
vt 0.0000000 0.0179719
vt 0.0000000 0.9657066
f 809/464/809 810/465/810 811/466/811
vt 0.0357143 0.9659553
f 811/466/811 812/467/812 809/464/809
vt 0.1428571 0.0171627
vt 0.0714286 0.9662961
f 813/468/813 809/464/809 814/469/814
vt 0.1071429 0.9667284
f 814/469/814 815/470/815 813/468/813
vt 0.2142857 0.0164763
vt 0.1428571 0.9672508
f 816/471/816 813/468/813 817/472/817
vt 0.2857143 0.0156115
vt 0.2142857 0.9685604
f 818/473/818 816/471/816 819/474/819
vt 0.3571429 0.0145774
vt 0.2857143 0.9702107
f 820/475/820 818/473/818 821/476/821
vt 0.4285714 0.0133855
vt 0.3571429 0.9721838
f 822/477/822 820/475/820 823/478/823
vt 0.5000000 0.0120484
vt 0.4285714 0.9744584
f 824/479/824 822/477/822 825/480/825
vt 0.5714286 0.0105808
vt 0.5000000 0.9770097
f 826/481/826 824/479/824 827/482/827
vt 0.6428571 0.0089985
vt 0.5714286 0.9798102
f 828/483/828 826/481/826 829/484/829
vt 0.7142857 0.0073187
vt 0.6428571 0.9828295
f 830/485/830 828/483/828 831/486/831
vt 0.7857143 0.0055595
vt 0.7142857 0.9860348
f 832/487/832 830/485/830 833/488/833
vt 0.8571429 0.0037402
vt 0.7857143 0.9893915
f 834/489/834 832/487/832 835/490/835
vt 0.9285714 0.0018803
vt 0.8571429 0.9928632
f 836/491/836 834/489/834 837/492/837
vt 0.9285714 0.9964122
f 838/2/838 836/491/836 839/493/839
f 839/493/839 840/3/840 838/2/838
f 837/492/837 839/493/839 836/491/836
f 835/490/835 837/492/837 834/489/834
f 833/488/833 835/490/835 832/487/832
f 831/486/831 833/488/833 830/485/830
f 829/484/829 831/486/831 828/483/828
f 827/482/827 829/484/829 826/481/826
f 825/480/825 827/482/827 824/479/824
f 823/478/823 825/480/825 822/477/822
f 821/476/821 823/478/823 820/475/820
f 819/474/819 821/476/821 818/473/818
f 817/472/817 819/474/819 816/471/816
f 815/470/815 817/472/817 813/468/813
f 812/467/812 814/469/814 809/464/809
vt 0.0006704 0.0359292
vt 0.0028121 0.0214200
vt 0.0019554 0.0259867
f 841/494/841 842/495/842 843/496/843
vt 0.0037996 0.0171900
f 841/494/841 844/497/844 842/495/842
vt 0.0049072 0.0133426
f 841/494/841 845/498/845 844/497/844
vt 0.0061231 0.0099195
f 841/494/841 846/499/846 845/498/845
vt 0.0148885 0.0000000
vt 0.0006672 0.0572126
vt 0.0012327 0.0622863
f 847/500/847 848/501/848 849/502/849
vt 0.0074339 0.0069578
f 841/494/841 850/503/850 846/499/846
vt 0.0019452 0.0671274
f 849/502/849 851/504/851 847/500/847
vt 0.0088255 0.0044895
f 841/494/841 852/505/852 850/503/850
vt 0.0027970 0.0716838
f 851/504/851 853/506/853 847/500/847
vt 0.0102828 0.0025414
f 841/494/841 854/507/854 852/505/852
vt 0.0037791 0.0759065
f 853/506/853 855/508/855 847/500/847
vt 0.0001079 0.0438809
vt 0.0000000 0.0465878
f 847/500/847 856/509/856 857/510/857
vt 0.0117900 0.0011346
f 841/494/841 858/511/858 854/507/854
vt 0.0048807 0.0797498
f 855/508/855 859/512/859 847/500/847
vt 0.0002559 0.0411973
f 847/500/847 860/513/860 856/509/856
vt 0.0133308 0.0002844
f 841/494/841 861/514/861 858/511/858
vt 0.0060901 0.0831726
f 859/512/859 862/515/862 847/500/847
vt 0.0004436 0.0385443
f 847/500/847 863/516/863 860/513/860
f 841/494/841 847/500/847 861/514/861
vt 0.0073943 0.0861379
f 862/515/862 864/517/864 847/500/847
vt 0.0001075 0.0492859
f 857/510/857 865/518/865 847/500/847
vt 0.0012390 0.0308406
f 843/496/843 866/519/866 841/494/841
vt 0.0087791 0.0886138
f 864/517/864 867/520/867 847/500/847
f 841/494/841 863/516/863 847/500/847
vt 0.7129100 0.8959236
vt 0.7742372 0.9538064
f 868/2/868 869/521/869 870/522/870
vt 0.0004416 0.0546055
f 847/500/847 871/523/871 848/501/848
vt 0.0002548 0.0519609
f 865/518/865 872/524/872 847/500/847
vt 0.8369684 0.9886276
f 870/522/870 873/525/873 868/2/868
vt 0.0102296 0.0905737
f 847/500/847 874/526/874 869/521/869
f 872/524/872 871/523/871 847/500/847
f 869/521/869 868/2/868 847/500/847
vt 0.8992623 1.0000000
f 873/525/873 875/527/875 868/2/868
f 867/520/867 874/526/874 847/500/847
f 875/527/875 876/3/876 868/2/868
vt 0.0087494 0.6721403
vt 0.0443544 0.7837592
vt 0.0293176 0.7475201
f 877/528/877 878/529/878 879/530/879
vt 0.0628515 0.8189335
f 877/528/877 880/531/880 878/529/878
vt 0.0851151 0.8528360
f 877/528/877 881/532/881 880/531/880
vt 0.1115006 0.8851132
f 877/528/877 882/533/882 881/532/881
vt 0.1423795 0.9152282
f 877/528/877 883/534/883 882/533/882
vt 0.1780849 0.9424297
f 877/528/877 884/535/884 883/534/883
vt 0.3693045 1.0000000
vt 0.0071300 0.6630479
vt 0.0020594 0.6236238
f 885/536/885 886/537/886 887/538/887
vt 0.2188302 0.9657372
f 877/528/877 888/539/888 884/535/884
vt 0.0000000 0.5830880
f 887/538/887 889/540/889 885/536/885
vt 0.2646011 0.9839652
f 877/528/877 890/541/890 888/539/888
vt 0.0010762 0.5413444
f 889/540/889 891/542/891 885/536/885
vt 0.3150328 0.9958078
f 877/528/877 892/543/892 890/541/890
vt 0.0055075 0.4983137
f 891/542/891 893/544/893 885/536/885
f 877/528/877 885/536/885 892/543/892
vt 0.0136103 0.4539644
f 893/544/893 894/545/894 885/536/885
vt 0.0175028 0.7103101
f 879/530/879 895/546/895 877/528/877
f 877/528/877 886/537/886 885/536/885
vt 0.0175958 0.4373152
vt 0.1291707 0.0000002
f 896/3/896 897/547/897 898/548/898
f 897/547/897 896/3/896 885/536/885
f 894/545/894 897/547/897 885/536/885
f 898/548/898 899/2/899 896/3/896
vt 0.9261088 1.0000000
vt 0.9261088 0.0000000
f 900/549/900 901/550/901 902/2/902
vt 0.7308615 1.0000000
vt 0.7308615 0.0000000
f 903/551/903 904/552/904 901/550/901
vt 0.5423156 1.0000000
vt 0.5423156 0.0000000
f 905/553/905 906/554/906 904/552/904
vt 0.3587767 1.0000000
vt 0.3587767 0.0000000
f 907/555/907 908/556/908 906/554/906
vt 0.1785605 1.0000000
vt 0.1785605 0.0000000
f 909/557/909 910/558/910 908/556/908
f 911/60/911 912/58/912 910/558/910
f 910/558/910 909/557/909 911/60/911
f 908/556/908 907/555/907 909/557/909
f 906/554/906 905/553/905 907/555/907
f 904/552/904 903/551/903 905/553/905
f 901/550/901 900/549/900 903/551/903
f 902/2/902 913/3/913 900/549/900
vt 0.9842874 1.0000000
vt 0.9842874 0.0000000
f 914/559/914 915/560/915 916/2/916
vt 0.9170841 1.0000000
vt 0.9170841 0.0000000
f 917/561/917 918/562/918 915/560/915
vt 0.8491120 1.0000000
vt 0.8491120 0.0000000
f 919/563/919 920/564/920 918/562/918
vt 0.7797432 1.0000000
vt 0.7797432 0.0000000
f 921/565/921 922/566/922 920/564/920
vt 0.7083433 1.0000000
vt 0.7083433 0.0000000
f 923/567/923 924/568/924 922/566/922
vt 0.6342756 1.0000000
vt 0.6342756 0.0000000
f 925/569/925 926/570/926 924/568/924
vt 0.5569142 1.0000000
vt 0.5569142 0.0000000
f 927/571/927 928/572/928 926/570/926
vt 0.4756690 1.0000000
vt 0.4756690 0.0000000
f 929/573/929 930/574/930 928/572/928
vt 0.3900291 1.0000000
vt 0.3900291 0.0000000
f 931/575/931 932/576/932 930/574/930
vt 0.2996249 1.0000000
vt 0.2996249 0.0000000
f 933/577/933 934/578/934 932/576/932
vt 0.2043097 1.0000000
vt 0.2043097 0.0000000
f 935/579/935 936/580/936 934/578/934
vt 0.1042495 1.0000000
vt 0.1042495 0.0000000
f 937/581/937 938/582/938 936/580/936
f 939/60/939 940/58/940 938/582/938
f 938/582/938 937/581/937 939/60/939
f 936/580/936 935/579/935 937/581/937
f 934/578/934 933/577/933 935/579/935
f 932/576/932 931/575/931 933/577/933
f 930/574/930 929/573/929 931/575/931
f 928/572/928 927/571/927 929/573/929
f 926/570/926 925/569/925 927/571/927
f 924/568/924 923/567/923 925/569/925
f 922/566/922 921/565/921 923/567/923
f 920/564/920 919/563/919 921/565/921
f 918/562/918 917/561/917 919/563/919
f 915/560/915 914/559/914 917/561/917
f 916/2/916 941/3/941 914/559/914
vt 0.8083379 0.9949873
vt 0.8108568 0.9977309
vt 0.8122163 0.9987154
f 942/583/942 943/584/943 944/585/944
vt 0.8165156 1.0000000
vt 0.8061765 0.9913158
vt 0.8072062 0.9932584
f 945/586/945 946/587/946 947/588/947
vt 0.8032839 0.9818640
vt 0.8038057 0.9844288
f 945/586/945 948/589/948 949/590/949
vt 0.8136230 0.9994264
vt 0.8150613 0.9998562
f 942/583/942 950/591/950 951/592/951
vt 0.8095592 0.9964836
f 942/583/942 952/593/952 943/584/943
vt 0.8052600 0.9891807
f 945/586/945 953/594/953 946/587/946
vt 0.8044668 0.9868767
f 949/590/949 954/595/954 945/586/945
vt 0.3866772 0.9998562
vt 0.3934006 0.9949873
vt 0.3945323 0.9932584
f 955/596/955 956/597/956 957/598/957
vt 0.3895222 0.9987154
vt 0.3908817 0.9977309
f 955/596/955 958/599/958 959/600/959
f 944/585/944 950/591/950 942/583/942
f 954/595/954 953/594/953 945/586/945
vt 0.3972717 0.9868767
vt 0.3979328 0.9844288
f 955/596/955 960/601/960 961/602/961
vt 0.3955621 0.9913158
vt 0.3964785 0.9891807
f 955/596/955 962/603/962 963/604/963
vt 0.3921793 0.9964836
f 955/596/955 964/605/964 956/597/956
vt 0.3881156 0.9994264
f 955/596/955 965/606/965 958/599/958
f 947/588/947 942/583/942 945/586/945
vt 0.8026791 0.9764968
vt 0.8029069 0.9792103
f 945/586/945 966/607/966 967/608/967
f 963/604/963 960/601/960 955/596/955
f 959/600/959 964/605/964 955/596/955
f 967/608/967 948/589/948 945/586/945
vt 0.3852229 1.0000000
vt 0.3984547 0.9818640
vt 0.3988316 0.9792103
f 968/609/968 969/610/969 970/611/970
f 957/598/957 962/603/962 955/596/955
vt 0.8026029 0.9737533
f 945/586/945 971/612/971 966/607/966
vt 0.3990594 0.9764968
f 970/611/970 972/613/972 968/609/968
f 969/610/969 968/609/968 955/596/955
f 951/592/951 945/586/945 942/583/942
vt 0.8026029 0.5931758
f 973/3/973 974/2/974 975/614/975
f 961/602/961 969/610/969 955/596/955
f 975/614/975 971/612/971 973/3/973
vt 0.3991356 0.5931758
f 974/2/974 976/58/976 977/615/977
vt 0.3991356 0.9737533
f 978/60/978 979/616/979 977/615/977
f 979/616/979 978/60/978 968/609/968
f 977/615/977 975/614/975 974/2/974
f 972/613/972 979/616/979 968/609/968
f 977/615/977 976/58/976 978/60/978
f 945/586/945 973/3/973 971/612/971
vt 0.0003272 0.0542897
vt 0.0000000 0.0486757
vt 0.0003286 0.0430437
f 980/617/980 981/618/981 982/619/982
vt 0.0008609 0.0375395
f 982/619/982 983/620/983 980/617/980
vt 0.0015910 0.0322228
vt 0.0008568 0.0597767
f 984/621/984 985/622/985 980/617/980
f 983/620/983 984/621/984 980/617/980
vt 0.0025110 0.0271513
vt 0.0015829 0.0650778
f 986/623/986 987/624/987 985/622/985
f 984/621/984 986/623/986 985/622/985
vt 0.0036111 0.0223800
vt 0.0024979 0.0701360
f 988/625/988 989/626/989 987/624/987
vt 0.0035918 0.0748965
f 988/625/988 990/627/990 989/626/989
f 986/623/986 988/625/988 987/624/987
vt 0.0048791 0.0179604
vt 0.0048529 0.0793084
f 991/628/991 992/629/992 990/627/990
f 988/625/988 991/628/991 990/627/990
vt 0.0063015 0.0139406
vt 0.0062675 0.0833241
f 993/630/993 994/631/994 992/629/992
f 991/628/991 993/630/993 992/629/992
vt 0.0078628 0.0103641
vt 0.0078205 0.0869002
f 995/632/995 996/633/996 994/631/994
f 993/630/993 995/632/995 994/631/994
vt 0.0095461 0.0072696
vt 0.0094952 0.0899984
f 997/634/997 998/635/998 996/633/996
f 995/632/995 997/634/997 996/633/996
vt 0.0113331 0.0046907
f 997/634/997 999/636/999 998/635/998
vt 0.0132045 0.0026553
vt 0.0112735 0.0925853
f 1000/637/1000 1001/638/1001 998/635/998
f 999/636/999 1000/637/1000 998/635/998
vt 0.0151399 0.0011855
vt 0.0131362 0.0946330
f 1002/639/1002 1003/640/1003 1001/638/1001
vt 0.9154713 0.9360769
vt 0.0191188 0.0000000
f 1004/641/1004 1003/640/1003 1005/642/1005
vt 0.9937477 0.9962641
f 1006/2/1006 1007/3/1007 1008/643/1008
f 1000/637/1000 1002/639/1002 1001/638/1001
f 1008/643/1008 1004/641/1004 1006/2/1006
vt 0.0171185 0.0002972
f 1002/639/1002 1009/644/1009 1003/640/1003
f 1009/644/1009 1005/642/1005 1003/640/1003
f 1005/642/1005 1006/2/1006 1004/641/1004
vt 0.3333389 0.0000000
vt 0.0000000 0.4959384
f 1010/645/1010 1011/58/1011 1012/646/1012
vt 0.6666775 0.0000000
vt 0.3595863 0.5616007
f 1013/647/1013 1014/260/1014 1015/648/1015
vt 0.3333333 0.5567439
f 1014/260/1014 1010/645/1010 1016/649/1016
f 1016/649/1016 1015/648/1015 1014/260/1014
vt 0.4373802 0.5799792
f 1015/648/1015 1017/650/1017 1013/647/1013
vt 0.5125844 0.6057771
f 1017/650/1017 1018/651/1018 1013/647/1013
vt 0.5845326 0.6387395
f 1018/651/1018 1019/652/1019 1013/647/1013
vt 0.6525856 0.6785405
f 1019/652/1019 1020/653/1020 1013/647/1013
vt 0.7161349 0.7247867
vt 0.7746068 0.7770211
f 1021/2/1021 1022/654/1022 1023/655/1023
vt 0.6666662 0.6887875
f 1021/2/1021 1024/276/1024 1025/656/1025
f 1025/656/1025 1022/654/1022 1021/2/1021
f 1024/276/1024 1013/647/1013 1025/656/1025
f 1023/655/1023 1026/3/1026 1021/2/1021
f 1020/653/1020 1025/656/1025 1013/647/1013
f 1012/646/1012 1016/649/1016 1010/645/1010
vt 0.9981101 0.5164094
vt 0.9930302 0.5523623
vt 0.9839466 0.5899943
f 1027/657/1027 1028/658/1028 1029/659/1029
vt 0.9707433 0.6280822
f 1029/659/1029 1030/660/1030 1027/657/1027
vt 0.9531314 0.6667532
vt 1.0000000 0.4772829
f 1031/661/1031 1032/662/1032 1027/657/1027
vt 0.9567131 0.2651138
vt 0.9792362 0.3323432
f 1031/661/1031 1033/663/1033 1034/664/1034
vt 0.9981257 0.4341373
f 1031/661/1031 1035/665/1035 1032/662/1032
vt 0.9273593 0.1994717
f 1031/661/1031 1036/666/1036 1033/663/1033
vt 0.8882016 0.1304817
vt 0.8633227 0.7926383
vt 0.8183266 0.8360285
f 1037/667/1037 1038/668/1038 1039/669/1039
vt 0.9916056 0.3860868
f 1031/661/1031 1040/670/1040 1035/665/1035
f 1031/661/1031 1037/667/1037 1036/666/1036
vt 0.8200827 0.0410169
vt 0.6618881 0.9387725
vt 0.5937362 0.9667388
f 1041/671/1041 1042/672/1042 1043/673/1043
vt 0.9003092 0.7493839
f 1037/667/1037 1044/674/1044 1038/668/1038
f 1034/664/1034 1040/670/1040 1031/661/1031
vt 0.7264301 0.9036791
f 1041/671/1041 1045/675/1045 1042/672/1042
vt 0.9299489 0.7072535
f 1037/667/1037 1046/676/1046 1044/674/1044
f 1030/660/1030 1031/661/1031 1027/657/1027
vt 0.5248169 0.9863245
f 1043/673/1043 1047/677/1047 1041/671/1041
f 1031/661/1031 1046/676/1046 1037/667/1037
vt 0.4654458 0.9963761
f 1047/677/1047 1048/678/1048 1041/671/1041
vt 0.7651989 0.8779997
vt 0.8532411 0.0803316
f 1049/679/1049 1050/680/1050 1037/667/1037
f 1041/671/1041 1049/679/1049 1045/675/1045
f 1049/679/1049 1041/671/1041 1050/680/1050
f 1039/669/1039 1049/679/1049 1037/667/1037
vt 0.4034592 1.0000000
f 1048/678/1048 1051/681/1051 1041/671/1041
vt 0.7815005 0.0000000
f 1052/60/1052 1053/58/1053 1054/682/1054
f 1054/682/1054 1041/671/1041 1052/60/1052
f 1051/681/1051 1052/60/1052 1041/671/1041
vt 0.8187273 1.0000000
vt 0.0000000 0.9946707
f 1055/2/1055 1056/683/1056 1057/684/1057
f 1055/2/1055 1058/3/1058 1056/683/1056
f 1057/684/1057 1059/58/1059 1055/2/1055
vt 0.8333333 0.9968616
f 1060/2/1060 1061/3/1061 1062/685/1062
vt 0.8333333 0.0000000
vt 0.7035695 0.9935722
vt 0.6666667 0.9926360
f 1063/686/1063 1064/687/1064 1065/688/1065
f 1063/686/1063 1062/685/1062 1064/687/1064
vt 0.5000000 0.9871716
f 1066/207/1066 1065/688/1065 1067/689/1067
vt 0.5000000 0.0000000
vt 0.3333333 0.9803410
f 1068/690/1068 1067/689/1067 1069/691/1069
vt 0.1666667 0.9720476
f 1070/197/1070 1069/691/1069 1071/692/1071
vt 0.1666667 0.0000000
vt 0.0000000 0.9622327
f 1072/693/1072 1071/692/1071 1073/694/1073
f 1073/694/1073 1074/58/1074 1072/693/1072
f 1071/692/1071 1072/693/1072 1070/197/1070
f 1069/691/1069 1070/197/1070 1068/690/1068
f 1067/689/1067 1068/690/1068 1066/207/1066
f 1065/688/1065 1066/207/1066 1063/686/1063
f 1062/685/1062 1063/686/1063 1060/2/1060
vt 0.9582657 1.0000000
vt 0.9582657 0.0000000
f 1075/695/1075 1076/696/1076 1077/2/1077
vt 0.9180272 1.0000000
vt 0.9180272 0.0000000
f 1078/697/1078 1079/698/1079 1076/696/1076
vt 0.8704392 0.0000000
f 1080/699/1080 1079/698/1079 1078/697/1078
vt 0.8704392 1.0000000
vt 0.8217264 1.0000000
f 1080/699/1080 1081/700/1081 1082/701/1082
vt 0.7731481 0.0000000
vt 0.8217264 0.0000000
f 1083/702/1083 1084/703/1084 1082/701/1082
vt 0.7731481 1.0000000
vt 0.7422840 1.0000000
f 1083/702/1083 1085/704/1085 1086/705/1086
vt 0.6969775 1.0000000
vt 0.6969775 0.0000000
vt 0.7422840 0.0000000
f 1087/706/1087 1088/707/1088 1089/708/1089
vt 0.6545759 1.0000000
f 1088/707/1088 1087/706/1087 1090/709/1090
vt 0.6153200 0.0000000
vt 0.6545759 0.0000000
f 1091/710/1091 1092/711/1092 1090/709/1090
vt 0.5791375 1.0000000
vt 0.5791375 0.0000000
f 1093/712/1093 1094/713/1094 1091/710/1091
vt 0.5457627 0.0000000
f 1095/714/1095 1094/713/1094 1093/712/1093
vt 0.5457627 1.0000000
vt 0.5148653 1.0000000
f 1095/714/1095 1096/715/1096 1097/716/1097
vt 0.4851347 0.0000000
vt 0.5148653 0.0000000
f 1098/717/1098 1099/718/1099 1097/716/1097
vt 0.4562691 1.0000000
vt 0.4562691 0.0000000
f 1100/719/1100 1101/720/1101 1098/717/1098
vt 0.4290233 1.0000000
f 1101/720/1101 1100/719/1100 1102/721/1102
vt 0.3995702 1.0000000
vt 0.3995702 0.0000000
vt 0.4290233 0.0000000
f 1103/722/1103 1104/723/1104 1105/724/1105
vt 0.3671188 1.0000000
vt 0.3671188 0.0000000
f 1106/725/1106 1107/726/1107 1104/723/1104
vt 0.3307248 0.0000000
f 1108/727/1108 1107/726/1107 1106/725/1106
vt 0.3307248 1.0000000
vt 0.2892718 1.0000000
f 1108/727/1108 1109/728/1109 1110/729/1110
vt 0.2353972 1.0000000
vt 0.2353972 0.0000000
vt 0.2892718 0.0000000
f 1111/730/1111 1112/731/1112 1113/732/1113
vt 0.1790903 0.0000000
f 1114/733/1114 1112/731/1112 1111/730/1111
vt 0.1128111 0.0000000
vt 0.1790903 1.0000000
f 1115/734/1115 1114/733/1114 1116/735/1116
vt 0.1128111 1.0000000
vt 0.0558922 1.0000000
f 1115/734/1115 1117/736/1117 1118/737/1118
vt 0.0558922 0.0000000
f 1119/60/1119 1120/58/1120 1121/738/1121
f 1121/738/1121 1118/737/1118 1119/60/1119
f 1118/737/1118 1121/738/1121 1115/734/1115
f 1116/735/1116 1117/736/1117 1115/734/1115
f 1111/730/1111 1116/735/1116 1114/733/1114
f 1113/732/1113 1110/729/1110 1111/730/1111
f 1110/729/1110 1113/732/1113 1108/727/1108
f 1106/725/1106 1109/728/1109 1108/727/1108
f 1104/723/1104 1103/722/1103 1106/725/1106
f 1105/724/1105 1102/721/1102 1103/722/1103
f 1102/721/1102 1105/724/1105 1101/720/1101
vt 0.4851347 1.0000000
f 1098/717/1098 1122/739/1122 1100/719/1100
f 1097/716/1097 1122/739/1122 1098/717/1098
f 1097/716/1097 1099/718/1099 1095/714/1095
f 1093/712/1093 1096/715/1096 1095/714/1095
vt 0.6153200 1.0000000
f 1091/710/1091 1123/740/1123 1093/712/1093
f 1090/709/1090 1123/740/1123 1091/710/1091
f 1090/709/1090 1092/711/1092 1088/707/1088
f 1089/708/1089 1086/705/1086 1087/706/1087
f 1086/705/1086 1089/708/1089 1083/702/1083
f 1082/701/1082 1085/704/1085 1083/702/1083
f 1082/701/1082 1084/703/1084 1080/699/1080
f 1078/697/1078 1081/700/1081 1080/699/1080
f 1076/696/1076 1075/695/1075 1078/697/1078
f 1077/2/1077 1124/3/1124 1075/695/1075
vt 0.7500000 1.0000000
vt 0.5854708 0.7929110
vt 0.6123962 0.7805233
f 1125/741/1125 1126/742/1126 1127/743/1127
vt 0.2500000 1.0000000
vt 0.3619962 0.7648467
vt 0.3876038 0.7805233
f 1128/744/1128 1129/745/1129 1130/746/1130
vt 0.5575434 0.8018645
f 1125/741/1125 1131/747/1131 1126/742/1126
vt 0.4145292 0.7929110
f 1130/746/1130 1132/748/1132 1128/744/1128
vt 0.0000000 0.5000000
vt 0.2635010 0.3552192
vt 0.2513310 0.3855937
f 1133/749/1133 1134/750/1134 1135/751/1135
vt 0.2500000 0.0000000
vt 0.3876038 0.2194767
vt 0.3619962 0.2351533
f 1136/752/1136 1137/753/1137 1138/754/1138
vt 0.5289413 0.8072790
f 1125/741/1125 1139/755/1139 1131/747/1131
vt 0.5000000 0.8090909
f 1125/741/1125 1128/744/1128 1140/756/1140
vt 0.4424566 0.8018645
f 1132/748/1132 1141/757/1141 1128/744/1128
vt 0.2635010 0.6447808
f 1128/744/1128 1133/749/1133 1142/758/1142
vt 0.2420764 0.4173094
f 1135/751/1135 1143/759/1143 1133/749/1133
vt 0.2784437 0.3265422
f 1136/752/1136 1144/760/1144 1134/750/1134
vt 0.3380066 0.2539349
f 1138/754/1138 1145/761/1145 1136/752/1136
f 1140/756/1140 1139/755/1139 1125/741/1125
vt 0.4710586 0.8072790
f 1141/757/1141 1146/762/1146 1128/744/1128
vt 0.2513310 0.6144063
f 1133/749/1133 1147/763/1147 1142/758/1142
vt 0.2358457 0.4499947
vt 0.2327120 0.4832662
f 1133/749/1133 1148/764/1148 1149/765/1149
f 1134/750/1134 1133/749/1133 1136/752/1136
vt 0.3159162 0.2756014
vt 0.2959840 0.2998988
f 1136/752/1136 1150/766/1150 1151/767/1151
vt 0.4145292 0.2070890
f 1136/752/1136 1152/768/1152 1137/753/1137
vt 0.7500000 0.0000000
vt 0.6840838 0.2756014
vt 0.6619934 0.2539349
f 1153/769/1153 1154/770/1154 1155/771/1155
f 1146/762/1146 1140/756/1140 1128/744/1128
vt 0.3159162 0.7243986
vt 0.3380066 0.7460651
f 1128/744/1128 1156/772/1156 1157/773/1157
vt 0.2420764 0.5826906
f 1133/749/1133 1158/774/1158 1147/763/1147
vt 0.2327120 0.5167339
vt 0.2358457 0.5500053
f 1133/749/1133 1159/775/1159 1160/776/1160
f 1143/759/1143 1148/764/1148 1133/749/1133
f 1145/761/1145 1150/766/1150 1136/752/1136
vt 0.5854708 0.2070890
vt 0.5575434 0.1981354
f 1153/769/1153 1161/777/1161 1162/778/1162
vt 0.6380038 0.2351533
f 1155/771/1155 1163/779/1163 1153/769/1153
vt 0.6380038 0.7648467
vt 0.6619934 0.7460651
f 1125/741/1125 1164/780/1164 1165/781/1165
f 1157/773/1157 1129/745/1129 1128/744/1128
f 1160/776/1160 1158/774/1158 1133/749/1133
f 1151/767/1151 1144/760/1144 1136/752/1136
vt 0.4710586 0.1927210
vt 0.4424566 0.1981354
f 1136/752/1136 1166/782/1166 1167/783/1167
vt 0.5000000 0.1909091
f 1136/752/1136 1153/769/1153 1168/784/1168
vt 0.5289413 0.1927210
f 1162/778/1162 1169/785/1169 1153/769/1153
vt 0.6123962 0.2194767
f 1163/779/1163 1170/786/1170 1153/769/1153
vt 1.0000000 0.5000000
vt 0.7641543 0.4499947
vt 0.7579236 0.4173094
f 1171/787/1171 1172/788/1172 1173/789/1173
f 1127/743/1127 1164/780/1164 1125/741/1125
vt 0.2784437 0.6734579
vt 0.2959840 0.7001013
f 1128/744/1128 1174/790/1174 1175/791/1175
f 1149/765/1149 1159/775/1159 1133/749/1133
f 1168/784/1168 1166/782/1166 1136/752/1136
f 1170/786/1170 1161/777/1161 1153/769/1153
vt 0.7215562 0.3265422
vt 0.7040160 0.2998988
f 1153/769/1153 1176/792/1176 1177/793/1177
vt 0.7364990 0.3552192
f 1153/769/1153 1171/787/1171 1178/794/1178
vt 0.7672880 0.4832662
f 1171/787/1171 1179/795/1179 1172/788/1172
vt 0.7486690 0.6144063
vt 0.7579236 0.5826906
f 1171/787/1171 1180/796/1180 1181/797/1181
f 1175/791/1175 1156/772/1156 1128/744/1128
f 1167/783/1167 1152/768/1152 1136/752/1136
f 1177/793/1177 1154/770/1154 1153/769/1153
vt 0.7486690 0.3855937
f 1171/787/1171 1182/798/1182 1178/794/1178
vt 0.7672880 0.5167339
f 1171/787/1171 1183/799/1183 1179/795/1179
vt 0.7641543 0.5500053
f 1181/797/1181 1184/800/1184 1171/787/1171
vt 0.7215562 0.6734579
vt 0.7364990 0.6447808
f 1125/741/1125 1185/801/1185 1186/802/1186
vt 0.6840838 0.7243986
vt 0.7040160 0.7001013
f 1125/741/1125 1187/803/1187 1188/804/1188
f 1142/758/1142 1174/790/1174 1128/744/1128
f 1178/794/1178 1176/792/1176 1153/769/1153
f 1184/800/1184 1183/799/1183 1171/787/1171
f 1186/802/1186 1171/787/1171 1125/741/1125
f 1165/781/1165 1187/803/1187 1125/741/1125
f 1173/789/1173 1182/798/1182 1171/787/1171
f 1188/804/1188 1185/801/1185 1125/741/1125
f 1186/802/1186 1180/796/1180 1171/787/1171
f 1169/785/1169 1168/784/1168 1153/769/1153
vt 0.0000000 1.0000000
f 1189/2/1189 1190/58/1190 1191/805/1191
f 1191/805/1191 1192/3/1192 1189/2/1189
f 1193/3/1193 1194/2/1194 1195/58/1195
f 1195/58/1195 1196/60/1196 1193/3/1193
f 1197/3/1197 1198/2/1198 1199/58/1199
f 1199/58/1199 1200/60/1200 1197/3/1197
f 1201/3/1201 1202/2/1202 1203/58/1203
f 1203/58/1203 1204/60/1204 1201/3/1201
f 1205/3/1205 1206/2/1206 1207/58/1207
f 1207/58/1207 1208/60/1208 1205/3/1205
f 1209/60/1209 1210/3/1210 1211/2/1211
f 1211/2/1211 1212/58/1212 1209/60/1209
vt 0.4774010 0.7345313
vt 0.9964299 0.9322488
vt 0.9928581 0.9401366
f 1213/806/1213 1214/807/1214 1215/808/1215
vt 0.9880370 0.9478258
f 1215/808/1215 1216/809/1216 1213/806/1213
vt 0.9819013 0.9553145
f 1216/809/1216 1217/810/1217 1213/806/1213
vt 0.9743536 0.9625832
f 1217/810/1217 1218/811/1218 1213/806/1213
vt 0.9652690 0.9695891
f 1218/811/1218 1219/812/1219 1213/806/1213
vt 0.3888584 0.9126306
vt 0.0048774 0.9152737
vt 0.0021176 0.9074971
f 1220/813/1220 1221/814/1221 1222/815/1222
vt 0.9545025 0.9762590
f 1219/812/1219 1223/816/1223 1213/806/1213
vt 0.0025504 0.8731369
vt 0.0063085 0.8620309
f 1220/813/1220 1224/817/1224 1225/818/1225
vt 0.0005742 0.9000676
f 1222/815/1222 1226/819/1226 1220/813/1220
vt 0.9419024 0.9824822
f 1223/816/1223 1227/820/1227 1213/806/1213
vt 0.0131515 0.8481382
f 1225/818/1225 1228/821/1228 1220/813/1220
vt 0.0000000 0.8919822
f 1226/819/1226 1229/822/1229 1220/813/1220
vt 0.9273329 0.9881033
f 1227/820/1227 1230/823/1230 1213/806/1213
vt 1.0000000 0.9138465
vt 0.9991597 0.9222231
f 1213/806/1213 1231/824/1231 1232/825/1232
vt 0.0220698 0.8345734
f 1228/821/1228 1233/826/1233 1220/813/1220
vt 0.0005695 0.8830663
f 1229/822/1229 1234/827/1234 1220/813/1220
vt 0.9107069 0.9929197
f 1230/823/1230 1235/828/1235 1213/806/1213
vt 0.9995609 0.9052203
f 1213/806/1213 1236/829/1236 1231/824/1231
vt 0.1443707 0.9971740
vt 0.1234315 0.9931267
f 1220/813/1220 1237/830/1237 1238/831/1238
f 1234/827/1234 1224/817/1224 1220/813/1220
vt 0.8920302 0.9966865
f 1235/828/1235 1239/832/1239 1213/806/1213
vt 0.9977527 0.8963282
f 1213/806/1213 1240/833/1240 1236/829/1236
vt 0.0713375 0.9747890
vt 0.0551962 0.9661158
f 1220/813/1220 1241/834/1241 1242/835/1242
vt 0.1027255 0.9873475
f 1238/831/1238 1243/836/1243 1220/813/1220
vt 0.0339667 0.8203169
f 1233/826/1233 1244/837/1244 1220/813/1220
vt 0.8714516 0.9991337
f 1239/832/1239 1245/838/1245 1213/806/1213
vt 0.9944463 0.8871635
f 1213/806/1213 1246/839/1246 1240/833/1240
vt 0.5069152 0.6975673
vt 0.9928201 0.8837230
f 1213/806/1213 1247/840/1247 1248/841/1248
vt 0.0142397 0.9311357
vt 0.0088888 0.9231444
f 1220/813/1220 1249/842/1249 1250/843/1250
vt 0.0415254 0.9571494
f 1242/835/1242 1251/844/1251 1220/813/1220
vt 0.1624089 0.9992511
f 1220/813/1220 1252/845/1252 1237/830/1237
vt 0.4183726 0.9495946
vt 0.1812417 1.0000000
f 1220/813/1220 1253/846/1253 1254/847/1254
vt 0.0445884 0.8099535
f 1244/837/1244 1255/848/1255 1220/813/1220
vt 0.9970906 0.9303699
f 1213/806/1213 1256/849/1256 1214/807/1214
f 1248/841/1248 1246/839/1246 1213/806/1213
vt 0.5069152 0.9126306
vt 0.4183726 0.7345313
f 1257/850/1257 1258/851/1258 1213/806/1213
vt 0.0212830 0.9395049
f 1220/813/1220 1259/852/1259 1249/842/1249
vt 0.0302882 0.9482110
f 1251/844/1251 1260/853/1260 1220/813/1220
f 1254/847/1254 1252/845/1252 1220/813/1220
vt 0.0546627 0.8018293
f 1255/848/1255 1261/854/1261 1220/813/1220
vt 0.5476041 0.0000000
f 1262/855/1262 1248/841/1248 1247/840/1247
f 1232/825/1232 1256/849/1256 1213/806/1213
vt 0.8493062 1.0000000
vt 0.4774010 0.9495946
f 1263/856/1263 1264/857/1264 1257/850/1257
f 1260/853/1260 1259/852/1259 1220/813/1220
vt 0.0831163 0.9800956
f 1243/836/1243 1265/858/1265 1220/813/1220
vt 0.4183726 0.8756666
vt 0.1317304 0.7451636
f 1266/859/1266 1220/813/1220 1267/860/1267
vt 0.1193281 0.7550709
f 1261/854/1261 1268/861/1268 1220/813/1220
f 1245/838/1245 1263/856/1263 1213/806/1213
vt 0.3888584 0.6975673
f 1257/850/1257 1269/862/1269 1258/851/1258
f 1254/847/1254 1253/846/1253 1264/857/1264
f 1265/858/1265 1241/834/1241 1220/813/1220
vt 0.1427109 0.7344147
vt 0.1521611 0.7229306
f 1266/859/1266 1270/863/1270 1271/864/1271
f 1268/861/1268 1267/860/1267 1220/813/1220
vt 0.4774010 0.8756666
f 1269/862/1269 1272/865/1272 1266/859/1266
vt 0.1704767 0.6852312
vt 0.3513923 0.0000000
vt 0.4183726 0.6606033
f 1273/866/1273 1274/867/1274 1275/868/1275
f 1213/806/1213 1263/856/1263 1257/850/1257
f 1250/843/1250 1221/814/1221 1220/813/1220
vt 0.1599876 0.7108247
vt 0.1661130 0.6982167
f 1266/859/1266 1276/869/1276 1277/870/1277
f 1267/860/1267 1270/863/1270 1266/859/1266
f 1275/868/1275 1269/862/1269 1273/866/1273
vt 0.4774010 0.6606033
f 1274/867/1274 1262/855/1262 1278/871/1278
f 1264/857/1264 1263/856/1263 1254/847/1254
f 1271/864/1271 1276/869/1276 1266/859/1266
f 1278/871/1278 1275/868/1275 1274/867/1274
f 1277/870/1277 1273/866/1273 1266/859/1266
f 1269/862/1269 1257/850/1257 1272/865/1272
f 1266/859/1266 1273/866/1273 1269/862/1269
f 1247/840/1247 1278/871/1278 1262/855/1262
f 1279/741/1279 1280/742/1280 1281/743/1281
f 1282/744/1282 1283/745/1283 1284/746/1284
f 1279/741/1279 1285/747/1285 1280/742/1280
f 1284/746/1284 1286/748/1286 1282/744/1282
f 1287/769/1287 1288/787/1288 1289/794/1289
f 1279/741/1279 1290/755/1290 1285/747/1285
f 1279/741/1279 1282/744/1282 1291/756/1291
f 1286/748/1286 1292/757/1292 1282/744/1282
f 1282/744/1282 1293/749/1293 1294/758/1294
f 1293/749/1293 1295/775/1295 1296/776/1296
f 1297/752/1297 1298/760/1298 1299/750/1299
f 1297/752/1297 1300/768/1300 1301/753/1301
f 1287/769/1287 1302/779/1302 1303/786/1303
f 1288/787/1288 1304/798/1304 1289/794/1289
f 1288/787/1288 1305/788/1305 1306/789/1306
f 1279/741/1279 1307/801/1307 1308/802/1308
f 1279/741/1279 1309/781/1309 1310/803/1310
f 1291/756/1291 1290/755/1290 1279/741/1279
f 1292/757/1292 1311/762/1311 1282/744/1282
f 1293/749/1293 1312/763/1312 1294/758/1294
f 1293/749/1293 1313/765/1313 1295/775/1295
f 1293/749/1293 1314/759/1314 1315/764/1315
f 1297/752/1297 1316/767/1316 1298/760/1298
f 1297/752/1297 1317/783/1317 1300/768/1300
f 1303/786/1303 1318/777/1318 1287/769/1287
f 1287/769/1287 1319/793/1319 1320/770/1320
f 1306/789/1306 1304/798/1304 1288/787/1288
f 1288/787/1288 1321/796/1321 1322/797/1322
f 1308/802/1308 1288/787/1288 1279/741/1279
f 1279/741/1279 1323/780/1323 1309/781/1309
f 1311/762/1311 1291/756/1291 1282/744/1282
f 1293/749/1293 1324/774/1324 1312/763/1312
f 1315/764/1315 1313/765/1313 1293/749/1293
f 1299/750/1299 1293/749/1293 1297/752/1297
f 1297/752/1297 1325/761/1325 1326/766/1326
f 1297/752/1297 1327/782/1327 1317/783/1317
f 1287/769/1287 1328/785/1328 1329/784/1329
f 1318/777/1318 1330/778/1330 1287/769/1287
f 1320/770/1320 1331/771/1331 1287/769/1287
f 1288/787/1288 1332/795/1332 1305/788/1305
f 1308/802/1308 1321/796/1321 1288/787/1288
f 1310/803/1310 1333/804/1333 1279/741/1279
f 1282/744/1282 1334/773/1334 1283/745/1283
f 1282/744/1282 1335/791/1335 1336/772/1336
f 1296/776/1296 1324/774/1324 1293/749/1293
f 1299/750/1299 1337/751/1337 1293/749/1293
f 1297/752/1297 1338/754/1338 1325/761/1325
f 1297/752/1297 1329/784/1329 1327/782/1327
f 1330/778/1330 1328/785/1328 1287/769/1287
f 1287/769/1287 1339/792/1339 1319/793/1319
f 1288/787/1288 1340/799/1340 1332/795/1332
f 1322/797/1322 1341/800/1341 1288/787/1288
f 1281/743/1281 1323/780/1323 1279/741/1279
f 1282/744/1282 1342/790/1342 1335/791/1335
f 1337/751/1337 1314/759/1314 1293/749/1293
f 1301/753/1301 1338/754/1338 1297/752/1297
f 1331/771/1331 1302/779/1302 1287/769/1287
f 1341/800/1341 1340/799/1340 1288/787/1288
f 1336/772/1336 1334/773/1334 1282/744/1282
f 1326/766/1326 1316/767/1316 1297/752/1297
f 1289/794/1289 1339/792/1339 1287/769/1287
f 1294/758/1294 1342/790/1342 1282/744/1282
f 1333/804/1333 1307/801/1307 1279/741/1279
f 1329/784/1329 1297/752/1297 1287/769/1287
f 1343/3/1343 1344/2/1344 1345/58/1345
f 1345/58/1345 1346/60/1346 1343/3/1343
f 1347/3/1347 1348/2/1348 1349/58/1349
f 1349/58/1349 1350/60/1350 1347/3/1347
f 1351/3/1351 1352/2/1352 1353/58/1353
f 1353/58/1353 1354/60/1354 1351/3/1351
f 1355/3/1355 1356/2/1356 1357/58/1357
f 1357/58/1357 1358/60/1358 1355/3/1355
f 1359/3/1359 1360/2/1360 1361/58/1361
f 1361/58/1361 1362/60/1362 1359/3/1359
f 1363/3/1363 1364/2/1364 1365/58/1365
f 1365/58/1365 1366/60/1366 1363/3/1363
# 1344 faces, 871 coords texture

# End of File
