####
#
# OBJ File Generated by Meshlab
#
####
# Object right_finger.obj
#
# Vertices: 1366
# Faces: 1344
#
####

vn -0.0122151 -0.1073067 -0.9941509
v -0.0096829 0.0002276 0.0149070 0.972549 0.529412 0.003922
vn -0.0122625 -0.0533457 -0.9985009
v -0.0096827 0.0000437 0.0149168 0.972549 0.529412 0.003922
vn -0.0122624 -0.0533456 -0.9985009
v -0.0008834 0.0000428 0.0148088 0.972549 0.529412 0.003922
vn -0.0120122 -0.2140336 -0.9767525
v -0.0096831 0.0004092 0.0148774 0.972549 0.529412 0.003922
vn -0.0122144 -0.1072706 -0.9941549
v -0.0008835 0.0002266 0.0147990 0.972549 0.529412 0.003922
vn -0.0116725 -0.3184990 -0.9478514
v -0.0096838 0.0005866 0.0148283 0.972549 0.529412 0.003922
vn -0.0120162 -0.2142432 -0.9767064
v -0.0008838 0.0004083 0.0147694 0.972549 0.529412 0.003922
vn -0.0111991 -0.4191665 -0.9078403
v -0.0096845 0.0007577 0.0147603 0.972549 0.529412 0.003922
vn -0.0116785 -0.3188332 -0.9477389
v -0.0008844 0.0005857 0.0147202 0.972549 0.529412 0.003922
vn -0.0105904 -0.5147908 -0.8572505
v -0.0096856 0.0009204 0.0146742 0.972549 0.529412 0.003922
vn -0.0112007 -0.4192580 -0.9077981
v -0.0008852 0.0007567 0.0146522 0.972549 0.529412 0.003922
vn -0.0098535 -0.6046484 -0.7964316
v -0.0096868 0.0010729 0.0145710 0.972549 0.529412 0.003922
vn -0.0105905 -0.5147949 -0.8572480
v -0.0008863 0.0009194 0.0145661 0.972549 0.529412 0.003922
vn -0.0089983 -0.6872293 -0.7263849
v -0.0096883 0.0012132 0.0144519 0.972549 0.529412 0.003922
vn -0.0098507 -0.6044933 -0.7965494
v -0.0008875 0.0010719 0.0144629 0.972549 0.529412 0.003922
vn -0.0080392 -0.7616625 -0.6479242
v -0.0096899 0.0013399 0.0143184 0.972549 0.529412 0.003922
vn -0.0089957 -0.6870773 -0.7265286
v -0.0008890 0.0012122 0.0143439 0.972549 0.529412 0.003922
vn -0.0069901 -0.8272077 -0.5618529
v -0.0096917 0.0014514 0.0141720 0.972549 0.529412 0.003922
vn -0.0080392 -0.7616627 -0.6479239
v -0.0008906 0.0013389 0.0142104 0.972549 0.529412 0.003922
vn -0.0058610 -0.8830981 -0.4691520
v -0.0096936 0.0015464 0.0140144 0.972549 0.529412 0.003922
vn -0.0069916 -0.8272867 -0.5617366
v -0.0008924 0.0014504 0.0140640 0.972549 0.529412 0.003922
vn -0.0046597 -0.9287304 -0.3707266
v -0.0096957 0.0016239 0.0138474 0.972549 0.529412 0.003922
vn -0.0058623 -0.8831611 -0.4690331
v -0.0008943 0.0015455 0.0139063 0.972549 0.529412 0.003922
vn -0.0033987 -0.9633481 -0.2682330
v -0.0096978 0.0016827 0.0136731 0.972549 0.529412 0.003922
vn -0.0046573 -0.9286319 -0.3709733
v -0.0008963 0.0016229 0.0137393 0.972549 0.529412 0.003922
vn -0.0021044 -0.9866800 -0.1626603
v -0.0097000 0.0017225 0.0134933 0.972549 0.529412 0.003922
vn -0.0033988 -0.9633511 -0.2682224
v -0.0008985 0.0016818 0.0135650 0.972549 0.529412 0.003922
vn -0.0007849 -0.9985026 -0.0546996
v -0.0097022 0.0017425 0.0133103 0.972549 0.529412 0.003922
vn -0.0021064 -0.9867194 -0.1624210
v -0.0009007 0.0017215 0.0133852 0.972549 0.529412 0.003922
vn 0.0005506 -0.9985664 0.0535260
v -0.0097045 0.0017426 0.0131263 0.972549 0.529412 0.003922
vn -0.0007823 -0.9984860 -0.0550011
v -0.0009030 0.0017415 0.0132023 0.972549 0.529412 0.003922
vn 0.0018766 -0.9869534 0.1609954
v -0.0097067 0.0017229 0.0129432 0.972549 0.529412 0.003922
vn 0.0005527 -0.9985791 0.0532878
v -0.0009052 0.0017417 0.0130182 0.972549 0.529412 0.003922
vn 0.0031752 -0.9637873 0.2666536
v -0.0097090 0.0016834 0.0127634 0.972549 0.529412 0.003922
vn 0.0018763 -0.9869493 0.1610207
v -0.0009075 0.0017220 0.0128352 0.972549 0.529412 0.003922
vn 0.0044348 -0.9293335 0.3692149
v -0.0097111 0.0016249 0.0125890 0.972549 0.529412 0.003922
vn 0.0031737 -0.9637418 0.2668179
v -0.0009096 0.0016825 0.0126554 0.972549 0.529412 0.003922
vn 0.0056436 -0.8838664 0.4677054
v -0.0097132 0.0015477 0.0124219 0.972549 0.529412 0.003922
vn 0.0044323 -0.9292254 0.3694868
v -0.0009118 0.0016239 0.0124809 0.972549 0.529412 0.003922
vn 0.0067911 -0.8280653 0.5605906
v -0.0097152 0.0014529 0.0122641 0.972549 0.529412 0.003922
vn 0.0056437 -0.8838816 0.4676766
v -0.0009138 0.0015467 0.0123139 0.972549 0.529412 0.003922
vn 0.0078614 -0.7625630 0.6468661
v -0.0097169 0.0013416 0.0121175 0.972549 0.529412 0.003922
vn 0.0067926 -0.8281448 0.5604730
v -0.0009158 0.0014519 0.0121560 0.972549 0.529412 0.003922
vn 0.0088371 -0.6883849 0.7252918
v -0.0097186 0.0012151 0.0119838 0.972549 0.529412 0.003922
vn 0.0078637 -0.7626903 0.6467161
v -0.0009176 0.0013406 0.0120094 0.972549 0.529412 0.003922
vn 0.0097052 -0.6057758 0.7955762
v -0.0097200 0.0010750 0.0118645 0.972549 0.529412 0.003922
vn 0.0088349 -0.6882572 0.7254130
v -0.0009193 0.0012142 0.0118757 0.972549 0.529412 0.003922
vn 0.0104624 -0.5161242 0.8564499
v -0.0097214 0.0009226 0.0117611 0.972549 0.529412 0.003922
vn 0.0097051 -0.6057711 0.7955799
v -0.0009208 0.0010740 0.0117565 0.972549 0.529412 0.003922
vn 0.0111003 -0.4207069 0.9071288
v -0.0097224 0.0007601 0.0116748 0.972549 0.529412 0.003922
vn 0.0104659 -0.5163293 0.8563262
v -0.0009221 0.0009217 0.0116530 0.972549 0.529412 0.003922
vn 0.0116046 -0.3200048 0.9473449
v -0.0097233 0.0005891 0.0116065 0.972549 0.529412 0.003922
vn 0.0110999 -0.4206696 0.9071460
v -0.0009231 0.0007591 0.0115667 0.972549 0.529412 0.003922
vn 0.0119742 -0.2156582 0.9763955
v -0.0097239 0.0004118 0.0115571 0.972549 0.529412 0.003922
vn 0.0116063 -0.3200951 0.9473144
v -0.0009239 0.0005882 0.0114984 0.972549 0.529412 0.003922
vn 0.0122011 -0.1087625 0.9939929
v -0.0097243 0.0002302 0.0115272 0.972549 0.529412 0.003922
vn 0.0119735 -0.2156286 0.9764020
v -0.0009245 0.0004109 0.0114490 0.972549 0.529412 0.003922
vn 0.0122608 -0.0547987 0.9984221
v -0.0097245 0.0000464 0.0115172 0.972549 0.529412 0.003922
vn 0.0122002 -0.1087275 0.9939967
v -0.0009250 0.0002292 0.0114191 0.972549 0.529412 0.003922
vn 0.0122606 -0.0547881 0.9984228
v -0.0009251 0.0000454 0.0114090 0.972549 0.529412 0.003922
vn 0.0122264 0.1073142 0.9941500
v -0.0097243 -0.0001374 0.0115270 0.972549 0.529412 0.003922
vn 0.0122738 0.0533456 0.9985007
v -0.0097245 0.0000464 0.0115172 0.972549 0.529412 0.003922
vn 0.0122738 0.0533456 0.9985007
v -0.0009251 0.0000454 0.0114090 0.972549 0.529412 0.003922
vn 0.0120249 0.2139611 0.9767682
v -0.0097240 -0.0003190 0.0115566 0.972549 0.529412 0.003922
vn 0.0122264 0.1073216 0.9941492
v -0.0009250 -0.0001384 0.0114189 0.972549 0.529412 0.003922
vn 0.0116738 0.3185223 0.9478436
v -0.0097234 -0.0004965 0.0116056 0.972549 0.529412 0.003922
vn 0.0120171 0.2142844 0.9766974
v -0.0009246 -0.0003200 0.0114485 0.972549 0.529412 0.003922
vn 0.0111934 0.4192558 0.9077992
v -0.0097227 -0.0006675 0.0116737 0.972549 0.529412 0.003922
vn 0.0116743 0.3184949 0.9478527
v -0.0009241 -0.0004974 0.0114976 0.972549 0.529412 0.003922
vn 0.0105872 0.5147967 0.8572469
v -0.0097216 -0.0008302 0.0117597 0.972549 0.529412 0.003922
vn 0.0111992 0.4190514 0.9078935
v -0.0009233 -0.0006685 0.0115656 0.972549 0.529412 0.003922
vn 0.0098464 0.6046558 0.7964260
v -0.0097203 -0.0009827 0.0118629 0.972549 0.529412 0.003922
vn 0.0105837 0.5149123 0.8571775
v -0.0009222 -0.0008311 0.0116516 0.972549 0.529412 0.003922
vn 0.0089942 0.6872286 0.7263855
v -0.0097188 -0.0011231 0.0119820 0.972549 0.529412 0.003922
vn 0.0098463 0.6046601 0.7964228
v -0.0009210 -0.0009836 0.0117548 0.972549 0.529412 0.003922
vn 0.0080425 0.7616612 0.6479257
v -0.0097173 -0.0012498 0.0121155 0.972549 0.529412 0.003922
vn 0.0090001 0.6870777 0.7265282
v -0.0009195 -0.0011240 0.0118739 0.972549 0.529412 0.003922
vn 0.0069965 0.8272059 0.5618554
v -0.0097154 -0.0013613 0.0122620 0.972549 0.529412 0.003922
vn 0.0080484 0.7615340 0.6480751
v -0.0009179 -0.0012507 0.0120074 0.972549 0.529412 0.003922
vn 0.0058615 0.8830962 0.4691554
v -0.0097135 -0.0014563 0.0124196 0.972549 0.529412 0.003922
vn 0.0069922 0.8272856 0.5617381
v -0.0009161 -0.0013623 0.0121539 0.972549 0.529412 0.003922
vn 0.0046520 0.9287288 0.3707307
v -0.0097115 -0.0015337 0.0125866 0.972549 0.529412 0.003922
vn 0.0058531 0.8832173 0.4689274
v -0.0009142 -0.0014573 0.0123116 0.972549 0.529412 0.003922
vn 0.0033977 0.9633493 0.2682285
v -0.0097094 -0.0015926 0.0127609 0.972549 0.529412 0.003922
vn 0.0046530 0.9287170 0.3707602
v -0.0009122 -0.0015346 0.0124785 0.972549 0.529412 0.003922
vn 0.0021086 0.9866808 0.1626548
v -0.0097071 -0.0016323 0.0129407 0.972549 0.529412 0.003922
vn 0.0034050 0.9632913 0.2684367
v -0.0009100 -0.0015936 0.0126529 0.972549 0.529412 0.003922
vn 0.0007823 0.9984877 0.0549713
v -0.0097049 -0.0016524 0.0131237 0.972549 0.529412 0.003922
vn 0.0021017 0.9867152 0.1624463
v -0.0009078 -0.0016333 0.0128326 0.972549 0.529412 0.003922
vn -0.0005530 0.9985806 -0.0532589
v -0.0097027 -0.0016525 0.0133077 0.972549 0.529412 0.003922
vn 0.0007736 0.9985019 0.0547128
v -0.0009055 -0.0016533 0.0130156 0.972549 0.529412 0.003922
vn -0.0018778 0.9869539 -0.1609922
v -0.0097004 -0.0016328 0.0134907 0.972549 0.529412 0.003922
vn -0.0005530 0.9985806 -0.0532579
v -0.0009033 -0.0016534 0.0131996 0.972549 0.529412 0.003922
vn -0.0031813 0.9637203 -0.2668953
v -0.0096982 -0.0015933 0.0136705 0.972549 0.529412 0.003922
vn -0.0018778 0.9869534 -0.1609951
v -0.0009010 -0.0016337 0.0133826 0.972549 0.529412 0.003922
vn -0.0044448 0.9292386 -0.3694538
v -0.0096960 -0.0015347 0.0138449 0.972549 0.529412 0.003922
vn -0.0031812 0.9637212 -0.2668923
v -0.0008988 -0.0015942 0.0135624 0.972549 0.529412 0.003922
vn -0.0056516 0.8838674 -0.4677035
v -0.0096939 -0.0014575 0.0140121 0.972549 0.529412 0.003922
vn -0.0044370 0.9293260 -0.3692339
v -0.0008967 -0.0015356 0.0137368 0.972549 0.529412 0.003922
vn -0.0067941 0.8280607 -0.5605974
v -0.0096920 -0.0013627 0.0141698 0.972549 0.529412 0.003922
vn -0.0056438 0.8839828 -0.4674855
v -0.0008946 -0.0014585 0.0139040 0.972549 0.529412 0.003922
vn -0.0078614 0.7625631 -0.6468660
v -0.0096903 -0.0012514 0.0143164 0.972549 0.529412 0.003922
vn -0.0067940 0.8280687 -0.5605856
v -0.0008927 -0.0013637 0.0140617 0.972549 0.529412 0.003922
vn -0.0088289 0.6883895 -0.7252876
v -0.0096886 -0.0011249 0.0144501 0.972549 0.529412 0.003922
vn -0.0078558 0.7626833 -0.6467246
v -0.0008909 -0.0012524 0.0142083 0.972549 0.529412 0.003922
vn -0.0097040 0.6058986 -0.7954828
v -0.0096871 -0.0009848 0.0145695 0.972549 0.529412 0.003922
vn -0.0088347 0.6882400 -0.7254293
v -0.0008892 -0.0011259 0.0143421 0.972549 0.529412 0.003922
vn -0.0104649 0.5161387 -0.8564410
v -0.0096858 -0.0008325 0.0146728 0.972549 0.529412 0.003922
vn -0.0097085 0.6057708 -0.7955800
v -0.0008877 -0.0009857 0.0144614 0.972549 0.529412 0.003922
vn -0.0110976 0.4206786 -0.9071419
v -0.0096848 -0.0006699 0.0147592 0.972549 0.529412 0.003922
vn -0.0104652 0.5161361 -0.8564427
v -0.0008864 -0.0008334 0.0145648 0.972549 0.529412 0.003922
vn -0.0116063 0.3201083 -0.9473099
v -0.0096838 -0.0004990 0.0148275 0.972549 0.529412 0.003922
vn -0.0111038 0.4204600 -0.9072432
v -0.0008854 -0.0006708 0.0146511 0.972549 0.529412 0.003922
vn -0.0119745 0.2156161 -0.9764048
v -0.0096832 -0.0003217 0.0148768 0.972549 0.529412 0.003922
vn -0.0116064 0.3200985 -0.9473132
v -0.0008845 -0.0004999 0.0147194 0.972549 0.529412 0.003922
vn -0.0121954 0.1087171 -0.9939979
v -0.0096828 -0.0001400 0.0149067 0.972549 0.529412 0.003922
vn -0.0119672 0.2159179 -0.9763382
v -0.0008839 -0.0003226 0.0147687 0.972549 0.529412 0.003922
vn -0.0122493 0.0547881 -0.9984229
v -0.0096827 0.0000437 0.0149168 0.972549 0.529412 0.003922
vn -0.0121884 0.1090285 -0.9939639
v -0.0008835 -0.0001410 0.0147987 0.972549 0.529412 0.003922
vn -0.0122493 0.0547881 -0.9984229
v -0.0008834 0.0000428 0.0148088 0.972549 0.529412 0.003922
vn 0.9999245 -0.0002425 -0.0122924
v -0.0008835 -0.0001410 0.0147987 0.972549 0.529412 0.003922
vn 0.9999245 -0.0001622 -0.0122866
v -0.0007258 -0.0008436 0.0276504 0.972549 0.529412 0.003922
vn 0.9999245 -0.0002491 -0.0122875
v -0.0007267 -0.0006810 0.0275644 0.972549 0.529412 0.003922
vn 0.9999247 0.0000747 -0.0122715
v -0.0007276 -0.0005099 0.0274964 0.972549 0.529412 0.003922
vn 0.9999247 -0.0002591 -0.0122773
v -0.0007285 -0.0001508 0.0274177 0.972549 0.529412 0.003922
vn 0.9999247 -0.0002166 -0.0122723
v -0.0007286 0.0000330 0.0274079 0.972549 0.529412 0.003922
vn 0.9999247 -0.0001320 -0.0122783
v -0.0007282 -0.0003325 0.0274473 0.972549 0.529412 0.003922
vn 0.9999247 0.0000036 -0.0122790
v -0.0008875 0.0010719 0.0144629 0.972549 0.529412 0.003922
vn 0.9999247 0.0000425 -0.0122763
v -0.0008863 0.0009194 0.0145661 0.972549 0.529412 0.003922
vn 0.9999247 0.0000790 -0.0122772
v -0.0008864 -0.0008334 0.0145648 0.972549 0.529412 0.003922
vn 0.9999247 -0.0002468 -0.0122742
v -0.0008877 -0.0009857 0.0144614 0.972549 0.529412 0.003922
vn 0.9999247 -0.0000155 -0.0122786
v -0.0008839 -0.0003226 0.0147687 0.972549 0.529412 0.003922
vn 0.9999244 -0.0003005 -0.0122957
v -0.0008844 0.0005857 0.0147202 0.972549 0.529412 0.003922
vn 0.9999245 -0.0001337 -0.0122893
v -0.0008838 0.0004083 0.0147694 0.972549 0.529412 0.003922
vn 0.9999239 -0.0005672 -0.0123305
v -0.0008890 0.0012122 0.0143439 0.972549 0.529412 0.003922
vn 0.9999250 0.0001702 -0.0122539
v -0.0008985 0.0016818 0.0135650 0.972549 0.529412 0.003922
vn 0.9999256 0.0009480 -0.0121610
v -0.0008963 0.0016229 0.0137393 0.972549 0.529412 0.003922
vn 0.9999246 -0.0001074 -0.0122826
v -0.0005980 -0.0072253 0.0381014 0.972549 0.529412 0.003922
vn 0.9999248 -0.0000839 -0.0122633
v -0.0006880 -0.0005124 0.0307182 0.972549 0.529412 0.003922
vn 0.9999245 -0.0001228 -0.0122939
v -0.0006888 -0.0006833 0.0306499 0.972549 0.529412 0.003922
vn 0.9999246 -0.0001074 -0.0122813
v -0.0005963 0.0072747 0.0381126 0.972549 0.529412 0.003922
vn 0.9999258 -0.0002272 -0.0121792
v -0.0006897 0.0009070 0.0305649 0.972549 0.529412 0.003922
vn 0.9999242 -0.0000769 -0.0123157
v -0.0006887 0.0007443 0.0306510 0.972549 0.529412 0.003922
vn 0.9999247 -0.0000919 -0.0122804
v -0.0008854 -0.0006708 0.0146511 0.972549 0.529412 0.003922
vn 0.9999246 0.0000590 -0.0122853
v -0.0008834 0.0000428 0.0148088 0.972549 0.529412 0.003922
vn 0.9999245 -0.0000049 -0.0122861
v -0.0008835 0.0002266 0.0147990 0.972549 0.529412 0.003922
vn 0.9999247 -0.0000548 -0.0122809
v -0.0008852 0.0007567 0.0146522 0.972549 0.529412 0.003922
vn 0.9999233 -0.0008115 -0.0123630
v -0.0008924 0.0014504 0.0140640 0.972549 0.529412 0.003922
vn 0.9999251 0.0002800 -0.0122451
v -0.0008906 0.0013389 0.0142104 0.972549 0.529412 0.003922
vn 0.9999244 -0.0001309 -0.0122955
v -0.0009007 0.0017215 0.0133852 0.972549 0.529412 0.003922
vn 0.9999253 -0.0000522 -0.0122315
v -0.0006874 -0.0003350 0.0307675 0.972549 0.529412 0.003922
vn 0.9999240 -0.0000528 -0.0123308
v -0.0006879 0.0005732 0.0307190 0.972549 0.529412 0.003922
vn 0.9999245 -0.0000778 -0.0122843
v -0.0007281 0.0003984 0.0274478 0.972549 0.529412 0.003922
vn 0.9999247 -0.0001119 -0.0122767
v -0.0009832 0.0072991 0.0066151 0.972549 0.529412 0.003922
vn 0.9999247 -0.0001380 -0.0122762
v -0.0008845 -0.0004999 0.0147194 0.972549 0.529412 0.003922
vn 0.9999248 0.0000131 -0.0122690
v -0.0008943 0.0015455 0.0139063 0.972549 0.529412 0.003922
vn 0.9999245 -0.0003478 -0.0122813
v -0.0008892 -0.0011259 0.0143421 0.972549 0.529412 0.003922
vn 0.9999245 -0.0003144 -0.0122848
v -0.0007214 -0.0012631 0.0280062 0.972549 0.529412 0.003922
vn 0.9999247 0.0000791 -0.0122805
v -0.0007230 -0.0011364 0.0278727 0.972549 0.529412 0.003922
vn 0.9999239 -0.0001972 -0.0123396
v -0.0007113 -0.0016457 0.0288314 0.972549 0.529412 0.003922
vn 0.9999245 -0.0002084 -0.0122880
v -0.0007135 -0.0016060 0.0286517 0.972549 0.529412 0.003922
vn 0.9999220 -0.0003114 -0.0124839
v -0.0006870 -0.0001534 0.0307974 0.972549 0.529412 0.003922
vn 0.9999233 0.0000065 -0.0123919
v -0.0006869 0.0002142 0.0307978 0.972549 0.529412 0.003922
vn 0.9999231 -0.0001567 -0.0124015
v -0.0006868 0.0000304 0.0308076 0.972549 0.529412 0.003922
vn 0.9999245 -0.0001014 -0.0122887
v -0.0006873 0.0003959 0.0307681 0.972549 0.529412 0.003922
vn 0.9999238 -0.0000119 -0.0123530
v -0.0006978 0.0015330 0.0299051 0.972549 0.529412 0.003922
vn 0.9999246 -0.0001039 -0.0122858
v -0.0006958 0.0014380 0.0300628 0.972549 0.529412 0.003922
vn 0.9999216 0.0002793 -0.0125236
v -0.0007064 0.0017291 0.0292010 0.972549 0.529412 0.003922
vn 0.9999242 -0.0000543 -0.0123159
v -0.0007041 0.0017090 0.0293840 0.972549 0.529412 0.003922
vn 0.9999251 0.0000284 -0.0122464
v -0.0007131 0.0016701 0.0286542 0.972549 0.529412 0.003922
vn 0.9999254 -0.0001542 -0.0122203
v -0.0007109 0.0017095 0.0288340 0.972549 0.529412 0.003922
vn 0.9999248 -0.0000506 -0.0122612
v -0.0007275 0.0005758 0.0274972 0.972549 0.529412 0.003922
vn 0.9999244 -0.0001913 -0.0123042
v -0.0007266 0.0007467 0.0275655 0.972549 0.529412 0.003922
vn 0.9999247 -0.0001192 -0.0122781
v -0.0009030 0.0017415 0.0132023 0.972549 0.529412 0.003922
vn 0.9999246 -0.0000077 -0.0122807
v -0.0007245 -0.0009960 0.0277536 0.972549 0.529412 0.003922
vn 0.9999256 0.0000979 -0.0122009
v -0.0008967 -0.0015356 0.0137368 0.972549 0.529412 0.003922
vn 0.9999241 -0.0009389 -0.0122864
v -0.0007156 -0.0015471 0.0284773 0.972549 0.529412 0.003922
vn 0.9999246 0.0001149 -0.0122857
v -0.0007177 -0.0014696 0.0283103 0.972549 0.529412 0.003922
vn 0.9999260 -0.0003000 -0.0121579
v -0.0006999 0.0016104 0.0297381 0.972549 0.529412 0.003922
vn 0.9999277 -0.0005543 -0.0120165
v -0.0007087 0.0017293 0.0290170 0.972549 0.529412 0.003922
vn 0.9999263 0.0000479 -0.0121405
v -0.0009052 0.0017417 0.0130182 0.972549 0.529412 0.003922
vn 0.9999269 0.0000265 -0.0121000
v -0.0009231 0.0007591 0.0115667 0.972549 0.529412 0.003922
vn 0.9999267 0.0000198 -0.0121070
v -0.0009221 0.0009217 0.0116530 0.972549 0.529412 0.003922
vn 0.9999247 -0.0001045 -0.0122780
v -0.0009849 -0.0072008 0.0066038 0.972549 0.529412 0.003922
vn 0.9999260 -0.0002028 -0.0121723
v -0.0009195 -0.0011240 0.0118739 0.972549 0.529412 0.003922
vn 0.9999238 -0.0000508 -0.0123482
v -0.0009210 -0.0009836 0.0117548 0.972549 0.529412 0.003922
vn 0.9999245 0.0000435 -0.0122859
v -0.0007196 -0.0013746 0.0281527 0.972549 0.529412 0.003922
vn 0.9999230 -0.0002971 -0.0124103
v -0.0007002 -0.0015480 0.0297356 0.972549 0.529412 0.003922
vn 0.9999248 -0.0000824 -0.0122718
v -0.0007024 -0.0016067 0.0295612 0.972549 0.529412 0.003922
vn 0.9999246 -0.0001015 -0.0122852
v -0.0006962 -0.0013761 0.0300605 0.972549 0.529412 0.003922
vn 0.9999258 0.0000340 -0.0121846
v -0.0006981 -0.0014709 0.0299028 0.972549 0.529412 0.003922
vn 0.9999251 -0.0001743 -0.0122377
v -0.0007019 0.0016694 0.0295638 0.972549 0.529412 0.003922
vn 0.9999250 -0.0000064 -0.0122540
v -0.0007192 0.0014395 0.0281548 0.972549 0.529412 0.003922
vn 0.9999253 0.0000862 -0.0122279
v -0.0007173 0.0015342 0.0283126 0.972549 0.529412 0.003922
vn 0.9999248 0.0000420 -0.0122688
v -0.0007285 0.0002168 0.0274179 0.972549 0.529412 0.003922
vn 0.9999247 -0.0001200 -0.0122790
v -0.0009208 0.0010740 0.0117565 0.972549 0.529412 0.003922
vn 0.9999261 -0.0001973 -0.0121542
v -0.0009241 -0.0004974 0.0114976 0.972549 0.529412 0.003922
vn 0.9999244 -0.0000906 -0.0123043
v -0.0009246 -0.0003200 0.0114485 0.972549 0.529412 0.003922
vn 0.9999231 -0.0000042 -0.0124065
v -0.0009222 -0.0008311 0.0116516 0.972549 0.529412 0.003922
vn 0.9999246 0.0000286 -0.0122811
v -0.0008909 -0.0012524 0.0142083 0.972549 0.529412 0.003922
vn 0.9999234 -0.0002578 -0.0123767
v -0.0007091 -0.0016657 0.0290144 0.972549 0.529412 0.003922
vn 0.9999244 -0.0001291 -0.0123026
v -0.0006912 -0.0009981 0.0304602 0.972549 0.529412 0.003922
vn 0.9999254 -0.0000164 -0.0122178
v -0.0006928 -0.0011384 0.0303408 0.972549 0.529412 0.003922
vn 0.9999239 -0.0000389 -0.0123382
v -0.0006910 0.0010594 0.0304617 0.972549 0.529412 0.003922
vn 0.9999250 -0.0001525 -0.0122540
v -0.0006941 0.0013265 0.0302092 0.972549 0.529412 0.003922
vn 0.9999237 -0.0000152 -0.0123565
v -0.0006924 0.0011998 0.0303427 0.972549 0.529412 0.003922
vn 0.9999233 -0.0004974 -0.0123800
v -0.0007153 0.0016114 0.0284797 0.972549 0.529412 0.003922
vn 0.9999229 -0.0002353 -0.0124188
v -0.0009193 0.0012142 0.0118757 0.972549 0.529412 0.003922
vn 0.9999245 -0.0001164 -0.0122873
v -0.0009176 0.0013406 0.0120094 0.972549 0.529412 0.003922
vn 0.9999248 -0.0000979 -0.0122701
v -0.0009239 0.0005882 0.0114984 0.972549 0.529412 0.003922
vn 0.9999256 -0.0000616 -0.0121975
v -0.0009250 0.0002292 0.0114191 0.972549 0.529412 0.003922
vn 0.9999199 -0.0003712 -0.0126570
v -0.0009245 0.0004109 0.0114490 0.972549 0.529412 0.003922
vn 0.9999248 -0.0000471 -0.0122649
v -0.0009251 0.0000454 0.0114090 0.972549 0.529412 0.003922
vn 0.9999225 0.0000120 -0.0124535
v -0.0009250 -0.0001384 0.0114189 0.972549 0.529412 0.003922
vn 0.9999256 -0.0001613 -0.0121983
v -0.0009233 -0.0006685 0.0115656 0.972549 0.529412 0.003922
vn 0.9999242 -0.0000652 -0.0123174
v -0.0009078 -0.0016333 0.0128326 0.972549 0.529412 0.003922
vn 0.9999236 -0.0000169 -0.0123624
v -0.0009100 -0.0015936 0.0126529 0.972549 0.529412 0.003922
vn 0.9999252 -0.0000619 -0.0122383
v -0.0008988 -0.0015942 0.0135624 0.972549 0.529412 0.003922
vn 0.9999246 0.0003227 -0.0122799
v -0.0008927 -0.0013637 0.0140617 0.972549 0.529412 0.003922
vn 0.9999242 -0.0009398 -0.0122722
v -0.0008946 -0.0014585 0.0139040 0.972549 0.529412 0.003922
vn 0.9999223 -0.0003982 -0.0124603
v -0.0007068 -0.0016659 0.0291984 0.972549 0.529412 0.003922
vn 0.9999274 0.0002612 -0.0120496
v -0.0007046 -0.0016461 0.0293814 0.972549 0.529412 0.003922
vn 0.9999236 -0.0001944 -0.0123614
v -0.0006900 -0.0008459 0.0305635 0.972549 0.529412 0.003922
vn 0.9999244 -0.0001832 -0.0123019
v -0.0007242 0.0010615 0.0277553 0.972549 0.529412 0.003922
vn 0.9999253 0.0000856 -0.0122258
v -0.0007227 0.0012017 0.0278745 0.972549 0.529412 0.003922
vn 0.9999244 -0.0001594 -0.0122964
v -0.0007255 0.0009093 0.0276518 0.972549 0.529412 0.003922
vn 0.9999263 0.0000290 -0.0121448
v -0.0009096 0.0016825 0.0126554 0.972549 0.529412 0.003922
vn 0.9999232 -0.0002521 -0.0123979
v -0.0009075 0.0017220 0.0128352 0.972549 0.529412 0.003922
vn 0.9999238 -0.0001762 -0.0123450
v -0.0009158 0.0014519 0.0121560 0.972549 0.529412 0.003922
vn 0.9999241 -0.0001527 -0.0123275
v -0.0009138 0.0015467 0.0123139 0.972549 0.529412 0.003922
vn 0.9999253 -0.0001589 -0.0122266
v -0.0009161 -0.0013623 0.0121539 0.972549 0.529412 0.003922
vn 0.9999248 -0.0001108 -0.0122653
v -0.0009179 -0.0012507 0.0120074 0.972549 0.529412 0.003922
vn 0.9999267 -0.0003098 -0.0121059
v -0.0009055 -0.0016533 0.0130156 0.972549 0.529412 0.003922
vn 0.9999241 -0.0001654 -0.0123243
v -0.0006943 -0.0012649 0.0302071 0.972549 0.529412 0.003922
vn 0.9999239 -0.0003058 -0.0123334
v -0.0007211 0.0013283 0.0280082 0.972549 0.529412 0.003922
vn 0.9999264 0.0000409 -0.0121356
v -0.0009118 0.0016239 0.0124809 0.972549 0.529412 0.003922
vn 0.9999229 0.0000466 -0.0124197
v -0.0009122 -0.0015346 0.0124785 0.972549 0.529412 0.003922
vn 0.9999256 -0.0001754 -0.0121992
v -0.0009142 -0.0014573 0.0123116 0.972549 0.529412 0.003922
vn 0.9999228 0.0000795 -0.0124313
v -0.0009033 -0.0016534 0.0131996 0.972549 0.529412 0.003922
vn 0.9999259 -0.0002315 -0.0121784
v -0.0009010 -0.0016337 0.0133826 0.972549 0.529412 0.003922
vn -0.0122690 0.0007797 -0.9999244
v -0.0005963 0.0072747 0.0381126 0.972549 0.529412 0.003922
vn -0.0122898 0.0007741 -0.9999242
v -0.0005980 -0.0072253 0.0381014 0.972549 0.529412 0.003922
vn -0.0122857 0.0007752 -0.9999242
v 0.0032725 -0.0072257 0.0380538 0.972549 0.529412 0.003922
vn -0.0122648 0.0007808 -0.9999245
v 0.0032742 0.0072743 0.0380651 0.972549 0.529412 0.003922
vn -0.0122139 -0.1073213 -0.9941494
v -0.0094863 0.0002151 0.0309058 0.972549 0.529412 0.003922
vn -0.0122618 -0.0533506 -0.9985006
v -0.0094862 0.0000313 0.0309156 0.972549 0.529412 0.003922
vn -0.0122618 -0.0533507 -0.9985006
v -0.0006868 0.0000304 0.0308076 0.972549 0.529412 0.003922
vn -0.0120163 -0.2142209 -0.9767114
v -0.0094867 0.0003968 0.0308762 0.972549 0.529412 0.003922
vn -0.0122192 -0.1075790 -0.9941214
v -0.0006869 0.0002142 0.0307978 0.972549 0.529412 0.003922
vn -0.0116744 -0.3185147 -0.9478461
v -0.0094872 0.0005742 0.0308270 0.972549 0.529412 0.003922
vn -0.0120176 -0.2142937 -0.9766954
v -0.0006873 0.0003959 0.0307681 0.972549 0.529412 0.003922
vn -0.0111941 -0.4190283 -0.9079042
v -0.0094880 0.0007452 0.0307591 0.972549 0.529412 0.003922
vn -0.0116739 -0.3184855 -0.9478559
v -0.0006879 0.0005732 0.0307190 0.972549 0.529412 0.003922
vn -0.0105879 -0.5148068 -0.8572409
v -0.0094891 0.0009080 0.0306730 0.972549 0.529412 0.003922
vn -0.0111986 -0.4192852 -0.9077855
v -0.0006887 0.0007443 0.0306510 0.972549 0.529412 0.003922
vn -0.0098532 -0.6046603 -0.7964225
v -0.0094903 0.0010604 0.0305699 0.972549 0.529412 0.003922
vn -0.0105896 -0.5149056 -0.8571815
v -0.0006897 0.0009070 0.0305649 0.972549 0.529412 0.003922
vn -0.0089981 -0.6872278 -0.7263863
v -0.0094918 0.0012008 0.0304508 0.972549 0.529412 0.003922
vn -0.0098505 -0.6044917 -0.7965506
v -0.0006910 0.0010594 0.0304617 0.972549 0.529412 0.003922
vn -0.0080392 -0.7616625 -0.6479241
v -0.0094935 0.0013275 0.0303172 0.972549 0.529412 0.003922
vn -0.0089956 -0.6870753 -0.7265307
v -0.0006924 0.0011998 0.0303427 0.972549 0.529412 0.003922
vn -0.0069900 -0.8272085 -0.5618518
v -0.0094952 0.0014390 0.0301708 0.972549 0.529412 0.003922
vn -0.0080391 -0.7616632 -0.6479234
v -0.0006941 0.0013265 0.0302092 0.972549 0.529412 0.003922
vn -0.0058610 -0.8830920 -0.4691634
v -0.0094972 0.0015340 0.0300132 0.972549 0.529412 0.003922
vn -0.0069915 -0.8272856 -0.5617380
v -0.0006958 0.0014380 0.0300628 0.972549 0.529412 0.003922
vn -0.0046589 -0.9287572 -0.3706594
v -0.0094991 0.0016114 0.0298462 0.972549 0.529412 0.003922
vn -0.0058624 -0.8831583 -0.4690385
v -0.0006978 0.0015330 0.0299051 0.972549 0.529412 0.003922
vn -0.0033970 -0.9633588 -0.2681945
v -0.0095013 0.0016703 0.0296718 0.972549 0.529412 0.003922
vn -0.0046555 -0.9286348 -0.3709662
v -0.0006999 0.0016104 0.0297381 0.972549 0.529412 0.003922
vn -0.0021037 -0.9866725 -0.1627050
v -0.0095035 0.0017100 0.0294921 0.972549 0.529412 0.003922
vn -0.0033968 -0.9633525 -0.2682171
v -0.0007019 0.0016694 0.0295638 0.972549 0.529412 0.003922
vn -0.0007882 -0.9984871 -0.0549822
v -0.0095058 0.0017301 0.0293091 0.972549 0.529412 0.003922
vn -0.0021066 -0.9867240 -0.1623930
v -0.0007041 0.0017090 0.0293840 0.972549 0.529412 0.003922
vn 0.0005449 -0.9985663 0.0535272
v -0.0095080 0.0017303 0.0291251 0.972549 0.529412 0.003922
vn -0.0007883 -0.9984871 -0.0549824
v -0.0007064 0.0017291 0.0292010 0.972549 0.529412 0.003922
vn 0.0018710 -0.9869530 0.1609976
v -0.0095103 0.0017104 0.0289420 0.972549 0.529412 0.003922
vn 0.0005469 -0.9985788 0.0532923
v -0.0007087 0.0017293 0.0290170 0.972549 0.529412 0.003922
vn 0.0031697 -0.9637883 0.2666496
v -0.0095125 0.0016711 0.0287623 0.972549 0.529412 0.003922
vn 0.0018708 -0.9869485 0.1610254
v -0.0007109 0.0017095 0.0288340 0.972549 0.529412 0.003922
vn 0.0044325 -0.9292363 0.3694595
v -0.0095147 0.0016124 0.0285878 0.972549 0.529412 0.003922
vn 0.0031680 -0.9637433 0.2668128
v -0.0007131 0.0016701 0.0286542 0.972549 0.529412 0.003922
vn 0.0056464 -0.8838712 0.4676962
v -0.0095167 0.0015352 0.0284207 0.972549 0.529412 0.003922
vn 0.0044333 -0.9292709 0.3693726
v -0.0007153 0.0016114 0.0284797 0.972549 0.529412 0.003922
vn 0.0067941 -0.8280646 0.5605916
v -0.0095186 0.0014405 0.0282629 0.972549 0.529412 0.003922
vn 0.0056466 -0.8838663 0.4677056
v -0.0007173 0.0015342 0.0283126 0.972549 0.529412 0.003922
vn 0.0078656 -0.7625643 0.6468647
v -0.0095205 0.0013292 0.0281163 0.972549 0.529412 0.003922
vn 0.0067963 -0.8281868 0.5604111
v -0.0007192 0.0014395 0.0281548 0.972549 0.529412 0.003922
vn 0.0088412 -0.6883848 0.7252918
v -0.0095221 0.0012026 0.0279826 0.972549 0.529412 0.003922
vn 0.0078681 -0.7627031 0.6467010
v -0.0007211 0.0013283 0.0280082 0.972549 0.529412 0.003922
vn 0.0097040 -0.6058964 0.7954844
v -0.0095236 0.0010625 0.0278633 0.972549 0.529412 0.003922
vn 0.0088366 -0.6881056 0.7255568
v -0.0007227 0.0012017 0.0278745 0.972549 0.529412 0.003922
vn 0.0104595 -0.5161450 0.8564374
v -0.0095249 0.0009102 0.0277599 0.972549 0.529412 0.003922
vn 0.0097019 -0.6057743 0.7955775
v -0.0007242 0.0010615 0.0277553 0.972549 0.529412 0.003922
vn 0.0110983 -0.4205881 0.9071838
v -0.0095260 0.0007477 0.0276736 0.972549 0.529412 0.003922
vn 0.0104626 -0.5163373 0.8563214
v -0.0007255 0.0009093 0.0276518 0.972549 0.529412 0.003922
vn 0.0116043 -0.3200713 0.9473224
v -0.0095268 0.0005767 0.0276053 0.972549 0.529412 0.003922
vn 0.0110998 -0.4206776 0.9071423
v -0.0007266 0.0007467 0.0275655 0.972549 0.529412 0.003922
vn 0.0119732 -0.2156884 0.9763889
v -0.0095275 0.0003994 0.0275559 0.972549 0.529412 0.003922
vn 0.0116048 -0.3200983 0.9473133
v -0.0007275 0.0005758 0.0274972 0.972549 0.529412 0.003922
vn 0.0121997 -0.1089947 0.9939675
v -0.0095278 0.0002178 0.0275261 0.972549 0.529412 0.003922
vn 0.0119719 -0.2156160 0.9764049
v -0.0007281 0.0003984 0.0274478 0.972549 0.529412 0.003922
vn 0.0122599 -0.0553206 0.9983934
v -0.0095279 0.0000340 0.0275159 0.972549 0.529412 0.003922
vn 0.0121944 -0.1087116 0.9939985
v -0.0007285 0.0002168 0.0274179 0.972549 0.529412 0.003922
vn 0.0122491 -0.0547830 0.9984232
v -0.0007286 0.0000330 0.0274079 0.972549 0.529412 0.003922
vn 0.0122150 0.1073178 0.9941497
v -0.0095279 -0.0001498 0.0275257 0.972549 0.529412 0.003922
vn 0.0122622 0.0533395 0.9985012
v -0.0095279 0.0000340 0.0275159 0.972549 0.529412 0.003922
vn 0.0122625 0.0533295 0.9985017
v -0.0007286 0.0000330 0.0274079 0.972549 0.529412 0.003922
vn 0.0120132 0.2142180 0.9767120
v -0.0095275 -0.0003315 0.0275553 0.972549 0.529412 0.003922
vn 0.0122152 0.1073018 0.9941515
v -0.0007285 -0.0001508 0.0274177 0.972549 0.529412 0.003922
vn 0.0116675 0.3187652 0.9477619
v -0.0095270 -0.0005090 0.0276044 0.972549 0.529412 0.003922
vn 0.0120115 0.2142878 0.9766967
v -0.0007282 -0.0003325 0.0274473 0.972549 0.529412 0.003922
vn 0.0111935 0.4192505 0.9078016
v -0.0095261 -0.0006800 0.0276725 0.972549 0.529412 0.003922
vn 0.0116743 0.3185093 0.9478479
v -0.0007276 -0.0005099 0.0274964 0.972549 0.529412 0.003922
vn 0.0105874 0.5147980 0.8572462
v -0.0095250 -0.0008427 0.0277586 0.972549 0.529412 0.003922
vn 0.0111994 0.4190494 0.9078944
v -0.0007267 -0.0006810 0.0275644 0.972549 0.529412 0.003922
vn 0.0098480 0.6044928 0.7965497
v -0.0095239 -0.0009951 0.0278617 0.972549 0.529412 0.003922
vn 0.0105839 0.5149012 0.8571842
v -0.0007258 -0.0008436 0.0276504 0.972549 0.529412 0.003922
vn 0.0089920 0.6870774 0.7265286
v -0.0095224 -0.0011355 0.0279807 0.972549 0.529412 0.003922
vn 0.0098421 0.6046579 0.7964245
v -0.0007245 -0.0009960 0.0277536 0.972549 0.529412 0.003922
vn 0.0080305 0.7616633 0.6479233
v -0.0095207 -0.0012622 0.0281143 0.972549 0.529412 0.003922
vn 0.0089860 0.6872295 0.7263849
v -0.0007230 -0.0011364 0.0278727 0.972549 0.529412 0.003922
vn 0.0069792 0.8272884 0.5617341
v -0.0095190 -0.0013737 0.0282607 0.972549 0.529412 0.003922
vn 0.0080305 0.7616621 0.6479247
v -0.0007214 -0.0012631 0.0280062 0.972549 0.529412 0.003922
vn 0.0058495 0.8831588 0.4690378
v -0.0095170 -0.0014687 0.0284184 0.972549 0.529412 0.003922
vn 0.0069835 0.8272094 0.5618504
v -0.0007196 -0.0013746 0.0281527 0.972549 0.529412 0.003922
vn 0.0046492 0.9287280 0.3707326
v -0.0095150 -0.0015462 0.0285854 0.972549 0.529412 0.003922
vn 0.0058538 0.8830974 0.4691533
v -0.0007177 -0.0014696 0.0283103 0.972549 0.529412 0.003922
vn 0.0033977 0.9633505 0.2682243
v -0.0095129 -0.0016050 0.0287597 0.972549 0.529412 0.003922
vn 0.0046547 0.9286627 0.3708961
v -0.0007156 -0.0015471 0.0284773 0.972549 0.529412 0.003922
vn 0.0021028 0.9866814 0.1626516
v -0.0095107 -0.0016448 0.0289395 0.972549 0.529412 0.003922
vn 0.0033965 0.9633580 0.2681972
v -0.0007135 -0.0016060 0.0286517 0.972549 0.529412 0.003922
vn 0.0007769 0.9984871 0.0549818
v -0.0095084 -0.0016648 0.0291225 0.972549 0.529412 0.003922
vn 0.0020960 0.9867150 0.1624476
v -0.0007113 -0.0016457 0.0288314 0.972549 0.529412 0.003922
vn -0.0005566 0.9985646 -0.0535582
v -0.0095061 -0.0016650 0.0293065 0.972549 0.529412 0.003922
vn 0.0007768 0.9984877 0.0549713
v -0.0007091 -0.0016657 0.0290144 0.972549 0.529412 0.003922
vn -0.0018713 0.9869491 -0.1610215
v -0.0095039 -0.0016451 0.0294894 0.972549 0.529412 0.003922
vn -0.0005468 0.9985804 -0.0532622
v -0.0007068 -0.0016659 0.0291984 0.972549 0.529412 0.003922
vn -0.0031686 0.9638133 -0.2665595
v -0.0095016 -0.0016058 0.0296692 0.972549 0.529412 0.003922
vn -0.0018701 0.9869556 -0.1609823
v -0.0007046 -0.0016461 0.0293814 0.972549 0.529412 0.003922
vn -0.0044422 0.9292668 -0.3693828
v -0.0094995 -0.0015471 0.0298437 0.972549 0.529412 0.003922
vn -0.0031801 0.9637189 -0.2669005
v -0.0007024 -0.0016067 0.0295612 0.972549 0.529412 0.003922
vn -0.0056565 0.8838704 -0.4676977
v -0.0094975 -0.0014700 0.0300109 0.972549 0.529412 0.003922
vn -0.0044449 0.9292358 -0.3694605
v -0.0007002 -0.0015480 0.0297356 0.972549 0.529412 0.003922
vn -0.0068035 0.8280668 -0.5605882
v -0.0094955 -0.0013752 0.0301687 0.972549 0.529412 0.003922
vn -0.0056565 0.8838711 -0.4676962
v -0.0006981 -0.0014709 0.0299028 0.972549 0.529412 0.003922
vn -0.0078659 0.7625653 -0.6468635
v -0.0094937 -0.0012639 0.0303152 0.972549 0.529412 0.003922
vn -0.0067969 0.8281841 -0.5604151
v -0.0006962 -0.0013761 0.0300605 0.972549 0.529412 0.003922
vn -0.0088352 0.6882288 -0.7254399
v -0.0094920 -0.0011374 0.0304490 0.972549 0.529412 0.003922
vn -0.0078594 0.7627046 -0.6466992
v -0.0006943 -0.0012649 0.0302071 0.972549 0.529412 0.003922
vn -0.0097035 0.6059073 -0.7954762
v -0.0094906 -0.0009972 0.0305682 0.972549 0.529412 0.003922
vn -0.0088342 0.6882570 -0.7254132
v -0.0006928 -0.0011384 0.0303408 0.972549 0.529412 0.003922
vn -0.0104639 0.5163348 -0.8563229
v -0.0094893 -0.0008450 0.0306716 0.972549 0.529412 0.003922
vn -0.0097089 0.6057596 -0.7955884
v -0.0006912 -0.0009981 0.0304602 0.972549 0.529412 0.003922
vn -0.0111031 0.4205923 -0.9071819
v -0.0094882 -0.0006824 0.0307580 0.972549 0.529412 0.003922
vn -0.0104699 0.5161420 -0.8564391
v -0.0006900 -0.0008459 0.0305635 0.972549 0.529412 0.003922
vn -0.0116052 0.3200029 -0.9473456
v -0.0094874 -0.0005114 0.0308263 0.972549 0.529412 0.003922
vn -0.0111005 0.4206778 -0.9071422
v -0.0006888 -0.0006833 0.0306499 0.972549 0.529412 0.003922
vn -0.0119719 0.2156537 -0.9763965
v -0.0094867 -0.0003341 0.0308756 0.972549 0.529412 0.003922
vn -0.0116028 0.3200968 -0.9473138
v -0.0006880 -0.0005124 0.0307182 0.972549 0.529412 0.003922
vn -0.0122004 0.1087710 -0.9939920
v -0.0094864 -0.0001525 0.0309055 0.972549 0.529412 0.003922
vn -0.0119728 0.2156191 -0.9764042
v -0.0006874 -0.0003350 0.0307675 0.972549 0.529412 0.003922
vn -0.0122609 0.0548110 -0.9984215
v -0.0094862 0.0000313 0.0309156 0.972549 0.529412 0.003922
vn -0.0121953 0.1089870 -0.9939684
v -0.0006870 -0.0001534 0.0307974 0.972549 0.529412 0.003922
vn -0.0122495 0.0553386 -0.9983925
v -0.0006868 0.0000304 0.0308076 0.972549 0.529412 0.003922
vn 0.0005445 -0.9999997 -0.0006209
v 0.0033784 0.0072743 0.0380748 0.972549 0.529412 0.003922
vn 0.0030347 -0.9999955 0.0002180
v 0.0034292 0.0072743 0.0380877 0.972549 0.529412 0.003922
vn -0.0001033 -0.9999997 -0.0007703
v 0.0056873 0.0072801 0.0301486 0.972549 0.529412 0.003922
vn 0.0056199 -0.9999837 0.0010449
v 0.0034300 0.0072743 0.0380880 0.972549 0.529412 0.003922
vn -0.0006280 -0.9999994 -0.0009157
v 0.0046481 0.0072771 0.0342034 0.972549 0.529412 0.003922
vn -0.0001333 -0.9999998 -0.0007774
v 0.0062916 0.0072833 0.0260065 0.972549 0.529412 0.003922
vn -0.0001182 -0.9999997 -0.0007771
v 0.0064550 0.0072864 0.0218987 0.972549 0.529412 0.003922
vn -0.0002284 -0.9999998 -0.0007505
v 0.0033265 0.0072742 0.0380672 0.972549 0.529412 0.003922
vn -0.0001111 -0.9999997 -0.0007747
v -0.0009832 0.0072991 0.0066151 0.972549 0.529412 0.003922
vn -0.0001234 -0.9999998 -0.0007730
v -0.0005963 0.0072747 0.0381126 0.972549 0.529412 0.003922
vn -0.0005736 -0.9999995 -0.0008174
v 0.0032742 0.0072743 0.0380651 0.972549 0.529412 0.003922
vn -0.0001116 -0.9999997 -0.0007751
v 0.0062662 0.0072984 0.0065260 0.972549 0.529412 0.003922
vn 0.0524138 -0.9986245 -0.0014213
v 0.0062662 0.0072984 0.0065260 0.972549 0.529412 0.003922
vn 0.0524132 -0.9986245 -0.0014213
v 0.0064550 0.0072864 0.0218987 0.972549 0.529412 0.003922
vn 0.1041864 -0.9945557 -0.0020540
v 0.0065073 0.0072892 0.0218980 0.972549 0.529412 0.003922
vn 0.1041699 -0.9945574 -0.0020538
v 0.0063185 0.0073011 0.0065254 0.972549 0.529412 0.003922
vn 0.2074766 -0.9782345 -0.0033099
v 0.0065590 0.0072973 0.0218974 0.972549 0.529412 0.003922
vn 0.2074810 -0.9782335 -0.0033100
v 0.0063702 0.0073093 0.0065247 0.972549 0.529412 0.003922
vn 0.3094200 -0.9509146 -0.0045407
v 0.0066095 0.0073108 0.0218968 0.972549 0.529412 0.003922
vn 0.3094239 -0.9509134 -0.0045408
v 0.0064207 0.0073228 0.0065241 0.972549 0.529412 0.003922
vn 0.4066668 -0.9135588 -0.0057060
v 0.0066584 0.0073297 0.0218962 0.972549 0.529412 0.003922
vn 0.4066787 -0.9135535 -0.0057062
v 0.0064696 0.0073416 0.0065236 0.972549 0.529412 0.003922
vn 0.4992536 -0.8664292 -0.0068065
v 0.0067050 0.0073534 0.0218956 0.972549 0.529412 0.003922
vn 0.4992648 -0.8664227 -0.0068066
v 0.0065162 0.0073653 0.0065230 0.972549 0.529412 0.003922
vn 0.5881320 -0.8087270 -0.0078532
v 0.0067490 0.0073819 0.0218951 0.972549 0.529412 0.003922
vn 0.5881158 -0.8087386 -0.0078529
v 0.0065602 0.0073938 0.0065225 0.972549 0.529412 0.003922
vn 0.6695308 -0.7427322 -0.0088015
v 0.0067896 0.0074148 0.0218947 0.972549 0.529412 0.003922
vn 0.6690246 -0.7431883 -0.0087933
v 0.0066007 0.0074268 0.0065220 0.972549 0.529412 0.003922
vn 0.7427538 -0.6694953 -0.0096417
v 0.0068266 0.0074519 0.0218942 0.972549 0.529412 0.003922
vn 0.7427108 -0.6695430 -0.0096409
v 0.0066378 0.0074638 0.0065215 0.972549 0.529412 0.003922
vn 0.8086737 -0.5881658 -0.0103880
v 0.0068596 0.0074925 0.0218939 0.972549 0.529412 0.003922
vn 0.8090258 -0.5876813 -0.0103940
v 0.0066707 0.0075045 0.0065211 0.972549 0.529412 0.003922
vn 0.8657981 -0.5002723 -0.0110232
v 0.0068881 0.0075364 0.0218936 0.972549 0.529412 0.003922
vn 0.8662106 -0.4995574 -0.0110306
v 0.0066993 0.0075484 0.0065208 0.972549 0.529412 0.003922
vn 0.9135907 -0.4064713 -0.0115402
v 0.0069119 0.0075830 0.0218933 0.972549 0.529412 0.003922
vn 0.9135840 -0.4064865 -0.0115400
v 0.0067230 0.0075950 0.0065206 0.972549 0.529412 0.003922
vn 0.9510939 -0.3086719 -0.0119247
v 0.0069305 0.0076319 0.0218930 0.972549 0.529412 0.003922
vn 0.9507502 -0.3097290 -0.0119175
v 0.0067417 0.0076438 0.0065204 0.972549 0.529412 0.003922
vn 0.9780867 -0.2078423 -0.0121742
v 0.0069441 0.0076825 0.0218929 0.972549 0.529412 0.003922
vn 0.9780624 -0.2079563 -0.0121736
v 0.0067553 0.0076943 0.0065203 0.972549 0.529412 0.003922
vn 0.9944462 -0.1045262 -0.0122947
v 0.0069523 0.0077341 0.0218929 0.972549 0.529412 0.003922
vn 0.9944618 -0.1043776 -0.0122953
v 0.0067635 0.0077461 0.0065203 0.972549 0.529412 0.003922
vn 0.9985338 -0.0527146 -0.0123050
v 0.0069550 0.0077863 0.0218929 0.972549 0.529412 0.003922
vn 0.9985338 -0.0527145 -0.0123051
v 0.0067662 0.0077983 0.0065203 0.972549 0.529412 0.003922
vn 0.9633539 -0.1050661 0.2468003
v 0.0051227 0.0077247 0.0343525 0.972549 0.529412 0.003922
vn 0.9673271 -0.0533480 0.2478556
v 0.0051253 0.0077769 0.0343534 0.972549 0.529412 0.003922
vn 0.9673201 -0.0532339 0.2479070
v 0.0061713 0.0077799 0.0302717 0.972549 0.529412 0.003922
vn 0.9751509 -0.1042580 0.1954767
v 0.0061749 0.0077277 0.0302467 0.972549 0.529412 0.003922
vn 0.9791026 -0.0533994 0.1962313
v 0.0061776 0.0077800 0.0302472 0.972549 0.529412 0.003922
vn 0.9881429 -0.0528925 0.1441393
v 0.0067822 0.0077832 0.0261027 0.972549 0.529412 0.003922
vn 0.9902905 -0.1045762 0.0915889
v 0.0067868 0.0077310 0.0260524 0.972549 0.529412 0.003922
vn 0.9476084 -0.2076878 0.2427019
v 0.0051148 0.0076730 0.0343501 0.972549 0.529412 0.003922
vn 0.9591424 -0.2076494 0.1921657
v 0.0061669 0.0076760 0.0302450 0.972549 0.529412 0.003922
vn 0.9217439 -0.3077193 0.2360026
v 0.0051019 0.0076224 0.0343460 0.972549 0.529412 0.003922
vn 0.9325337 -0.3090672 0.1867041
v 0.0061536 0.0076255 0.0302422 0.972549 0.529412 0.003922
vn 0.9739162 -0.2082926 0.0900088
v 0.0067786 0.0076792 0.0260516 0.972549 0.529412 0.003922
vn 0.8853084 -0.4060681 0.2265782
v 0.0050841 0.0075735 0.0343403 0.972549 0.529412 0.003922
vn 0.8959600 -0.4063331 0.1793019
v 0.0061353 0.0075766 0.0302385 0.972549 0.529412 0.003922
vn 0.9470288 -0.3090201 0.0874248
v 0.0067651 0.0076287 0.0260503 0.972549 0.529412 0.003922
vn 0.8396351 -0.4988694 0.2148071
v 0.0050613 0.0075270 0.0343331 0.972549 0.529412 0.003922
vn 0.8492426 -0.4999175 0.1699106
v 0.0061119 0.0075300 0.0302339 0.972549 0.529412 0.003922
vn 0.9098766 -0.4062974 0.0839473
v 0.0067464 0.0075798 0.0260486 0.972549 0.529412 0.003922
vn 0.7848395 -0.5863020 0.2006914
v 0.0050342 0.0074830 0.0343246 0.972549 0.529412 0.003922
vn 0.7938937 -0.5869853 0.1586854
v 0.0060839 0.0074861 0.0302282 0.972549 0.529412 0.003922
vn 0.8627408 -0.4993627 0.0794692
v 0.0067227 0.0075332 0.0260464 0.972549 0.529412 0.003922
vn 0.7204576 -0.6686086 0.1841290
v 0.0050027 0.0074424 0.0343147 0.972549 0.529412 0.003922
vn 0.7292711 -0.6685238 0.1457380
v 0.0060516 0.0074454 0.0302218 0.972549 0.529412 0.003922
vn 0.8061637 -0.5870192 0.0742209
v 0.0066943 0.0074893 0.0260438 0.972549 0.529412 0.003922
vn 0.6495680 -0.7419789 0.1659180
v 0.0049674 0.0074054 0.0343036 0.972549 0.529412 0.003922
vn 0.6569399 -0.7424515 0.1311333
v 0.0060153 0.0074085 0.0302144 0.972549 0.529412 0.003922
vn 0.7406844 -0.6684002 0.0680281
v 0.0066615 0.0074486 0.0260406 0.972549 0.529412 0.003922
vn 0.5708709 -0.8080089 0.1456991
v 0.0049286 0.0073725 0.0342914 0.972549 0.529412 0.003922
vn 0.5776611 -0.8081033 0.1152257
v 0.0059755 0.0073755 0.0302064 0.972549 0.529412 0.003922
vn 0.6673520 -0.7422203 0.0612419
v 0.0066247 0.0074116 0.0260373 0.972549 0.529412 0.003922
vn 0.4861571 -0.8650361 0.1239512
v 0.0048867 0.0073440 0.0342782 0.972549 0.529412 0.003922
vn 0.4913404 -0.8654540 0.0978468
v 0.0059325 0.0073471 0.0301977 0.972549 0.529412 0.003922
vn 0.5857656 -0.8087052 0.0536171
v 0.0065842 0.0073787 0.0260335 0.972549 0.529412 0.003922
vn 0.3957676 -0.9128078 0.1007473
v 0.0048422 0.0073203 0.0342643 0.972549 0.529412 0.003922
vn 0.3999650 -0.9130765 0.0794951
v 0.0058867 0.0073233 0.0301885 0.972549 0.529412 0.003922
vn 0.4990993 -0.8653482 0.0455261
v 0.0065405 0.0073503 0.0260294 0.972549 0.529412 0.003922
vn 0.3012186 -0.9504825 0.0764874
v 0.0047956 0.0073016 0.0342496 0.972549 0.529412 0.003922
vn 0.3040341 -0.9507549 0.0602355
v 0.0058388 0.0073046 0.0301789 0.972549 0.529412 0.003922
vn 0.4066544 -0.9128339 0.0369678
v 0.0064941 0.0073265 0.0260252 0.972549 0.529412 0.003922
vn 0.2033336 -0.9777607 0.0513754
v 0.0047474 0.0072880 0.0342345 0.972549 0.529412 0.003922
vn 0.2057069 -0.9777749 0.0405083
v 0.0057893 0.0072911 0.0301690 0.972549 0.529412 0.003922
vn 0.3087547 -0.9507336 0.0278614
v 0.0064454 0.0073077 0.0260207 0.972549 0.529412 0.003922
vn 0.1030442 -0.9943457 0.0256641
v 0.0046981 0.0072799 0.0342190 0.972549 0.529412 0.003922
vn 0.1044921 -0.9943206 0.0201983
v 0.0057386 0.0072828 0.0301588 0.972549 0.529412 0.003922
vn 0.2089648 -0.9777462 0.0186052
v 0.0063950 0.0072942 0.0260160 0.972549 0.529412 0.003922
vn 0.0521288 -0.9985605 0.0126269
v 0.0046481 0.0072771 0.0342034 0.972549 0.529412 0.003922
vn 0.0511110 -0.9986479 0.0094950
v 0.0056873 0.0072801 0.0301486 0.972549 0.529412 0.003922
vn 0.1063705 -0.9942850 0.0090900
v 0.0063436 0.0072860 0.0260113 0.972549 0.529412 0.003922
vn 0.9978236 -0.0526805 0.0396591
v 0.0069550 0.0077863 0.0218929 0.972549 0.529412 0.003922
vn 0.9937679 -0.1042512 0.0394597
v 0.0069523 0.0077341 0.0218929 0.972549 0.529412 0.003922
vn 0.9775129 -0.2072864 0.0387428
v 0.0069441 0.0076825 0.0218929 0.972549 0.529412 0.003922
vn 0.9507205 -0.3077596 0.0376101
v 0.0069305 0.0076319 0.0218930 0.972549 0.529412 0.003922
vn 0.9134567 -0.4053355 0.0360575
v 0.0069119 0.0075830 0.0218933 0.972549 0.529412 0.003922
vn 0.8658860 -0.4990787 0.0340876
v 0.0068881 0.0075364 0.0218936 0.972549 0.529412 0.003922
vn 0.8090630 -0.5868637 0.0317516
v 0.0068596 0.0074925 0.0218939 0.972549 0.529412 0.003922
vn 0.7434583 -0.6681502 0.0290713
v 0.0068266 0.0074519 0.0218942 0.972549 0.529412 0.003922
vn 0.6704665 -0.7414806 0.0261021
v 0.0067896 0.0074148 0.0218947 0.972549 0.529412 0.003922
vn 0.5893275 -0.8075715 0.0228342
v 0.0067490 0.0073819 0.0218951 0.972549 0.529412 0.003922
vn 0.5007203 -0.8653945 0.0192791
v 0.0067050 0.0073534 0.0218956 0.972549 0.529412 0.003922
vn 0.4082786 -0.9127249 0.0155539
v 0.0066584 0.0073297 0.0218962 0.972549 0.529412 0.003922
vn 0.3111928 -0.9502754 0.0116583
v 0.0066095 0.0073108 0.0218968 0.972549 0.529412 0.003922
vn 0.2092707 -0.9778283 0.0075941
v 0.0065590 0.0072973 0.0218974 0.972549 0.529412 0.003922
vn 0.1059444 -0.9943660 0.0034597
v 0.0065073 0.0072892 0.0218980 0.972549 0.529412 0.003922
vn 0.0524478 -0.9986228 0.0013149
v 0.0064550 0.0072864 0.0218987 0.972549 0.529412 0.003922
vn 0.0521139 -0.9986329 0.0040621
v 0.0062916 0.0072833 0.0260065 0.972549 0.529412 0.003922
vn 0.9943424 -0.0529808 0.0920670
v 0.0067895 0.0077832 0.0260527 0.972549 0.529412 0.003922
vn 0.0997285 -0.9945458 0.0305467
v 0.0046981 0.0072799 0.0342190 0.972549 0.529412 0.003922
vn 0.0512865 -0.9985657 0.0153660
v 0.0046481 0.0072771 0.0342034 0.972549 0.529412 0.003922
vn 0.0246095 -0.9996752 0.0066209
v 0.0034300 0.0072743 0.0380880 0.972549 0.529412 0.003922
vn 0.0488658 -0.9987015 0.0144015
v 0.0034543 0.0072749 0.0380963 0.972549 0.529412 0.003922
vn 0.1030676 -0.9941730 0.0315761
v 0.0034783 0.0072769 0.0381059 0.972549 0.529412 0.003922
vn 0.1983591 -0.9781988 0.0614875
v 0.0047474 0.0072880 0.0342345 0.972549 0.529412 0.003922
vn 0.1498369 -0.9876356 0.0460979
v 0.0035024 0.0072803 0.0381171 0.972549 0.529412 0.003922
vn 0.2326241 -0.9698801 0.0722412
v 0.0035253 0.0072849 0.0381292 0.972549 0.529412 0.003922
vn 0.1271326 -0.9911208 0.0389477
v 0.0034790 0.0072770 0.0381062 0.972549 0.529412 0.003922
vn 0.2948009 -0.9511431 0.0917558
v 0.0047956 0.0073016 0.0342496 0.972549 0.529412 0.003922
vn 0.2488369 -0.9654669 0.0771617
v 0.0035480 0.0072912 0.0381428 0.972549 0.529412 0.003922
vn 0.3371504 -0.9355736 0.1050319
v 0.0035695 0.0072984 0.0381572 0.972549 0.529412 0.003922
vn 0.2489089 -0.9654487 0.0771574
v 0.0035259 0.0072851 0.0381295 0.972549 0.529412 0.003922
vn 0.3879518 -0.9137031 0.1209968
v 0.0048422 0.0073203 0.0342643 0.972549 0.529412 0.003922
vn 0.3461044 -0.9319938 0.1077002
v 0.0035908 0.0073072 0.0381731 0.972549 0.529412 0.003922
vn 0.4078434 -0.9041418 0.1272453
v 0.0036106 0.0073171 0.0381897 0.972549 0.529412 0.003922
vn 0.3436342 -0.9330055 0.1068470
v 0.0035701 0.0072987 0.0381576 0.972549 0.529412 0.003922
vn 0.4771484 -0.8660994 0.1490016
v 0.0048867 0.0073440 0.0342782 0.972549 0.529412 0.003922
vn 0.4380971 -0.8884894 0.1365932
v 0.0036301 0.0073285 0.0382077 0.972549 0.529412 0.003922
vn 0.4809556 -0.8637859 0.1501855
v 0.0036480 0.0073408 0.0382264 0.972549 0.529412 0.003922
vn 0.4190949 -0.8985075 0.1305515
v 0.0036111 0.0073174 0.0381901 0.972549 0.529412 0.003922
vn 0.5606861 -0.8092740 0.1752340
v 0.0049286 0.0073725 0.0342914 0.972549 0.529412 0.003922
vn 0.4967756 -0.8539387 0.1549281
v 0.0036484 0.0073411 0.0382268 0.972549 0.529412 0.003922
vn 0.5255255 -0.8348090 0.1640637
v 0.0036655 0.0073546 0.0382463 0.972549 0.529412 0.003922
vn 0.5621486 -0.8081584 0.1756957
v 0.0036815 0.0073693 0.0382667 0.972549 0.529412 0.003922
vn 0.6384201 -0.7433404 0.1996619
v 0.0049674 0.0074054 0.0343036 0.972549 0.529412 0.003922
vn 0.5913559 -0.7849351 0.1848654
v 0.0036818 0.0073696 0.0382671 0.972549 0.529412 0.003922
vn 0.6475236 -0.7346424 0.2025186
v 0.0037106 0.0074022 0.0383104 0.972549 0.529412 0.003922
vn 0.7084299 -0.6700686 0.2216648
v 0.0050027 0.0074424 0.0343147 0.972549 0.529412 0.003922
vn 0.6719182 -0.7101765 0.2101793
v 0.0037108 0.0074025 0.0383108 0.972549 0.529412 0.003922
vn 0.6940762 -0.6863719 0.2171447
v 0.0037348 0.0074391 0.0383568 0.972549 0.529412 0.003922
vn 0.7721334 -0.5876960 0.2417099
v 0.0050342 0.0074830 0.0343246 0.972549 0.529412 0.003922
vn 0.7292539 -0.6450629 0.2282160
v 0.0037350 0.0074394 0.0383571 0.972549 0.529412 0.003922
vn 0.7969804 -0.5500486 0.2495375
v 0.0037542 0.0074797 0.0384055 0.972549 0.529412 0.003922
vn 0.8263965 -0.5000924 0.2587985
v 0.0050613 0.0075270 0.0343331 0.972549 0.529412 0.003922
vn 0.8053488 -0.5364997 0.2521538
v 0.0037543 0.0074800 0.0384058 0.972549 0.529412 0.003922
vn 0.8928043 -0.3530666 0.2797222
v 0.0037683 0.0075237 0.0384560 0.972549 0.529412 0.003922
vn 0.8715202 -0.4073253 0.2730177
v 0.0050841 0.0075735 0.0343403 0.972549 0.529412 0.003922
vn 0.8704958 -0.4097250 0.2726953
v 0.0037683 0.0075240 0.0384563 0.972549 0.529412 0.003922
vn 0.8705045 -0.4097022 0.2727016
v 0.0037771 0.0075703 0.0385077 0.972549 0.529412 0.003922
vn 0.9076300 -0.3087342 0.2844133
v 0.0051019 0.0076224 0.0343460 0.972549 0.529412 0.003922
vn 0.8879003 -0.3664016 0.2781781
v 0.0037771 0.0075705 0.0385080 0.972549 0.529412 0.003922
vn 0.9109232 -0.2978901 0.2854477
v 0.0037803 0.0076192 0.0385601 0.972549 0.529412 0.003922
vn 0.9332946 -0.2083036 0.2925250
v 0.0051148 0.0076730 0.0343501 0.972549 0.529412 0.003922
vn 0.9203352 -0.2641955 0.2884160
v 0.0037803 0.0076193 0.0385602 0.972549 0.529412 0.003922
vn 0.9182720 -0.2719764 0.2877594
v 0.0037782 0.0076697 0.0386124 0.972549 0.529412 0.003922
vn 0.9488889 -0.1054052 0.2974890
v 0.0051227 0.0077247 0.0343525 0.972549 0.529412 0.003922
vn 0.9373009 -0.1874796 0.2937999
v 0.0037782 0.0076698 0.0386125 0.972549 0.529412 0.003922
vn 0.2410202 -0.9676282 0.0748664
v 0.0037705 0.0077215 0.0386643 0.972549 0.529412 0.003922
vn 0.9528271 -0.0534760 0.2987657
v 0.0051253 0.0077769 0.0343534 0.972549 0.529412 0.003922
vn 0.9394959 -0.1749527 0.2945151
v 0.0037705 0.0077215 0.0386644 0.972549 0.529412 0.003922
vn 0.9529065 -0.0517698 0.2988126
v 0.0037575 0.0077737 0.0387150 0.972549 0.529412 0.003922
vn 0.9683335 -0.0003077 0.2496603
v 0.0037687 -0.0076740 0.0386524 0.972549 0.529412 0.003922
vn 0.9683149 -0.0003080 0.2497326
v 0.0037575 0.0077737 0.0387150 0.972549 0.529412 0.003922
vn 0.9880494 -0.0002359 0.1541380
v 0.0037705 0.0077215 0.0386644 0.972549 0.529412 0.003922
vn 0.9892082 -0.0002292 0.1465169
v 0.0037687 -0.0076740 0.0386524 0.972549 0.529412 0.003922
vn 0.9683334 -0.0003077 0.2496602
v 0.0037556 -0.0077262 0.0387030 0.972549 0.529412 0.003922
vn 0.9938954 -0.0002018 0.1103270
v 0.0037764 -0.0076222 0.0386006 0.972549 0.529412 0.003922
vn 0.9935103 -0.0002048 0.1137416
v 0.0037782 0.0076698 0.0386125 0.972549 0.529412 0.003922
vn 0.9997690 -0.0001332 0.0214963
v 0.0037782 0.0076697 0.0386124 0.972549 0.529412 0.003922
vn 0.9985077 -0.0001596 0.0546109
v 0.0037705 0.0077215 0.0386643 0.972549 0.529412 0.003922
vn 0.9999319 -0.0001261 0.0116754
v 0.0037764 -0.0076221 0.0386005 0.972549 0.529412 0.003922
vn 0.9994991 -0.0001412 0.0316475
v 0.0037786 -0.0075716 0.0385484 0.972549 0.529412 0.003922
vn 0.9994007 -0.0001422 0.0346172
v 0.0037803 0.0076193 0.0385602 0.972549 0.529412 0.003922
vn 0.9999865 -0.0001123 -0.0051992
v 0.0037803 0.0076192 0.0385601 0.972549 0.529412 0.003922
vn 0.9998822 -0.0001035 -0.0153532
v 0.0037786 -0.0075714 0.0385482 0.972549 0.529412 0.003922
vn 0.9990489 -0.0000824 -0.0436046
v 0.0037753 -0.0075228 0.0384963 0.972549 0.529412 0.003922
vn 0.9991936 -0.0000877 -0.0401523
v 0.0037771 0.0075705 0.0385080 0.972549 0.529412 0.003922
vn 0.9992638 -0.0000876 -0.0383654
v 0.0037771 0.0075703 0.0385077 0.972549 0.529412 0.003922
vn 0.9990153 -0.0000846 -0.0443689
v 0.0037753 -0.0075226 0.0384960 0.972549 0.529412 0.003922
vn 0.9774113 0.0000493 -0.2113464
v 0.0037666 -0.0074761 0.0384447 0.972549 0.529412 0.003922
vn 0.9925137 -0.0000199 -0.1221343
v 0.0037683 0.0075240 0.0384563 0.972549 0.529412 0.003922
vn 0.9544036 0.0001215 -0.2985194
v 0.0037665 -0.0074759 0.0384444 0.972549 0.529412 0.003922
vn 0.9980408 -0.0000719 -0.0625677
v 0.0037683 0.0075237 0.0384560 0.972549 0.529412 0.003922
vn 0.9604688 0.0001009 -0.2783877
v 0.0037543 0.0074800 0.0384058 0.972549 0.529412 0.003922
vn 0.9465293 0.0001369 -0.3226181
v 0.0037542 0.0074797 0.0384055 0.972549 0.529412 0.003922
vn 0.9608294 0.0000999 -0.2771408
v 0.0037524 -0.0074319 0.0383939 0.972549 0.529412 0.003922
vn 0.9655991 0.0000854 -0.2600354
v 0.0037525 -0.0074322 0.0383943 0.972549 0.529412 0.003922
vn 0.9352601 0.0001645 -0.3539613
v 0.0037332 -0.0073914 0.0383456 0.972549 0.529412 0.003922
vn 0.9076865 0.0002141 -0.4196489
v 0.0037350 0.0074394 0.0383571 0.972549 0.529412 0.003922
vn 0.8527529 0.0003028 -0.5223145
v 0.0037348 0.0074391 0.0383568 0.972549 0.529412 0.003922
vn 0.9339606 0.0001686 -0.3573761
v 0.0037331 -0.0073911 0.0383453 0.972549 0.529412 0.003922
vn 0.8891726 0.0002521 -0.4575720
v 0.0037090 -0.0073544 0.0382993 0.972549 0.529412 0.003922
vn 0.8907166 0.0002511 -0.4545591
v 0.0037108 0.0074025 0.0383108 0.972549 0.529412 0.003922
vn 0.8810647 0.0002652 -0.4729958
v 0.0037106 0.0074022 0.0383104 0.972549 0.529412 0.003922
vn 0.8769165 0.0002726 -0.4806429
v 0.0037088 -0.0073541 0.0382989 0.972549 0.529412 0.003922
vn 0.8226611 0.0003460 -0.5685320
v 0.0036801 -0.0073215 0.0382557 0.972549 0.529412 0.003922
vn 0.8243558 0.0003412 -0.5660719
v 0.0036818 0.0073696 0.0382671 0.972549 0.529412 0.003922
vn 0.7967989 0.0003740 -0.6042445
v 0.0036798 -0.0073212 0.0382553 0.972549 0.529412 0.003922
vn 0.7142944 0.0005301 -0.6998451
v 0.0036463 -0.0072926 0.0382150 0.972549 0.529412 0.003922
vn 0.7746367 0.0003435 -0.6324064
v 0.0036655 0.0073546 0.0382463 0.972549 0.529412 0.003922
vn 0.7400805 0.0004358 -0.6725182
v 0.0036484 0.0073411 0.0382268 0.972549 0.529412 0.003922
vn 0.7397786 0.0005316 -0.6728502
v 0.0036467 -0.0072929 0.0382154 0.972549 0.529412 0.003922
vn 0.7990521 0.0003434 -0.6012619
v 0.0036815 0.0073693 0.0382667 0.972549 0.529412 0.003922
vn 0.7754315 0.0004290 -0.6314316
v 0.0036637 -0.0073064 0.0382349 0.972549 0.529412 0.003922
vn 0.6327553 0.0006015 -0.7743517
v 0.0036089 -0.0072688 0.0381784 0.972549 0.529412 0.003922
vn 0.7054774 0.0004013 -0.7087324
v 0.0036301 0.0073285 0.0382077 0.972549 0.529412 0.003922
vn 0.6632641 0.0005010 -0.7483854
v 0.0036111 0.0073174 0.0381901 0.972549 0.529412 0.003922
vn 0.6625152 0.0006037 -0.7490482
v 0.0036094 -0.0072691 0.0381788 0.972549 0.529412 0.003922
vn 0.7159008 0.0004234 -0.6982020
v 0.0036480 0.0073408 0.0382264 0.972549 0.529412 0.003922
vn 0.7041330 0.0005025 -0.7100680
v 0.0036283 -0.0072802 0.0381964 0.972549 0.529412 0.003922
vn 0.5602227 0.0006265 -0.8283418
v 0.0035678 -0.0072501 0.0381459 0.972549 0.529412 0.003922
vn 0.6259076 0.0004750 -0.7798972
v 0.0035908 0.0073072 0.0381731 0.972549 0.529412 0.003922
vn 0.5859980 0.0005590 -0.8103123
v 0.0035701 0.0072987 0.0381576 0.972549 0.529412 0.003922
vn 0.5861851 0.0006457 -0.8101770
v 0.0035684 -0.0072503 0.0381463 0.972549 0.529412 0.003922
vn 0.6373909 0.0004887 -0.7705405
v 0.0036106 0.0073171 0.0381897 0.972549 0.529412 0.003922
vn 0.6257483 0.0005660 -0.7800249
v 0.0035890 -0.0072589 0.0381618 0.972549 0.529412 0.003922
vn 0.5190811 0.0005475 -0.8547248
v 0.0035235 -0.0072366 0.0381178 0.972549 0.529412 0.003922
vn 0.5392753 0.0005352 -0.8421293
v 0.0035480 0.0072912 0.0381428 0.972549 0.529412 0.003922
vn 0.4892001 0.0006197 -0.8721714
v 0.0035259 0.0072851 0.0381295 0.972549 0.529412 0.003922
vn 0.5324607 0.0006065 -0.8464546
v 0.0035241 -0.0072368 0.0381183 0.972549 0.529412 0.003922
vn 0.5597727 0.0005404 -0.8286460
v 0.0035695 0.0072984 0.0381572 0.972549 0.529412 0.003922
vn 0.5383459 0.0006301 -0.8427238
v 0.0035464 -0.0072428 0.0381315 0.972549 0.529412 0.003922
vn 0.4591008 0.0005968 -0.8883840
v 0.0035253 0.0072849 0.0381292 0.972549 0.529412 0.003922
vn 0.3884755 0.0006850 -0.9214588
v 0.0034766 -0.0072285 0.0380947 0.972549 0.529412 0.003922
vn 0.4470534 0.0005873 -0.8945071
v 0.0035024 0.0072803 0.0381171 0.972549 0.529412 0.003922
vn 0.4118928 0.0006536 -0.9112321
v 0.0034790 0.0072770 0.0381062 0.972549 0.529412 0.003922
vn 0.4128757 0.0007212 -0.9107872
v 0.0034773 -0.0072286 0.0380950 0.972549 0.529412 0.003922
vn 0.4451613 0.0006840 -0.8954502
v 0.0035007 -0.0072319 0.0381059 0.972549 0.529412 0.003922
vn 0.3863003 0.0006272 -0.9223729
v 0.0034783 0.0072769 0.0381059 0.972549 0.529412 0.003922
vn 0.2499277 0.0007910 -0.9682642
v 0.0034275 -0.0072258 0.0380765 0.972549 0.529412 0.003922
vn 0.3478673 0.0006409 -0.9375436
v 0.0034543 0.0072749 0.0380963 0.972549 0.529412 0.003922
vn 0.3396399 0.0006880 -0.9405553
v 0.0034300 0.0072743 0.0380880 0.972549 0.529412 0.003922
vn 0.2893162 0.0008176 -0.9572333
v 0.0034283 -0.0072257 0.0380767 0.972549 0.529412 0.003922
vn 0.3498342 0.0007237 -0.9368114
v 0.0034526 -0.0072264 0.0380851 0.972549 0.529412 0.003922
vn 0.3021241 0.0007012 -0.9532683
v 0.0034292 0.0072743 0.0380877 0.972549 0.529412 0.003922
vn 0.1961699 0.0007380 -0.9805697
v 0.0033784 0.0072743 0.0380748 0.972549 0.529412 0.003922
vn 0.1961017 0.0007379 -0.9805833
v 0.0033767 -0.0072258 0.0380635 0.972549 0.529412 0.003922
vn 0.0921091 0.0007618 -0.9957487
v 0.0033265 0.0072742 0.0380672 0.972549 0.529412 0.003922
vn 0.0921219 0.0007618 -0.9957474
v 0.0033248 -0.0072257 0.0380560 0.972549 0.529412 0.003922
vn 0.0385511 0.0007674 -0.9992564
v 0.0032742 0.0072743 0.0380651 0.972549 0.529412 0.003922
vn 0.0404646 0.0007740 -0.9991807
v 0.0032725 -0.0072257 0.0380538 0.972549 0.529412 0.003922
vn 0.9528621 0.0523037 0.2988616
v 0.0051235 -0.0077231 0.0343414 0.972549 0.529412 0.003922
vn 0.9529120 0.0512244 0.2988895
v 0.0037556 -0.0077262 0.0387030 0.972549 0.529412 0.003922
vn 0.9529117 0.0512298 0.2988894
v 0.0037687 -0.0076740 0.0386524 0.972549 0.529412 0.003922
vn 0.9489083 0.1047446 0.2976605
v 0.0051209 -0.0076708 0.0343406 0.972549 0.529412 0.003922
vn 0.9424723 0.1559678 0.2956690
v 0.0037687 -0.0076740 0.0386524 0.972549 0.529412 0.003922
vn 0.9332771 0.2079541 0.2928295
v 0.0051131 -0.0076191 0.0343382 0.972549 0.529412 0.003922
vn 0.9367297 0.1901690 0.2938932
v 0.0037764 -0.0076222 0.0386006 0.972549 0.529412 0.003922
vn 0.9162532 0.2789308 0.2875375
v 0.0037764 -0.0076221 0.0386005 0.972549 0.529412 0.003922
vn 0.9075926 0.3084491 0.2848417
v 0.0051002 -0.0075686 0.0343341 0.972549 0.529412 0.003922
vn 0.9197838 0.2658698 0.2886365
v 0.0037786 -0.0075716 0.0385484 0.972549 0.529412 0.003922
vn 0.9084450 0.3056770 0.2851129
v 0.0037786 -0.0075714 0.0385482 0.972549 0.529412 0.003922
vn 0.8719699 0.4058705 0.2737475
v 0.0050823 -0.0075197 0.0343286 0.972549 0.529412 0.003922
vn 0.8869581 0.3684866 0.2784299
v 0.0037753 -0.0075228 0.0384963 0.972549 0.529412 0.003922
vn 0.8679436 0.4152307 0.2725019
v 0.0037753 -0.0075226 0.0384960 0.972549 0.529412 0.003922
vn 0.8264792 0.4995580 0.2595652
v 0.0050596 -0.0074730 0.0343216 0.972549 0.529412 0.003922
vn 0.8171858 0.5160749 0.2566596
v 0.0037666 -0.0074761 0.0384447 0.972549 0.529412 0.003922
vn 0.7293971 0.6445435 0.2292238
v 0.0037665 -0.0074759 0.0384444 0.972549 0.529412 0.003922
vn 0.7718230 0.5877813 0.2424924
v 0.0050324 -0.0074291 0.0343130 0.972549 0.529412 0.003922
vn 0.7939806 0.5544247 0.2494154
v 0.0037525 -0.0074322 0.0383943 0.972549 0.529412 0.003922
vn 0.7660247 0.5960534 0.2406795
v 0.0037524 -0.0074319 0.0383939 0.972549 0.529412 0.003922
vn 0.7091847 0.6688612 0.2228946
v 0.0050010 -0.0073885 0.0343032 0.972549 0.529412 0.003922
vn 0.7633814 0.5997657 0.2398539
v 0.0037332 -0.0073914 0.0383456 0.972549 0.529412 0.003922
vn 0.7745049 0.5838943 0.2433305
v 0.0037331 -0.0073911 0.0383453 0.972549 0.529412 0.003922
vn 0.6386572 0.7428225 0.2008280
v 0.0049657 -0.0073514 0.0342922 0.972549 0.529412 0.003922
vn 0.6707482 0.7110737 0.2108817
v 0.0037090 -0.0073544 0.0382993 0.972549 0.529412 0.003922
vn 0.6437719 0.7379530 0.2024430
v 0.0037088 -0.0073541 0.0382989 0.972549 0.529412 0.003922
vn 0.5604703 0.8091776 0.1763657
v 0.0049268 -0.0073184 0.0342800 0.972549 0.529412 0.003922
vn 0.4772336 0.8658267 0.1503077
v 0.0048850 -0.0072900 0.0342669 0.972549 0.529412 0.003922
vn 0.5574002 0.8115277 0.1752940
v 0.0036798 -0.0073212 0.0382553 0.972549 0.529412 0.003922
vn 0.5260987 0.8341898 0.1653710
v 0.0036637 -0.0073064 0.0382349 0.972549 0.529412 0.003922
vn 0.5888357 0.7867361 0.1852537
v 0.0036801 -0.0073215 0.0382557 0.972549 0.529412 0.003922
vn 0.4393918 0.8875843 0.1383077
v 0.0036283 -0.0072802 0.0381964 0.972549 0.529412 0.003922
vn 0.4157421 0.9000254 0.1308157
v 0.0036094 -0.0072691 0.0381788 0.972549 0.529412 0.003922
vn 0.4937173 0.8556136 0.1554628
v 0.0036467 -0.0072929 0.0382154 0.972549 0.529412 0.003922
vn 0.4759019 0.8666331 0.1498821
v 0.0036463 -0.0072926 0.0382150 0.972549 0.529412 0.003922
vn 0.3883175 0.9133536 0.1224533
v 0.0048405 -0.0072662 0.0342530 0.972549 0.529412 0.003922
vn 0.3462585 0.9317701 0.1091312
v 0.0035890 -0.0072589 0.0381618 0.972549 0.529412 0.003922
vn 0.2945815 0.9511034 0.0928661
v 0.0035684 -0.0072503 0.0381463 0.972549 0.529412 0.003922
vn 0.4020995 0.9067768 0.1267747
v 0.0036089 -0.0072688 0.0381784 0.972549 0.529412 0.003922
vn 0.2948046 0.9510059 0.0931571
v 0.0047939 -0.0072475 0.0342384 0.972549 0.529412 0.003922
vn 0.2502945 0.9649382 0.0790389
v 0.0035464 -0.0072428 0.0381315 0.972549 0.529412 0.003922
vn 0.2370845 0.9686016 0.0748465
v 0.0035241 -0.0072368 0.0381183 0.972549 0.529412 0.003922
vn 0.2654362 0.9604669 0.0839462
v 0.0035678 -0.0072501 0.0381459 0.972549 0.529412 0.003922
vn 0.1987427 0.9780210 0.0630584
v 0.0047456 -0.0072339 0.0342233 0.972549 0.529412 0.003922
vn 0.1504233 0.9874684 0.0477395
v 0.0035007 -0.0072319 0.0381059 0.972549 0.529412 0.003922
vn 0.1220555 0.9917638 0.0388236
v 0.0034773 -0.0072286 0.0380950 0.972549 0.529412 0.003922
vn 0.2227873 0.9723079 0.0705912
v 0.0035235 -0.0072366 0.0381178 0.972549 0.529412 0.003922
vn 0.0507214 0.9985744 0.0166351
v 0.0046464 -0.0072229 0.0341922 0.972549 0.529412 0.003922
vn 0.0989719 0.9945881 0.0316092
v 0.0034766 -0.0072285 0.0380947 0.972549 0.529412 0.003922
vn 0.0509317 0.9985654 0.0165263
v 0.0034526 -0.0072264 0.0380851 0.972549 0.529412 0.003922
vn 0.1001234 0.9944561 0.0321333
v 0.0046963 -0.0072257 0.0342078 0.972549 0.529412 0.003922
vn 0.0239432 0.9996793 0.0082510
v 0.0034283 -0.0072257 0.0380767 0.972549 0.529412 0.003922
vn 0.0003852 0.9999997 0.0007979
v 0.0033767 -0.0072258 0.0380635 0.972549 0.529412 0.003922
vn 0.0001340 0.9999998 0.0007775
v 0.0062899 -0.0072168 0.0259952 0.972549 0.529412 0.003922
vn 0.0000950 0.9999997 0.0007679
v 0.0056856 -0.0072199 0.0301373 0.972549 0.529412 0.003922
vn 0.0001486 0.9999997 0.0007771
v 0.0064533 -0.0072136 0.0218874 0.972549 0.529412 0.003922
vn -0.0030927 0.9999953 -0.0002231
v 0.0034275 -0.0072258 0.0380765 0.972549 0.529412 0.003922
vn -0.0002448 0.9999998 0.0006675
v 0.0046464 -0.0072229 0.0341922 0.972549 0.529412 0.003922
vn 0.0001244 0.9999998 0.0007761
v 0.0062645 -0.0072016 0.0065148 0.972549 0.529412 0.003922
vn 0.0001552 0.9999997 0.0008272
v 0.0033248 -0.0072257 0.0380560 0.972549 0.529412 0.003922
vn -0.0003284 0.9999997 0.0007333
v 0.0032725 -0.0072257 0.0380538 0.972549 0.529412 0.003922
vn -0.0059106 0.9999820 -0.0011105
v 0.0034283 -0.0072257 0.0380767 0.972549 0.529412 0.003922
vn 0.0001238 0.9999998 0.0007761
v -0.0009849 -0.0072008 0.0066038 0.972549 0.529412 0.003922
vn 0.0001236 0.9999998 0.0007762
v -0.0005980 -0.0072253 0.0381014 0.972549 0.529412 0.003922
vn 0.1034357 0.9942629 0.0272483
v 0.0046963 -0.0072257 0.0342078 0.972549 0.529412 0.003922
vn 0.0515691 0.9985721 0.0139452
v 0.0046464 -0.0072229 0.0341922 0.972549 0.529412 0.003922
vn 0.0500401 0.9986890 0.0107870
v 0.0056856 -0.0072199 0.0301373 0.972549 0.529412 0.003922
vn 0.1044046 0.9942987 0.0216769
v 0.0057368 -0.0072226 0.0301476 0.972549 0.529412 0.003922
vn 0.0506907 0.9986995 0.0054563
v 0.0062899 -0.0072168 0.0259952 0.972549 0.529412 0.003922
vn 0.2036694 0.9776082 0.0529251
v 0.0047456 -0.0072339 0.0342233 0.972549 0.529412 0.003922
vn 0.2055908 0.9777380 0.0419639
v 0.0057875 -0.0072309 0.0301578 0.972549 0.529412 0.003922
vn 0.1057998 0.9943315 0.0105599
v 0.0063419 -0.0072194 0.0260000 0.972549 0.529412 0.003922
vn 0.3011802 0.9503801 0.0778979
v 0.0047939 -0.0072475 0.0342384 0.972549 0.529412 0.003922
vn 0.3044545 0.9505228 0.0617565
v 0.0058371 -0.0072443 0.0301676 0.972549 0.529412 0.003922
vn 0.2085902 0.9777975 0.0200571
v 0.0063934 -0.0072277 0.0260047 0.972549 0.529412 0.003922
vn 0.3961777 0.9124668 0.1022139
v 0.0048405 -0.0072662 0.0342530 0.972549 0.529412 0.003922
vn 0.4007708 0.9125885 0.0810250
v 0.0058850 -0.0072631 0.0301772 0.972549 0.529412 0.003922
vn 0.3090762 0.9505845 0.0293444
v 0.0064437 -0.0072412 0.0260094 0.972549 0.529412 0.003922
vn 0.4862396 0.8648017 0.1252557
v 0.0048850 -0.0072900 0.0342669 0.972549 0.529412 0.003922
vn 0.4910943 0.8654484 0.0991237
v 0.0059308 -0.0072870 0.0301864 0.972549 0.529412 0.003922
vn 0.4072170 0.9125239 0.0384004
v 0.0064923 -0.0072600 0.0260139 0.972549 0.529412 0.003922
vn 0.5706443 0.8079599 0.1468539
v 0.0049268 -0.0073184 0.0342800 0.972549 0.529412 0.003922
vn 0.5771824 0.8082878 0.1163244
v 0.0059738 -0.0073154 0.0301950 0.972549 0.529412 0.003922
vn 0.4993320 0.8651410 0.0468885
v 0.0065387 -0.0072838 0.0260181 0.972549 0.529412 0.003922
vn 0.6498021 0.7415110 0.1670891
v 0.0049657 -0.0073514 0.0342922 0.972549 0.529412 0.003922
vn 0.6574748 0.7417575 0.1323738
v 0.0060136 -0.0073483 0.0302030 0.972549 0.529412 0.003922
vn 0.5863652 0.8081837 0.0549102
v 0.0065825 -0.0073123 0.0260221 0.972549 0.529412 0.003922
vn 0.7211490 0.6675352 0.1853131
v 0.0050010 -0.0073885 0.0343032 0.972549 0.529412 0.003922
vn 0.7296818 0.6678422 0.1468035
v 0.0060499 -0.0073854 0.0302102 0.972549 0.529412 0.003922
vn 0.6672168 0.7422523 0.0623162
v 0.0066230 -0.0073452 0.0260258 0.972549 0.529412 0.003922
vn 0.7845502 0.5864128 0.2014968
v 0.0050324 -0.0074291 0.0343130 0.972549 0.529412 0.003922
vn 0.7936446 0.5870873 0.1595520
v 0.0060822 -0.0074261 0.0302166 0.972549 0.529412 0.003922
vn 0.7405229 0.6684678 0.0691134
v 0.0066598 -0.0073822 0.0260292 0.972549 0.529412 0.003922
vn 0.8397836 0.4982826 0.2155876
v 0.0050596 -0.0074730 0.0343216 0.972549 0.529412 0.003922
vn 0.8495688 0.4990911 0.1707075
v 0.0061102 -0.0074699 0.0302222 0.972549 0.529412 0.003922
vn 0.8061649 0.5869139 0.0750352
v 0.0066927 -0.0074229 0.0260321 0.972549 0.529412 0.003922
vn 0.8856935 0.4048311 0.2272858
v 0.0050823 -0.0075197 0.0343286 0.972549 0.529412 0.003922
vn 0.8961432 0.4056380 0.1799592
v 0.0061335 -0.0075166 0.0302268 0.972549 0.529412 0.003922
vn 0.8631996 0.4984347 0.0803089
v 0.0067210 -0.0074668 0.0260348 0.972549 0.529412 0.003922
vn 0.9216840 0.3075628 0.2364400
v 0.0051002 -0.0075686 0.0343341 0.972549 0.529412 0.003922
vn 0.9328294 0.3078415 0.1872507
v 0.0061518 -0.0075655 0.0302305 0.972549 0.529412 0.003922
vn 0.9101215 0.4056205 0.0845630
v 0.0067446 -0.0075134 0.0260369 0.972549 0.529412 0.003922
vn 0.9476252 0.2072503 0.2430100
v 0.0051131 -0.0076191 0.0343382 0.972549 0.529412 0.003922
vn 0.9592547 0.2068420 0.1924756
v 0.0061651 -0.0076160 0.0302331 0.972549 0.529412 0.003922
vn 0.9469743 0.3090509 0.0879052
v 0.0067633 -0.0075623 0.0260386 0.972549 0.529412 0.003922
vn 0.9633823 0.1044249 0.2469615
v 0.0051209 -0.0076708 0.0343406 0.972549 0.529412 0.003922
vn 0.9750831 0.1047134 0.1955713
v 0.0061731 -0.0076677 0.0302347 0.972549 0.529412 0.003922
vn 0.9740230 0.2076423 0.0903540
v 0.0067768 -0.0076128 0.0260398 0.972549 0.529412 0.003922
vn 0.9673616 0.0523280 0.2479386
v 0.0051235 -0.0077231 0.0343414 0.972549 0.529412 0.003922
vn 0.9790801 0.0533309 0.1963620
v 0.0061758 -0.0077200 0.0302352 0.972549 0.529412 0.003922
vn 0.9903153 0.1042046 0.0917441
v 0.0067850 -0.0076646 0.0260405 0.972549 0.529412 0.003922
vn 0.0508140 0.9987043 0.0027951
v 0.0064533 -0.0072136 0.0218874 0.972549 0.529412 0.003922
vn 0.1061323 0.9943395 0.0049948
v 0.0065056 -0.0072163 0.0218868 0.972549 0.529412 0.003922
vn 0.2105452 0.9775416 0.0091256
v 0.0065573 -0.0072245 0.0218861 0.972549 0.529412 0.003922
vn 0.3104427 0.9505021 0.0130820
v 0.0066078 -0.0072381 0.0218855 0.972549 0.529412 0.003922
vn 0.4079061 0.9128666 0.0169483
v 0.0066567 -0.0072568 0.0218848 0.972549 0.529412 0.003922
vn 0.5015403 0.8648881 0.0206387
v 0.0067033 -0.0072806 0.0218843 0.972549 0.529412 0.003922
vn 0.5892202 0.8076137 0.0240797
v 0.0067472 -0.0073091 0.0218837 0.972549 0.529412 0.003922
vn 0.6702520 0.7416333 0.0272494
v 0.0067878 -0.0073420 0.0218832 0.972549 0.529412 0.003922
vn 0.7441257 0.6673602 0.0301215
v 0.0068249 -0.0073791 0.0218827 0.972549 0.529412 0.003922
vn 0.8097621 0.5858485 0.0326630
v 0.0068578 -0.0074197 0.0218823 0.972549 0.529412 0.003922
vn 0.8657427 0.4992751 0.0348441
v 0.0068863 -0.0074636 0.0218819 0.972549 0.529412 0.003922
vn 0.9131188 0.4060414 0.0366694
v 0.0069101 -0.0075102 0.0218816 0.972549 0.529412 0.003922
vn 0.9507654 0.3075638 0.0380757
v 0.0069288 -0.0075591 0.0218813 0.972549 0.529412 0.003922
vn 0.9776205 0.2067187 0.0390574
v 0.0069423 -0.0076097 0.0218811 0.972549 0.529412 0.003922
vn 0.9943554 0.0526596 0.0921112
v 0.0067877 -0.0077168 0.0260407 0.972549 0.529412 0.003922
vn 0.9938055 0.1038320 0.0396187
v 0.0069505 -0.0076613 0.0218810 0.972549 0.529412 0.003922
vn 0.9978421 0.0522711 0.0397368
v 0.0069532 -0.0077136 0.0218808 0.972549 0.529412 0.003922
vn 0.0507880 0.9987095 0.0001474
v 0.0064533 -0.0072136 0.0218874 0.972549 0.529412 0.003922
vn 0.0526888 0.9986110 0.0001304
v 0.0062645 -0.0072016 0.0065148 0.972549 0.529412 0.003922
vn 0.1044730 0.9945276 -0.0005120
v 0.0063168 -0.0072044 0.0065141 0.972549 0.529412 0.003922
vn 0.1043091 0.9945449 -0.0005105
v 0.0065056 -0.0072163 0.0218868 0.972549 0.529412 0.003922
vn 0.2077346 0.9781837 -0.0017938
v 0.0063684 -0.0072125 0.0065135 0.972549 0.529412 0.003922
vn 0.2087557 0.9779662 -0.0018030
v 0.0065573 -0.0072245 0.0218861 0.972549 0.529412 0.003922
vn 0.3093429 0.9509457 -0.0030598
v 0.0064190 -0.0072261 0.0065129 0.972549 0.529412 0.003922
vn 0.3087350 0.9511433 -0.0030543
v 0.0066078 -0.0072381 0.0218855 0.972549 0.529412 0.003922
vn 0.4063289 0.9137169 -0.0042820
v 0.0064679 -0.0072449 0.0065122 0.972549 0.529412 0.003922
vn 0.4062769 0.9137400 -0.0042814
v 0.0066567 -0.0072568 0.0218848 0.972549 0.529412 0.003922
vn 0.4993638 0.8663752 -0.0054615
v 0.0065145 -0.0072686 0.0065116 0.972549 0.529412 0.003922
vn 0.5000976 0.8659519 -0.0054679
v 0.0067033 -0.0072806 0.0218843 0.972549 0.529412 0.003922
vn 0.5879595 0.8088636 -0.0065915
v 0.0065584 -0.0072971 0.0065111 0.972549 0.529412 0.003922
vn 0.5879641 0.8088602 -0.0065916
v 0.0067472 -0.0073091 0.0218837 0.972549 0.529412 0.003922
vn 0.6693022 0.7429510 -0.0076419
v 0.0065990 -0.0073300 0.0065106 0.972549 0.529412 0.003922
vn 0.6693024 0.7429509 -0.0076419
v 0.0067878 -0.0073420 0.0218832 0.972549 0.529412 0.003922
vn 0.7434616 0.6687232 -0.0086105
v 0.0066361 -0.0073671 0.0065100 0.972549 0.529412 0.003922
vn 0.7434746 0.6687088 -0.0086106
v 0.0068249 -0.0073791 0.0218827 0.972549 0.529412 0.003922
vn 0.8093584 0.5872387 -0.0094832
v 0.0066690 -0.0074078 0.0065096 0.972549 0.529412 0.003922
vn 0.8093609 0.5872353 -0.0094833
v 0.0068578 -0.0074197 0.0218823 0.972549 0.529412 0.003922
vn 0.8658524 0.5001949 -0.0102449
v 0.0066975 -0.0074517 0.0065093 0.972549 0.529412 0.003922
vn 0.8656382 0.5005654 -0.0102434
v 0.0068863 -0.0074636 0.0218819 0.972549 0.529412 0.003922
vn 0.9134492 0.4068067 -0.0109033
v 0.0067213 -0.0074983 0.0065089 0.972549 0.529412 0.003922
vn 0.9132745 0.4071989 -0.0109023
v 0.0069101 -0.0075102 0.0218816 0.972549 0.529412 0.003922
vn 0.9510833 0.3087227 -0.0114427
v 0.0067400 -0.0075472 0.0065087 0.972549 0.529412 0.003922
vn 0.9511544 0.3085035 -0.0114430
v 0.0069288 -0.0075591 0.0218813 0.972549 0.529412 0.003922
vn 0.9781491 0.2075667 -0.0118528
v 0.0067535 -0.0075977 0.0065084 0.972549 0.529412 0.003922
vn 0.9782038 0.2073086 -0.0118528
v 0.0069423 -0.0076097 0.0218811 0.972549 0.529412 0.003922
vn 0.9944800 0.1042238 -0.0121329
v 0.0067617 -0.0076494 0.0065083 0.972549 0.529412 0.003922
vn 0.9944770 0.1042519 -0.0121330
v 0.0069505 -0.0076613 0.0218810 0.972549 0.529412 0.003922
vn 0.9985500 0.0524266 -0.0122233
v 0.0067644 -0.0077016 0.0065082 0.972549 0.529412 0.003922
vn 0.9985479 0.0524660 -0.0122234
v 0.0069532 -0.0077136 0.0218808 0.972549 0.529412 0.003922
vn 0.9992096 -0.0001496 0.0397528
v 0.0069532 -0.0077136 0.0218808 0.972549 0.529412 0.003922
vn 0.9992092 -0.0001475 0.0397614
v 0.0069510 -0.0268290 0.0218660 0.972549 0.529412 0.003922
vn 0.9967449 -0.0001801 0.0806197
v 0.0067856 -0.0253178 0.0260271 0.972549 0.529412 0.003922
vn 0.9957424 -0.0001908 0.0921794
v 0.0067877 -0.0077168 0.0260407 0.972549 0.529412 0.003922
vn 0.9826871 -0.0002617 0.1852731
v 0.0061739 -0.0237958 0.0302227 0.972549 0.529412 0.003922
vn 0.9804881 -0.0002704 0.1965785
v 0.0061758 -0.0077200 0.0302352 0.972549 0.529412 0.003922
vn 0.9686960 -0.0003096 0.2482497
v 0.0051218 -0.0223079 0.0343301 0.972549 0.529412 0.003922
vn 0.9686950 -0.0003085 0.2482534
v 0.0051235 -0.0077231 0.0343414 0.972549 0.529412 0.003922
vn 0.9541796 -0.0003418 0.2992342
v 0.0051218 -0.0223079 0.0343301 0.972549 0.529412 0.003922
vn 0.9541811 -0.0003392 0.2992297
v -0.0096410 -0.0052589 0.0814249 0.972549 0.529412 0.003922
vn 0.9541794 -0.0003431 0.2992350
v 0.0037556 -0.0077262 0.0387030 0.972549 0.529412 0.003922
vn 0.9541810 -0.0003412 0.2992300
v -0.0096398 0.0051237 0.0814329 0.972549 0.529412 0.003922
vn 0.9541796 -0.0003493 0.2992342
v 0.0037575 0.0077737 0.0387150 0.972549 0.529412 0.003922
vn 0.9541783 -0.0003495 0.2992384
v 0.0051261 0.0141115 0.0343584 0.972549 0.529412 0.003922
vn 0.9541754 -0.0003423 0.2992479
v 0.0051253 0.0077769 0.0343534 0.972549 0.529412 0.003922
vn 0.9541752 -0.0003464 0.2992482
v 0.0051235 -0.0077231 0.0343414 0.972549 0.529412 0.003922
vn 0.9373507 -0.0003732 0.3483872
v -0.0096398 0.0051237 0.0814329 0.972549 0.529412 0.003922
vn 0.9374028 -0.0003746 0.3482468
v -0.0096410 -0.0052589 0.0814249 0.972549 0.529412 0.003922
vn 0.9221040 -0.0004023 0.3869421
v -0.0096771 -0.0052237 0.0815222 0.972549 0.529412 0.003922
vn 0.9204224 -0.0004108 0.3909250
v -0.0096760 0.0051052 0.0815302 0.972549 0.529412 0.003922
vn 0.8767594 -0.0004750 0.4809290
v -0.0097232 -0.0051901 0.0816152 0.972549 0.529412 0.003922
vn 0.8747557 -0.0004828 0.4845638
v -0.0097219 0.0050874 0.0816232 0.972549 0.529412 0.003922
vn 0.8221388 -0.0005426 0.5692868
v -0.0097786 -0.0051584 0.0817030 0.972549 0.529412 0.003922
vn 0.8193533 -0.0005399 0.5732888
v -0.0097774 0.0050707 0.0817109 0.972549 0.529412 0.003922
vn 0.7581030 -0.0005938 0.6521347
v -0.0098428 -0.0051291 0.0817845 0.972549 0.529412 0.003922
vn 0.7554643 -0.0005961 0.6551896
v -0.0098416 0.0050553 0.0817924 0.972549 0.529412 0.003922
vn 0.6856650 -0.0006443 0.7279170
v -0.0099151 -0.0051023 0.0818589 0.972549 0.529412 0.003922
vn 0.6830994 -0.0006475 0.7303252
v -0.0099139 0.0050412 0.0818668 0.972549 0.529412 0.003922
vn 0.6059582 -0.0006892 0.7954963
v -0.0099948 -0.0050785 0.0819255 0.972549 0.529412 0.003922
vn 0.6033463 -0.0006901 0.7974791
v -0.0099936 0.0050287 0.0819333 0.972549 0.529412 0.003922
vn 0.5194228 -0.0007243 0.8545172
v -0.0100809 -0.0050578 0.0819834 0.972549 0.529412 0.003922
vn 0.5169061 -0.0007235 0.8560418
v -0.0100797 0.0050178 0.0819912 0.972549 0.529412 0.003922
vn 0.4272937 -0.0007500 0.9041126
v -0.0101725 -0.0050405 0.0820321 0.972549 0.529412 0.003922
vn 0.4249230 -0.0007470 0.9052293
v -0.0101713 0.0050086 0.0820399 0.972549 0.529412 0.003922
vn 0.3409501 -0.0007642 0.9400811
v -0.0102686 -0.0050268 0.0820711 0.972549 0.529412 0.003922
vn 0.3285712 -0.0007677 0.9444789
v -0.0102675 0.0050014 0.0820788 0.972549 0.529412 0.003922
vn 0.2779736 -0.0006500 0.9605885
v -0.0103182 -0.0050213 0.0820867 0.972549 0.529412 0.003922
vn 0.2287458 -0.0006459 0.9734860
v -0.0103683 -0.0050168 0.0820998 0.972549 0.529412 0.003922
vn 0.2284273 -0.0007838 0.9735607
v -0.0103672 0.0049961 0.0821076 0.972549 0.529412 0.003922
vn 0.1769871 -0.0006551 0.9842130
v -0.0104192 -0.0050132 0.0821103 0.972549 0.529412 0.003922
vn 0.1503869 -0.0005165 0.9886271
v -0.0104705 -0.0050106 0.0821181 0.972549 0.529412 0.003922
vn 0.1761620 -0.0007871 0.9843609
v -0.0104693 0.0049929 0.0821258 0.972549 0.529412 0.003922
vn -0.2045648 -0.0007381 0.9788528
v -0.0105722 0.0049962 0.0821100 0.972549 0.529412 0.003922
vn -0.1520852 -0.0007514 0.9883671
v -0.0104693 0.0049929 0.0821258 0.972549 0.529412 0.003922
vn -0.1273051 -0.0004967 0.9918635
v -0.0104705 -0.0050106 0.0821181 0.972549 0.529412 0.003922
vn -0.1530551 -0.0006252 0.9882175
v -0.0105221 -0.0050132 0.0821114 0.972549 0.529412 0.003922
vn -0.3057498 -0.0007052 0.9521117
v -0.0106728 0.0050016 0.0820836 0.972549 0.529412 0.003922
vn -0.2042463 -0.0005977 0.9789193
v -0.0105733 -0.0050168 0.0821022 0.972549 0.529412 0.003922
vn -0.2552254 -0.0005954 0.9668814
v -0.0106241 -0.0050214 0.0820903 0.972549 0.529412 0.003922
vn -0.4036223 -0.0006616 0.9149255
v -0.0107703 0.0050088 0.0820468 0.972549 0.529412 0.003922
vn -0.3187215 -0.0006972 0.9478482
v -0.0106741 -0.0050269 0.0820758 0.972549 0.529412 0.003922
vn -0.4970049 -0.0006163 0.8677475
v -0.0108633 0.0050179 0.0820002 0.972549 0.529412 0.003922
vn -0.4059704 -0.0006631 0.9138860
v -0.0107715 -0.0050406 0.0820391 0.972549 0.529412 0.003922
vn -0.5851445 -0.0005627 0.8109289
v -0.0109510 0.0050289 0.0819441 0.972549 0.529412 0.003922
vn -0.4994934 -0.0006159 0.8663175
v -0.0108645 -0.0050580 0.0819923 0.972549 0.529412 0.003922
vn -0.6665478 -0.0004984 0.7454622
v -0.0110324 0.0050416 0.0818792 0.972549 0.529412 0.003922
vn -0.5875374 -0.0005576 0.8091969
v -0.0109522 -0.0050788 0.0819362 0.972549 0.529412 0.003922
vn -0.7404577 -0.0004361 0.6721029
v -0.0111066 0.0050558 0.0818062 0.972549 0.529412 0.003922
vn -0.6695541 -0.0005000 0.7427632
v -0.0110336 -0.0051027 0.0818713 0.972549 0.529412 0.003922
vn -0.8069801 -0.0003660 0.5905786
v -0.0111728 0.0050713 0.0817259 0.972549 0.529412 0.003922
vn -0.7432228 -0.0004344 0.6690440
v -0.0111078 -0.0051296 0.0817982 0.972549 0.529412 0.003922
vn -0.8641853 -0.0002846 0.5031738
v -0.0112303 0.0050882 0.0816390 0.972549 0.529412 0.003922
vn -0.8091810 -0.0003561 0.5875593
v -0.0111740 -0.0051590 0.0817179 0.972549 0.529412 0.003922
vn -0.9116738 -0.0002065 0.4109146
v -0.0112784 0.0051059 0.0815468 0.972549 0.529412 0.003922
vn -0.8664778 -0.0002803 0.4992155
v -0.0112315 -0.0051909 0.0816311 0.972549 0.529412 0.003922
vn -0.9495696 -0.0001329 0.3135566
v -0.0113168 0.0051246 0.0814500 0.972549 0.529412 0.003922
vn -0.9139282 -0.0002089 0.4058757
v -0.0112797 -0.0052247 0.0815388 0.972549 0.529412 0.003922
vn -0.9771528 -0.0000534 0.2125383
v -0.0113448 0.0051438 0.0813498 0.972549 0.529412 0.003922
vn -0.9512100 -0.0001311 0.3085443
v -0.0113179 -0.0052600 0.0814419 0.972549 0.529412 0.003922
vn -0.9939601 0.0000305 0.1097428
v -0.0113622 0.0051636 0.0812472 0.972549 0.529412 0.003922
vn -0.9782079 -0.0000473 0.2076279
v -0.0113460 -0.0052965 0.0813416 0.972549 0.529412 0.003922
vn -0.9979324 0.0000674 0.0642735
v -0.0113689 0.0051835 0.0811432 0.972549 0.529412 0.003922
vn -0.9945030 0.0000367 0.1047087
v -0.0113634 -0.0053339 0.0812390 0.972549 0.529412 0.003922
vn -0.9979215 0.0000690 0.0644426
v -0.0113701 -0.0053717 0.0811351 0.972549 0.529412 0.003922
vn 0.0044892 -0.9399900 0.3411724
v -0.0106741 -0.0050269 0.0820758 0.972549 0.529412 0.003922
vn 0.0047355 -0.9402449 0.3404660
v -0.0109522 -0.0050788 0.0819362 0.972549 0.529412 0.003922
vn 0.0024212 -0.9387792 0.3445111
v -0.0108645 -0.0050580 0.0819923 0.972549 0.529412 0.003922
vn 0.0037859 -0.9397213 0.3419207
v -0.0110336 -0.0051027 0.0818713 0.972549 0.529412 0.003922
vn 0.0046795 -0.9401610 0.3406986
v -0.0111078 -0.0051296 0.0817982 0.972549 0.529412 0.003922
vn 0.0032739 -0.9395407 0.3424216
v -0.0111740 -0.0051590 0.0817179 0.972549 0.529412 0.003922
vn 0.0040537 -0.9398648 0.3415229
v -0.0113701 -0.0053717 0.0811351 0.972549 0.529412 0.003922
vn 0.0042185 -0.9399195 0.3413702
v -0.0102686 -0.0050268 0.0820711 0.972549 0.529412 0.003922
vn 0.0040269 -0.9398364 0.3416013
v -0.0101725 -0.0050405 0.0820321 0.972549 0.529412 0.003922
vn 0.0037870 -0.9397392 0.3418714
v -0.0112315 -0.0051909 0.0816311 0.972549 0.529412 0.003922
vn 0.0041178 -0.9398878 0.3414589
v -0.0100809 -0.0050578 0.0819834 0.972549 0.529412 0.003922
vn 0.0047759 -0.9400954 0.3408781
v -0.0112797 -0.0052247 0.0815388 0.972549 0.529412 0.003922
vn 0.0040836 -0.9398597 0.3415361
v -0.0099948 -0.0050785 0.0819255 0.972549 0.529412 0.003922
vn 0.0044452 -0.9399937 0.3411629
v -0.0113179 -0.0052600 0.0814419 0.972549 0.529412 0.003922
vn 0.0040208 -0.9398284 0.3416233
v -0.0099151 -0.0051023 0.0818589 0.972549 0.529412 0.003922
vn 0.0043452 -0.9399407 0.3413104
v -0.0105221 -0.0050132 0.0821114 0.972549 0.529412 0.003922
vn 0.0035824 -0.9397234 0.3419169
v -0.0104705 -0.0050106 0.0821181 0.972549 0.529412 0.003922
vn 0.0039992 -0.9398625 0.3415298
v -0.0113460 -0.0052965 0.0813416 0.972549 0.529412 0.003922
vn 0.0040380 -0.9398385 0.3415955
v -0.0098428 -0.0051291 0.0817845 0.972549 0.529412 0.003922
vn 0.0047970 -0.9400703 0.3409470
v -0.0105733 -0.0050168 0.0821022 0.972549 0.529412 0.003922
vn 0.0039879 -0.9398575 0.3415435
v -0.0113634 -0.0053339 0.0812390 0.972549 0.529412 0.003922
vn 0.0039811 -0.9397886 0.3417333
v -0.0097786 -0.0051584 0.0817030 0.972549 0.529412 0.003922
vn 0.0035513 -0.9397427 0.3418642
v -0.0106241 -0.0050214 0.0820903 0.972549 0.529412 0.003922
vn 0.0040448 -0.9398657 0.3415203
v -0.0097232 -0.0051901 0.0816152 0.972549 0.529412 0.003922
vn 0.0043146 -0.9399530 0.3412769
v -0.0104192 -0.0050132 0.0821103 0.972549 0.529412 0.003922
vn 0.0067644 -0.9419179 0.3357753
v -0.0107715 -0.0050406 0.0820391 0.972549 0.529412 0.003922
vn 0.0040548 -0.9398559 0.3415474
v -0.0096771 -0.0052237 0.0815222 0.972549 0.529412 0.003922
vn 0.0040925 -0.9398623 0.3415291
v -0.0121805 -0.0292710 0.0153754 0.972549 0.529412 0.003922
vn 0.0040935 -0.9398636 0.3415257
v 0.0051218 -0.0223079 0.0343301 0.972549 0.529412 0.003922
vn 0.0040955 -0.9398636 0.3415256
v 0.0061739 -0.0237958 0.0302227 0.972549 0.529412 0.003922
vn 0.0040906 -0.9398731 0.3414996
v -0.0103182 -0.0050213 0.0820867 0.972549 0.529412 0.003922
vn 0.0042280 -0.9399158 0.3413802
v -0.0103683 -0.0050168 0.0820998 0.972549 0.529412 0.003922
vn 0.0040920 -0.9398627 0.3415278
v 0.0067856 -0.0253178 0.0260271 0.972549 0.529412 0.003922
vn 0.0040239 -0.9398261 0.3416296
v -0.0096410 -0.0052589 0.0814249 0.972549 0.529412 0.003922
vn 0.0040948 -0.9398633 0.3415266
v 0.0069510 -0.0268290 0.0218660 0.972549 0.529412 0.003922
vn 0.0040900 -0.9398587 0.3415392
v 0.0068682 -0.0292731 0.0151415 0.972549 0.529412 0.003922
vn 0.9999251 -0.0000985 -0.0122453
v 0.0068238 -0.0294644 0.0115314 0.972549 0.529412 0.003922
vn 0.9999249 -0.0000543 -0.0122610
v 0.0068028 -0.0286815 0.0098161 0.972549 0.529412 0.003922
vn 0.9999220 -0.0005318 -0.0124786
v 0.0068096 -0.0290120 0.0103730 0.972549 0.529412 0.003922
vn 0.9999233 -0.0002823 -0.0123824
v 0.0067962 -0.0282751 0.0092757 0.972549 0.529412 0.003922
vn 0.9999241 -0.0001840 -0.0123220
v 0.0067899 -0.0277860 0.0087549 0.972549 0.529412 0.003922
vn 0.9999251 -0.0000592 -0.0122365
v 0.0067839 -0.0272064 0.0082592 0.972549 0.529412 0.003922
vn 0.9999255 -0.0000243 -0.0122102
v 0.0067782 -0.0265282 0.0077967 0.972549 0.529412 0.003922
vn 0.9999246 -0.0001047 -0.0122825
v 0.0067732 -0.0257441 0.0073792 0.972549 0.529412 0.003922
vn 0.9999245 -0.0001127 -0.0122928
v 0.0067628 -0.0215460 0.0064974 0.972549 0.529412 0.003922
vn 0.9999246 -0.0001077 -0.0122821
v 0.0068255 -0.0295001 0.0116712 0.972549 0.529412 0.003922
vn 0.9999242 -0.0001261 -0.0123095
v 0.0068329 -0.0296119 0.0122771 0.972549 0.529412 0.003922
vn 0.9999250 -0.0000788 -0.0122546
v 0.0067689 -0.0248495 0.0070216 0.972549 0.529412 0.003922
vn 0.9999248 -0.0000935 -0.0122685
v 0.0068406 -0.0296575 0.0129002 0.972549 0.529412 0.003922
vn 0.9999247 -0.0000974 -0.0122773
v 0.0067655 -0.0238446 0.0067422 0.972549 0.529412 0.003922
vn 0.9999250 -0.0000846 -0.0122567
v 0.0068485 -0.0296344 0.0135419 0.972549 0.529412 0.003922
vn 0.9999241 -0.0001337 -0.0123256
v 0.0067634 -0.0227374 0.0065610 0.972549 0.529412 0.003922
vn 0.9999244 -0.0001266 -0.0123005
v 0.0068566 -0.0295377 0.0142036 0.972549 0.529412 0.003922
vn 0.9999244 -0.0001253 -0.0123012
v 0.0068650 -0.0293603 0.0148854 0.972549 0.529412 0.003922
vn 0.9999205 -0.0008114 -0.0125877
v 0.0068166 -0.0292718 0.0109448 0.972549 0.529412 0.003922
vn 0.9999246 -0.0001066 -0.0122812
v 0.0067644 -0.0077016 0.0065082 0.972549 0.529412 0.003922
vn 0.9999246 -0.0001084 -0.0122833
v 0.0068682 -0.0292731 0.0151415 0.972549 0.529412 0.003922
vn 0.9999247 -0.0001052 -0.0122785
v 0.0069510 -0.0268290 0.0218660 0.972549 0.529412 0.003922
vn 0.9999246 -0.0001073 -0.0122812
v 0.0069532 -0.0077136 0.0218808 0.972549 0.529412 0.003922
vn 0.0034247 -0.9578451 0.2872648
v 0.0068650 -0.0293603 0.0148854 0.972549 0.529412 0.003922
vn 0.0034267 -0.9578017 0.2874096
v -0.0121835 -0.0293583 0.0151194 0.972549 0.529412 0.003922
vn 0.0038668 -0.9464291 0.3228887
v -0.0121805 -0.0292710 0.0153754 0.972549 0.529412 0.003922
vn 0.0023319 -0.9801005 0.1984881
v 0.0068566 -0.0295377 0.0142036 0.972549 0.529412 0.003922
vn 0.0023282 -0.9801154 0.1984145
v -0.0121920 -0.0295355 0.0144375 0.972549 0.529412 0.003922
vn 0.0010006 -0.9958986 0.0904707
v 0.0068485 -0.0296344 0.0135419 0.972549 0.529412 0.003922
vn 0.0010047 -0.9958907 0.0905575
v -0.0122001 -0.0296323 0.0137759 0.972549 0.529412 0.003922
vn -0.0003366 -0.9998272 -0.0185880
v 0.0068406 -0.0296575 0.0129002 0.972549 0.529412 0.003922
vn -0.0003366 -0.9998272 -0.0185899
v -0.0122080 -0.0296555 0.0131342 0.972549 0.529412 0.003922
vn -0.0016728 -0.9918483 -0.1274132
v 0.0068329 -0.0296119 0.0122771 0.972549 0.529412 0.003922
vn -0.0016757 -0.9918402 -0.1274762
v -0.0122156 -0.0296097 0.0125111 0.972549 0.529412 0.003922
vn -0.0023371 -0.9834158 -0.1813503
v 0.0068255 -0.0295001 0.0116712 0.972549 0.529412 0.003922
vn -0.0023358 -0.9834210 -0.1813221
v -0.0122231 -0.0294980 0.0119051 0.972549 0.529412 0.003922
vn 0.0038548 -0.9465794 0.3224478
v 0.0068682 -0.0292731 0.0151415 0.972549 0.529412 0.003922
vn -0.0035406 -0.9600382 -0.2798468
v 0.0068238 -0.0294644 0.0115314 0.972549 0.529412 0.003922
vn -0.0035341 -0.9601321 -0.2795243
v -0.0122248 -0.0294624 0.0117653 0.972549 0.529412 0.003922
vn -0.0031330 -0.9690670 -0.2467779
v -0.0122231 -0.0294980 0.0119051 0.972549 0.529412 0.003922
vn -0.0045599 -0.9316619 -0.3632979
v 0.0068166 -0.0292718 0.0109448 0.972549 0.529412 0.003922
vn -0.0045614 -0.9316494 -0.3633301
v -0.0122320 -0.0292698 0.0111788 0.972549 0.529412 0.003922
vn -0.0057763 -0.8865356 -0.4626244
v 0.0068096 -0.0290120 0.0103730 0.972549 0.529412 0.003922
vn -0.0057776 -0.8865218 -0.4626507
v -0.0122390 -0.0290100 0.0106070 0.972549 0.529412 0.003922
vn -0.0069244 -0.8308408 -0.5564672
v 0.0068028 -0.0286815 0.0098161 0.972549 0.529412 0.003922
vn -0.0069250 -0.8308339 -0.5564774
v -0.0122457 -0.0286795 0.0100501 0.972549 0.529412 0.003922
vn -0.0079893 -0.7652333 -0.6437035
v 0.0067962 -0.0282751 0.0092757 0.972549 0.529412 0.003922
vn -0.0079900 -0.7652240 -0.6437145
v -0.0122524 -0.0282730 0.0095097 0.972549 0.529412 0.003922
vn -0.0089585 -0.6905211 -0.7232568
v 0.0067899 -0.0277860 0.0087549 0.972549 0.529412 0.003922
vn -0.0089588 -0.6905164 -0.7232612
v -0.0122587 -0.0277839 0.0089889 0.972549 0.529412 0.003922
vn -0.0098208 -0.6076192 -0.7941678
v 0.0067839 -0.0272064 0.0082592 0.972549 0.529412 0.003922
vn -0.0098210 -0.6076136 -0.7941721
v -0.0122648 -0.0272043 0.0084932 0.972549 0.529412 0.003922
vn -0.0105665 -0.5174954 -0.8556207
v 0.0067782 -0.0265282 0.0077967 0.972549 0.529412 0.003922
vn -0.0105665 -0.5174944 -0.8556214
v -0.0122704 -0.0265262 0.0080308 0.972549 0.529412 0.003922
vn -0.0111861 -0.4212371 -0.9068816
v 0.0067732 -0.0257441 0.0073792 0.972549 0.529412 0.003922
vn -0.0111846 -0.4212624 -0.9068698
v -0.0122754 -0.0257421 0.0076132 0.972549 0.529412 0.003922
vn -0.0116707 -0.3200012 -0.9473453
v 0.0067689 -0.0248495 0.0070216 0.972549 0.529412 0.003922
vn -0.0116692 -0.3200268 -0.9473367
v -0.0122797 -0.0248474 0.0072555 0.972549 0.529412 0.003922
vn -0.0120161 -0.2150310 -0.9765334
v 0.0067655 -0.0238446 0.0067422 0.972549 0.529412 0.003922
vn -0.0120161 -0.2150295 -0.9765337
v -0.0122830 -0.0238424 0.0069761 0.972549 0.529412 0.003922
vn -0.0122202 -0.1075729 -0.9941221
v 0.0067634 -0.0227374 0.0065610 0.972549 0.529412 0.003922
vn -0.0122226 -0.1075358 -0.9941261
v -0.0122851 -0.0227353 0.0067949 0.972549 0.529412 0.003922
vn -0.0122682 -0.0532847 -0.9985040
v 0.0067628 -0.0215460 0.0064974 0.972549 0.529412 0.003922
vn -0.0122730 -0.0532092 -0.9985080
v -0.0122857 -0.0215439 0.0067314 0.972549 0.529412 0.003922
vn -0.0031460 -0.9689009 -0.2474295
v 0.0068255 -0.0295001 0.0116712 0.972549 0.529412 0.003922
vn -0.0126198 0.0011218 -0.9999198
v 0.0066707 0.0075045 0.0065211 0.972549 0.529412 0.003922
vn -0.0125383 0.0012724 -0.9999206
v 0.0067230 0.0075950 0.0065206 0.972549 0.529412 0.003922
vn -0.0119547 0.0009748 -0.9999281
v 0.0067417 0.0076438 0.0065204 0.972549 0.529412 0.003922
vn -0.0121359 0.0007753 -0.9999261
v 0.0067662 0.0077983 0.0065203 0.972549 0.529412 0.003922
vn -0.0142291 0.0017790 -0.9998972
v 0.0066007 0.0074268 0.0065220 0.972549 0.529412 0.003922
vn -0.0133082 0.0013732 -0.9999105
v 0.0066378 0.0074638 0.0065215 0.972549 0.529412 0.003922
vn -0.0114668 0.0001703 -0.9999343
v 0.0064207 0.0073228 0.0065241 0.972549 0.529412 0.003922
vn -0.0122327 0.0007097 -0.9999250
v 0.0064696 0.0073416 0.0065236 0.972549 0.529412 0.003922
vn -0.0114957 0.0007690 -0.9999337
v 0.0067553 0.0076943 0.0065203 0.972549 0.529412 0.003922
vn -0.0111711 0.0006430 -0.9999374
v 0.0067635 0.0077461 0.0065203 0.972549 0.529412 0.003922
vn -0.0128530 0.0014539 -0.9999164
v 0.0066993 0.0075484 0.0065208 0.972549 0.529412 0.003922
vn -0.0121050 0.0006892 -0.9999265
v 0.0065602 0.0073938 0.0065225 0.972549 0.529412 0.003922
vn -0.0130636 0.0012670 -0.9999139
v 0.0065162 0.0073653 0.0065230 0.972549 0.529412 0.003922
vn -0.0129350 0.0004631 -0.9999163
v 0.0067617 -0.0076494 0.0065083 0.972549 0.529412 0.003922
vn -0.0099970 0.0016422 -0.9999487
v 0.0066690 -0.0074078 0.0065096 0.972549 0.529412 0.003922
vn -0.0156292 -0.0008564 -0.9998775
v 0.0066361 -0.0073671 0.0065100 0.972549 0.529412 0.003922
vn -0.0053794 0.0025994 -0.9999822
v 0.0067400 -0.0075472 0.0065087 0.972549 0.529412 0.003922
vn -0.0165190 -0.0004030 -0.9998635
v 0.0067213 -0.0074983 0.0065089 0.972549 0.529412 0.003922
vn -0.0138654 -0.0003564 -0.9999039
v 0.0065145 -0.0072686 0.0065116 0.972549 0.529412 0.003922
vn -0.0130910 0.0002595 -0.9999143
v 0.0064679 -0.0072449 0.0065122 0.972549 0.529412 0.003922
vn -0.0124892 0.0007765 -0.9999217
v 0.0065990 -0.0073300 0.0065106 0.972549 0.529412 0.003922
vn -0.0098648 0.0022623 -0.9999488
v 0.0065584 -0.0072971 0.0065111 0.972549 0.529412 0.003922
vn -0.0087917 0.0021311 -0.9999591
v 0.0066975 -0.0074517 0.0065093 0.972549 0.529412 0.003922
vn -0.0281604 -0.0022356 -0.9996009
v 0.0067535 -0.0075977 0.0065084 0.972549 0.529412 0.003922
vn -0.0114681 0.0000217 -0.9999343
v 0.0063185 0.0073011 0.0065254 0.972549 0.529412 0.003922
vn -0.0128440 0.0012964 -0.9999167
v 0.0063702 0.0073093 0.0065247 0.972549 0.529412 0.003922
vn -0.0123829 0.0007255 -0.9999231
v 0.0067644 -0.0077016 0.0065082 0.972549 0.529412 0.003922
vn -0.0119856 0.0010612 -0.9999276
v 0.0064190 -0.0072261 0.0065129 0.972549 0.529412 0.003922
vn -0.0113778 0.0015367 -0.9999341
v 0.0063684 -0.0072125 0.0065135 0.972549 0.529412 0.003922
vn -0.0119448 0.0004852 -0.9999285
v 0.0062662 0.0072984 0.0065260 0.972549 0.529412 0.003922
vn -0.0126754 0.0003587 -0.9999196
v 0.0063168 -0.0072044 0.0065141 0.972549 0.529412 0.003922
vn -0.0122825 0.0007714 -0.9999243
v 0.0067670 0.0143925 0.0065253 0.972549 0.529412 0.003922
vn -0.0122816 0.0007750 -0.9999243
v -0.0122815 0.0143946 0.0067593 0.972549 0.529412 0.003922
vn -0.0122820 0.0007749 -0.9999243
v -0.0009832 0.0072991 0.0066151 0.972549 0.529412 0.003922
vn -0.0122842 0.0007775 -0.9999242
v -0.0122857 -0.0215439 0.0067314 0.972549 0.529412 0.003922
vn -0.0122818 0.0007787 -0.9999243
v -0.0009849 -0.0072008 0.0066038 0.972549 0.529412 0.003922
vn -0.0122829 0.0007790 -0.9999243
v 0.0067628 -0.0215460 0.0064974 0.972549 0.529412 0.003922
vn -0.0124723 0.0005944 -0.9999220
v 0.0062645 -0.0072016 0.0065148 0.972549 0.529412 0.003922
vn 0.0023568 0.9820488 0.1886123
v -0.0103672 0.0049961 0.0821076 0.972549 0.529412 0.003922
vn 0.0024330 0.9826130 0.1856498
v -0.0104693 0.0049929 0.0821258 0.972549 0.529412 0.003922
vn 0.0024865 0.9817520 0.1901499
v -0.0105722 0.0049962 0.0821100 0.972549 0.529412 0.003922
vn 0.0029057 0.9826732 0.1853239
v -0.0106728 0.0050016 0.0820836 0.972549 0.529412 0.003922
vn 0.0024192 0.9821878 0.1878868
v -0.0107703 0.0050088 0.0820468 0.972549 0.529412 0.003922
vn 0.0024344 0.9822150 0.1877439
v -0.0102675 0.0050014 0.0820788 0.972549 0.529412 0.003922
vn 0.0023710 0.9820072 0.1888288
v -0.0108633 0.0050179 0.0820002 0.972549 0.529412 0.003922
vn 0.0023196 0.9819307 0.1892268
v -0.0101713 0.0050086 0.0820399 0.972549 0.529412 0.003922
vn 0.0023984 0.9820623 0.1885414
v -0.0109510 0.0050289 0.0819441 0.972549 0.529412 0.003922
vn 0.0023798 0.9821607 0.1880286
v -0.0100797 0.0050178 0.0819912 0.972549 0.529412 0.003922
vn 0.0024338 0.9822062 0.1877903
v -0.0099936 0.0050287 0.0819333 0.972549 0.529412 0.003922
vn 0.0024447 0.9820226 0.1887476
v -0.0110324 0.0050416 0.0818792 0.972549 0.529412 0.003922
vn 0.0024713 0.9821178 0.1882512
v -0.0099139 0.0050412 0.0818668 0.972549 0.529412 0.003922
vn 0.0024658 0.9822195 0.1877203
v -0.0111066 0.0050558 0.0818062 0.972549 0.529412 0.003922
vn 0.0024429 0.9821353 0.1881606
v -0.0098416 0.0050553 0.0817924 0.972549 0.529412 0.003922
vn 0.0024460 0.9820732 0.1884840
v -0.0111728 0.0050713 0.0817259 0.972549 0.529412 0.003922
vn 0.0024521 0.9820962 0.1883642
v -0.0097774 0.0050707 0.0817109 0.972549 0.529412 0.003922
vn 0.0024472 0.9821892 0.1878786
v -0.0112303 0.0050882 0.0816390 0.972549 0.529412 0.003922
vn 0.0024239 0.9820739 0.1884807
v -0.0097219 0.0050874 0.0816232 0.972549 0.529412 0.003922
vn 0.0024059 0.9821183 0.1882494
v -0.0112784 0.0051059 0.0815468 0.972549 0.529412 0.003922
vn 0.0024079 0.9820973 0.1883593
v -0.0113168 0.0051246 0.0814500 0.972549 0.529412 0.003922
vn 0.0023937 0.9820728 0.1884869
v -0.0096760 0.0051052 0.0815302 0.972549 0.529412 0.003922
vn 0.0023998 0.9820964 0.1883638
v -0.0113448 0.0051438 0.0813498 0.972549 0.529412 0.003922
vn 0.0023925 0.9820989 0.1883511
v -0.0096398 0.0051237 0.0814329 0.972549 0.529412 0.003922
vn 0.0024146 0.9821151 0.1882659
v 0.0051261 0.0141115 0.0343584 0.972549 0.529412 0.003922
vn 0.0024170 0.9821364 0.1881550
v -0.0113689 0.0051835 0.0811432 0.972549 0.529412 0.003922
vn 0.0024141 0.9821145 0.1882691
v -0.0119938 0.0149554 0.0301757 0.972549 0.529412 0.003922
vn 0.0024155 0.9821088 0.1882991
v 0.0062376 0.0149535 0.0299518 0.972549 0.529412 0.003922
vn 0.0024156 0.9821119 0.1882831
v 0.0061735 0.0148912 0.0302776 0.972549 0.529412 0.003922
vn 0.0024164 0.9821238 0.1882207
v -0.0113622 0.0051636 0.0812472 0.972549 0.529412 0.003922
vn 0.9686510 -0.0004330 0.2484253
v 0.0061713 0.0077799 0.0302717 0.972549 0.529412 0.003922
vn 0.9686969 -0.0003042 0.2482463
v 0.0051253 0.0077769 0.0343534 0.972549 0.529412 0.003922
vn 0.9686503 -0.0004290 0.2484277
v 0.0051261 0.0141115 0.0343584 0.972549 0.529412 0.003922
vn 0.9896430 -0.0022001 0.1435339
v 0.0067822 0.0077832 0.0261027 0.972549 0.529412 0.003922
vn 0.9803346 -0.0013804 0.1973381
v 0.0061776 0.0077800 0.0302472 0.972549 0.529412 0.003922
vn 0.9842559 -0.0078692 0.1765744
v 0.0062376 0.0149535 0.0299518 0.972549 0.529412 0.003922
vn 0.9760133 -0.0003558 0.2177107
v 0.0061735 0.0148912 0.0302776 0.972549 0.529412 0.003922
vn 0.9866812 -0.0136971 0.1620882
v 0.0064118 0.0151889 0.0289837 0.972549 0.529412 0.003922
vn 0.9903522 -0.0059584 0.1384451
v 0.0065574 0.0155192 0.0280441 0.972549 0.529412 0.003922
vn 0.9932613 -0.0018086 0.1158828
v 0.0066758 0.0159409 0.0271422 0.972549 0.529412 0.003922
vn 0.9955770 -0.0004637 0.0939484
v 0.0067689 0.0164499 0.0262870 0.972549 0.529412 0.003922
vn 0.9992118 -0.0012137 0.0396773
v 0.0069550 0.0077863 0.0218929 0.972549 0.529412 0.003922
vn 0.9977648 -0.0129653 0.0655536
v 0.0068392 0.0170413 0.0254870 0.972549 0.529412 0.003922
vn 0.9993513 -0.0037366 0.0358223
v 0.0068897 0.0177090 0.0247497 0.972549 0.529412 0.003922
vn 0.9957570 -0.0000210 0.0920216
v 0.0067895 0.0077832 0.0260527 0.972549 0.529412 0.003922
vn 0.9972159 -0.0094155 0.0739713
v 0.0067845 0.0165810 0.0261098 0.972549 0.529412 0.003922
vn 0.9997276 -0.0001405 0.0233406
v 0.0069566 0.0205592 0.0219028 0.972549 0.529412 0.003922
vn 0.9999257 -0.0004604 -0.0121841
v 0.0068595 0.0241057 0.0139669 0.972549 0.529412 0.003922
vn 0.9999256 -0.0006993 -0.0121839
v 0.0068527 0.0240231 0.0134142 0.972549 0.529412 0.003922
vn 0.9999222 0.0006730 -0.0124636
v 0.0068455 0.0238751 0.0128356 0.972549 0.529412 0.003922
vn 0.9999265 -0.0006969 -0.0121066
v 0.0068384 0.0236597 0.0122499 0.972549 0.529412 0.003922
vn 0.9999248 -0.0001247 -0.0122702
v 0.0068310 0.0233724 0.0116552 0.972549 0.529412 0.003922
vn 0.9999247 -0.0000965 -0.0122790
v 0.0068668 0.0241361 0.0145685 0.972549 0.529412 0.003922
vn 0.9999245 -0.0001613 -0.0122863
v 0.0069069 0.0234261 0.0178295 0.972549 0.529412 0.003922
vn 0.9999246 -0.0000753 -0.0122847
v 0.0068942 0.0237951 0.0167963 0.972549 0.529412 0.003922
vn 0.9999239 0.0001789 -0.0123369
v 0.0068750 0.0241050 0.0152317 0.972549 0.529412 0.003922
vn 0.9999246 -0.0001200 -0.0122828
v 0.0069192 0.0229456 0.0188383 0.972549 0.529412 0.003922
vn 0.9999246 -0.0000630 -0.0122847
v 0.0069321 0.0223048 0.0198983 0.972549 0.529412 0.003922
vn 0.9999247 -0.0001139 -0.0122796
v 0.0068071 0.0219061 0.0097189 0.972549 0.529412 0.003922
vn 0.9999246 -0.0000641 -0.0122843
v 0.0067988 0.0211712 0.0090513 0.972549 0.529412 0.003922
vn 0.9999248 -0.0002899 -0.0122703
v 0.0068841 0.0239978 0.0159703 0.972549 0.529412 0.003922
vn 0.9999247 -0.0001035 -0.0122788
v 0.0069489 0.0211903 0.0212727 0.972549 0.529412 0.003922
vn 0.9999246 -0.0001161 -0.0122853
v 0.0067791 0.0186155 0.0074698 0.972549 0.529412 0.003922
vn 0.9999244 -0.0000560 -0.0122994
v 0.0067737 0.0175020 0.0070391 0.972549 0.529412 0.003922
vn 0.9999247 -0.0001213 -0.0122783
v 0.0068153 0.0225100 0.0103843 0.972549 0.529412 0.003922
vn 0.9999247 -0.0001561 -0.0122773
v 0.0067859 0.0196700 0.0080101 0.972549 0.529412 0.003922
vn 0.9999247 -0.0000646 -0.0122774
v 0.0068233 0.0229939 0.0110323 0.972549 0.529412 0.003922
vn 0.9999247 -0.0001270 -0.0122745
v 0.0067699 0.0163758 0.0067371 0.972549 0.529412 0.003922
vn 0.9999246 -0.0001161 -0.0122815
v 0.0067678 0.0154055 0.0065819 0.972549 0.529412 0.003922
vn 0.9999246 -0.0001154 -0.0122810
v 0.0067908 0.0203034 0.0084054 0.972549 0.529412 0.003922
vn 0.9999245 -0.0000573 -0.0122849
v 0.0069416 0.0217328 0.0206688 0.972549 0.529412 0.003922
vn 0.9999246 -0.0001051 -0.0122847
v 0.0067670 0.0143925 0.0065253 0.972549 0.529412 0.003922
vn 0.9999246 -0.0001138 -0.0122806
v 0.0067662 0.0077983 0.0065203 0.972549 0.529412 0.003922
vn 0.9999246 -0.0001128 -0.0122812
v 0.0069550 0.0077863 0.0218929 0.972549 0.529412 0.003922
vn 0.9999247 -0.0001180 -0.0122769
v 0.0069566 0.0205592 0.0219028 0.972549 0.529412 0.003922
vn 0.0087668 0.7065507 0.7076082
v -0.0120997 0.0211924 0.0215067 0.972549 0.529412 0.003922
vn 0.0087709 0.7065696 0.7075892
v 0.0069566 0.0205592 0.0219028 0.972549 0.529412 0.003922
vn 0.0087697 0.7065584 0.7076005
v 0.0068897 0.0177090 0.0247497 0.972549 0.529412 0.003922
vn 0.0087714 0.7065793 0.7075796
v 0.0069489 0.0211903 0.0212727 0.972549 0.529412 0.003922
vn 0.0087661 0.7065482 0.7076107
v -0.0120574 0.0177110 0.0249824 0.972549 0.529412 0.003922
vn 0.0083245 0.7408519 0.6716169
v -0.0120574 0.0177110 0.0249824 0.972549 0.529412 0.003922
vn 0.0083270 0.7408911 0.6715736
v 0.0068897 0.0177090 0.0247497 0.972549 0.529412 0.003922
vn 0.0078880 0.7719074 0.6356860
v 0.0068392 0.0170413 0.0254870 0.972549 0.529412 0.003922
vn 0.0078697 0.7733538 0.6339260
v -0.0120484 0.0170432 0.0257189 0.972549 0.529412 0.003922
vn 0.0073853 0.8038109 0.5948391
v 0.0067845 0.0165810 0.0261098 0.972549 0.529412 0.003922
vn 0.0069227 0.8307813 0.5565560
v 0.0067689 0.0164499 0.0262870 0.972549 0.529412 0.003922
vn 0.0068976 0.8324736 0.5540217
v -0.0120386 0.0164520 0.0265181 0.972549 0.529412 0.003922
vn 0.0058944 0.8816180 0.4719270
v 0.0066758 0.0159409 0.0271422 0.972549 0.529412 0.003922
vn 0.0058529 0.8833573 0.4686636
v -0.0120282 0.0159429 0.0273720 0.972549 0.529412 0.003922
vn 0.0048033 0.9237921 0.3828646
v 0.0065574 0.0155192 0.0280441 0.972549 0.529412 0.003922
vn 0.0047534 0.9255494 0.3785972
v -0.0120172 0.0155212 0.0282722 0.972549 0.529412 0.003922
vn 0.0036693 0.9570014 0.2900602
v 0.0064118 0.0151889 0.0289837 0.972549 0.529412 0.003922
vn 0.0036033 0.9585595 0.2848699
v -0.0120057 0.0151910 0.0292099 0.972549 0.529412 0.003922
vn 0.0030179 0.9715571 0.2367859
v 0.0062376 0.0149535 0.0299518 0.972549 0.529412 0.003922
vn 0.0030117 0.9715227 0.2369275
v -0.0119938 0.0149554 0.0301757 0.972549 0.529412 0.003922
vn -0.0121997 0.1070026 -0.9941839
v 0.0067678 0.0154055 0.0065819 0.972549 0.529412 0.003922
vn -0.0122000 0.1070110 -0.9941830
v -0.0122807 0.0154076 0.0068158 0.972549 0.529412 0.003922
vn -0.0122545 0.0556606 -0.9983746
v -0.0122815 0.0143946 0.0067593 0.972549 0.529412 0.003922
vn -0.0119891 0.2087666 -0.9778920
v 0.0067699 0.0163758 0.0067371 0.972549 0.529412 0.003922
vn -0.0119917 0.2088218 -0.9778802
v -0.0122787 0.0163778 0.0069711 0.972549 0.529412 0.003922
vn -0.0116453 0.3103580 -0.9505485
v -0.0122749 0.0175040 0.0072731 0.972549 0.529412 0.003922
vn -0.0116453 0.3103565 -0.9505490
v 0.0067737 0.0175020 0.0070391 0.972549 0.529412 0.003922
vn -0.0111671 0.4089879 -0.9124715
v 0.0067791 0.0186155 0.0074698 0.972549 0.529412 0.003922
vn -0.0106326 0.4931729 -0.8698664
v -0.0122628 0.0196720 0.0082441 0.972549 0.529412 0.003922
vn -0.0111671 0.4089871 -0.9124718
v -0.0122695 0.0186175 0.0077038 0.972549 0.529412 0.003922
vn -0.0106343 0.4932224 -0.8698383
v 0.0067859 0.0196700 0.0080101 0.972549 0.529412 0.003922
vn -0.0100847 0.5637535 -0.8258815
v 0.0067908 0.0203034 0.0084054 0.972549 0.529412 0.003922
vn -0.0094158 0.6355057 -0.7720388
v 0.0067988 0.0211712 0.0090513 0.972549 0.529412 0.003922
vn -0.0094159 0.6355060 -0.7720386
v -0.0122498 0.0211732 0.0092853 0.972549 0.529412 0.003922
vn -0.0100847 0.5637369 -0.8258929
v -0.0122578 0.0203054 0.0086394 0.972549 0.529412 0.003922
vn -0.0086078 0.7072885 -0.7068727
v 0.0068071 0.0219061 0.0097189 0.972549 0.529412 0.003922
vn -0.0077255 0.7717353 -0.6358971
v -0.0122332 0.0225120 0.0106182 0.972549 0.529412 0.003922
vn -0.0086063 0.7072628 -0.7068985
v -0.0122415 0.0219081 0.0099528 0.972549 0.529412 0.003922
vn -0.0067826 0.8289042 -0.5593494
v 0.0068233 0.0229939 0.0110323 0.972549 0.529412 0.003922
vn -0.0067766 0.8289292 -0.5593126
v -0.0122252 0.0229960 0.0112663 0.972549 0.529412 0.003922
vn -0.0057701 0.8785622 -0.4775931
v -0.0122176 0.0233744 0.0118892 0.972549 0.529412 0.003922
vn -0.0057753 0.8785336 -0.4776457
v 0.0068310 0.0233724 0.0116552 0.972549 0.529412 0.003922
vn -0.0046995 0.9205830 -0.3905188
v 0.0068384 0.0236597 0.0122499 0.972549 0.529412 0.003922
vn -0.0035441 0.9549295 -0.2968118
v -0.0122030 0.0238771 0.0130695 0.972549 0.529412 0.003922
vn -0.0046988 0.9205706 -0.3905480
v -0.0122102 0.0236618 0.0124838 0.972549 0.529412 0.003922
vn -0.0023286 0.9801883 -0.1980542
v 0.0068527 0.0240231 0.0134142 0.972549 0.529412 0.003922
vn -0.0023289 0.9801906 -0.1980430
v -0.0121958 0.0240251 0.0136482 0.972549 0.529412 0.003922
vn -0.0011136 0.9950636 -0.0992332
v 0.0068595 0.0241057 0.0139669 0.972549 0.529412 0.003922
vn 0.0000867 0.9999985 -0.0017623
v 0.0068668 0.0241361 0.0145685 0.972549 0.529412 0.003922
vn 0.0000866 0.9999985 -0.0017655
v -0.0121817 0.0241382 0.0148025 0.972549 0.529412 0.003922
vn -0.0011122 0.9950570 -0.0992985
v -0.0121891 0.0241078 0.0142010 0.972549 0.529412 0.003922
vn 0.0012785 0.9954461 0.0953177
v 0.0068750 0.0241050 0.0152317 0.972549 0.529412 0.003922
vn 0.0012767 0.9954389 0.0953925
v -0.0121736 0.0241070 0.0154656 0.972549 0.529412 0.003922
vn 0.0024514 0.9815543 0.1911679
v -0.0121645 0.0239998 0.0162043 0.972549 0.529412 0.003922
vn 0.0024514 0.9815543 0.1911677
v 0.0068841 0.0239978 0.0159703 0.972549 0.529412 0.003922
vn 0.0036341 0.9577172 0.2876885
v 0.0068942 0.0237951 0.0167963 0.972549 0.529412 0.003922
vn 0.0048086 0.9234800 0.3836167
v 0.0069069 0.0234261 0.0178295 0.972549 0.529412 0.003922
vn 0.0048106 0.9234784 0.3836202
v -0.0121417 0.0234281 0.0180635 0.972549 0.529412 0.003922
vn 0.0036348 0.9577215 0.2876743
v -0.0121544 0.0237971 0.0170303 0.972549 0.529412 0.003922
vn 0.0059177 0.8803875 0.4742183
v -0.0121294 0.0229476 0.0190722 0.972549 0.529412 0.003922
vn 0.0069325 0.8303179 0.5572470
v -0.0121164 0.0223068 0.0201323 0.972549 0.529412 0.003922
vn 0.0059164 0.8803966 0.4742012
v 0.0069192 0.0229456 0.0188383 0.972549 0.529412 0.003922
vn 0.0069313 0.8303005 0.5572729
v 0.0069321 0.0223048 0.0198983 0.972549 0.529412 0.003922
vn 0.0078544 0.7742962 0.6327747
v 0.0069416 0.0217328 0.0206688 0.972549 0.529412 0.003922
vn 0.0082873 0.7439894 0.6681401
v 0.0069489 0.0211903 0.0212727 0.972549 0.529412 0.003922
vn 0.0082902 0.7440479 0.6680748
v -0.0120997 0.0211924 0.0215067 0.972549 0.529412 0.003922
vn 0.0078571 0.7743430 0.6327174
v -0.0121070 0.0217348 0.0209028 0.972549 0.529412 0.003922
vn -0.0035441 0.9549298 -0.2968108
v 0.0068455 0.0238751 0.0128356 0.972549 0.529412 0.003922
vn -0.0077271 0.7717658 -0.6358600
v 0.0068153 0.0225100 0.0103843 0.972549 0.529412 0.003922
vn -0.0122594 0.0557552 -0.9983693
v 0.0067670 0.0143925 0.0065253 0.972549 0.529412 0.003922
vn -0.9999245 0.0001034 0.0122938
v -0.0097376 -0.0015405 0.0104660 0.972549 0.529412 0.003922
vn -0.9999256 0.0002169 0.0122006
v -0.0097234 -0.0004965 0.0116056 0.972549 0.529412 0.003922
vn -0.9999251 0.0001432 0.0122385
v -0.0097227 -0.0006675 0.0116737 0.972549 0.529412 0.003922
vn -0.9999247 0.0001182 0.0122778
v -0.0097371 0.0016349 0.0104685 0.972549 0.529412 0.003922
vn -0.9999244 0.0002167 0.0122950
v -0.0097214 0.0009226 0.0117611 0.972549 0.529412 0.003922
vn -0.9999262 -0.0000553 0.0121501
v -0.0097224 0.0007601 0.0116748 0.972549 0.529412 0.003922
vn -0.9999241 0.0000956 0.0123268
v -0.0097240 -0.0003190 0.0115566 0.972549 0.529412 0.003922
vn -0.9999247 0.0000809 0.0122709
v -0.0097233 0.0005891 0.0116065 0.972549 0.529412 0.003922
vn -0.9999247 0.0001063 0.0122739
v -0.0097032 0.0032205 0.0132195 0.972549 0.529412 0.003922
vn -0.9999244 0.0000646 0.0122971
v -0.0096936 0.0015464 0.0140144 0.972549 0.529412 0.003922
vn -0.9999224 0.0001880 0.0124575
v -0.0096957 0.0016239 0.0138474 0.972549 0.529412 0.003922
vn -0.9999247 0.0001037 0.0122713
v -0.0096696 0.0016306 0.0159680 0.972549 0.529412 0.003922
vn -0.9999251 0.0001418 0.0122393
v -0.0096845 0.0007577 0.0147603 0.972549 0.529412 0.003922
vn -0.9999253 0.0002313 0.0122245
v -0.0096856 0.0009204 0.0146742 0.972549 0.529412 0.003922
vn -0.9999225 -0.0000091 0.0124586
v -0.0097243 -0.0001374 0.0115270 0.972549 0.529412 0.003922
vn -0.9999231 0.0001525 0.0124024
v -0.0097245 0.0000464 0.0115172 0.972549 0.529412 0.003922
vn -0.9999254 0.0000515 0.0122241
v -0.0097239 0.0004118 0.0115571 0.972549 0.529412 0.003922
vn -0.9999248 0.0002073 0.0122612
v -0.0097132 0.0015477 0.0124219 0.972549 0.529412 0.003922
vn -0.9999244 0.0001528 0.0122989
v -0.0096978 0.0016827 0.0136731 0.972549 0.529412 0.003922
vn -0.9999248 -0.0000550 0.0122622
v -0.0096917 0.0014514 0.0141720 0.972549 0.529412 0.003922
vn -0.9999257 0.0002172 0.0121892
v -0.0096868 0.0010729 0.0145710 0.972549 0.529412 0.003922
vn -0.9999205 0.0003343 0.0126080
v -0.0097243 0.0002302 0.0115272 0.972549 0.529412 0.003922
vn -0.9999267 0.0001785 0.0121090
v -0.0097111 0.0016249 0.0125890 0.972549 0.529412 0.003922
vn -0.9999285 0.0000284 0.0119655
v -0.0097000 0.0017225 0.0134933 0.972549 0.529412 0.003922
vn -0.9999226 0.0001008 0.0124385
v -0.0097022 0.0017425 0.0133103 0.972549 0.529412 0.003922
vn -0.9999245 -0.0000560 0.0122899
v -0.0096883 0.0012132 0.0144519 0.972549 0.529412 0.003922
vn -0.9999250 0.0002242 0.0122441
v -0.0096899 0.0013399 0.0143184 0.972549 0.529412 0.003922
vn -0.9999224 -0.0000650 0.0124588
v -0.0096838 0.0005866 0.0148283 0.972549 0.529412 0.003922
vn -0.9999244 0.0000831 0.0122986
v -0.0096700 -0.0015448 0.0159655 0.972549 0.529412 0.003922
vn -0.9999235 0.0002815 0.0123641
v -0.0096886 -0.0011249 0.0144501 0.972549 0.529412 0.003922
vn -0.9999242 0.0001598 0.0123151
v -0.0096871 -0.0009848 0.0145695 0.972549 0.529412 0.003922
vn -0.9999250 0.0001298 0.0122557
v -0.0097186 0.0012151 0.0119838 0.972549 0.529412 0.003922
vn -0.9999247 0.0000630 0.0122763
v -0.0097200 0.0010750 0.0118645 0.972549 0.529412 0.003922
vn -0.9999251 0.0001496 0.0122411
v -0.0097090 0.0016834 0.0127634 0.972549 0.529412 0.003922
vn -0.9999251 0.0001299 0.0122411
v -0.0097045 0.0017426 0.0131263 0.972549 0.529412 0.003922
vn -0.9999229 0.0000616 0.0124226
v -0.0097067 0.0017229 0.0129432 0.972549 0.529412 0.003922
vn -0.9999229 0.0002415 0.0124186
v -0.0096838 -0.0004990 0.0148275 0.972549 0.529412 0.003922
vn -0.9999254 0.0000477 0.0122192
v -0.0096832 -0.0003217 0.0148768 0.972549 0.529412 0.003922
vn -0.9999254 -0.0000620 0.0122187
v -0.0096858 -0.0008325 0.0146728 0.972549 0.529412 0.003922
vn -0.9999237 -0.0000129 0.0123581
v -0.0097216 -0.0008302 0.0117597 0.972549 0.529412 0.003922
vn -0.9999240 0.0000429 0.0123303
v -0.0097203 -0.0009827 0.0118629 0.972549 0.529412 0.003922
vn -0.9999242 0.0001008 0.0123140
v -0.0096829 0.0002276 0.0149070 0.972549 0.529412 0.003922
vn -0.9999275 0.0002731 0.0120365
v -0.0096831 0.0004092 0.0148774 0.972549 0.529412 0.003922
vn -0.9999244 0.0000341 0.0123022
v -0.0096827 0.0000437 0.0149168 0.972549 0.529412 0.003922
vn -0.9999267 -0.0000435 0.0121077
v -0.0096828 -0.0001400 0.0149067 0.972549 0.529412 0.003922
vn -0.9999232 0.0001692 0.0123955
v -0.0096848 -0.0006699 0.0147592 0.972549 0.529412 0.003922
vn -0.9999245 0.0000901 0.0122893
v -0.0097039 -0.0031303 0.0132145 0.972549 0.529412 0.003922
vn -0.9999245 0.0000863 0.0122915
v -0.0097004 -0.0016328 0.0134907 0.972549 0.529412 0.003922
vn -0.9999220 0.0000111 0.0124912
v -0.0096982 -0.0015933 0.0136705 0.972549 0.529412 0.003922
vn -0.9999244 0.0004651 0.0122936
v -0.0097152 0.0014529 0.0122641 0.972549 0.529412 0.003922
vn -0.9999249 0.0000350 0.0122592
v -0.0097169 0.0013416 0.0121175 0.972549 0.529412 0.003922
vn -0.9999247 -0.0002975 0.0122717
v -0.0096920 -0.0013627 0.0141698 0.972549 0.529412 0.003922
vn -0.9999243 -0.0000318 0.0123083
v -0.0096903 -0.0012514 0.0143164 0.972549 0.529412 0.003922
vn -0.9999250 0.0000326 0.0122522
v -0.0096939 -0.0014575 0.0140121 0.972549 0.529412 0.003922
vn -0.9999245 0.0000599 0.0122890
v -0.0097027 -0.0016525 0.0133077 0.972549 0.529412 0.003922
vn -0.9999294 -0.0000972 0.0118910
v -0.0097115 -0.0015337 0.0125866 0.972549 0.529412 0.003922
vn -0.9999223 0.0001386 0.0124702
v -0.0097094 -0.0015926 0.0127609 0.972549 0.529412 0.003922
vn -0.9999246 0.0001113 0.0122791
v -0.0096960 -0.0015347 0.0138449 0.972549 0.529412 0.003922
vn -0.9999257 0.0000857 0.0121916
v -0.0097049 -0.0016524 0.0131237 0.972549 0.529412 0.003922
vn -0.9999242 0.0000915 0.0123141
v -0.0097071 -0.0016323 0.0129407 0.972549 0.529412 0.003922
vn -0.9999241 -0.0001671 0.0123285
v -0.0097154 -0.0013613 0.0122620 0.972549 0.529412 0.003922
vn -0.9999260 0.0000142 0.0121730
v -0.0097135 -0.0014563 0.0124196 0.972549 0.529412 0.003922
vn -0.9999251 0.0003913 0.0122326
v -0.0097188 -0.0011231 0.0119820 0.972549 0.529412 0.003922
vn -0.9999244 -0.0000974 0.0123010
v -0.0097173 -0.0012498 0.0121155 0.972549 0.529412 0.003922
vn -0.0122926 0.0007835 -0.9999242
v -0.0121694 0.0016309 0.0159987 0.972549 0.529412 0.003922
vn -0.0122925 0.0007836 -0.9999242
v -0.0121698 -0.0015445 0.0159962 0.972549 0.529412 0.003922
vn -0.0122926 0.0007836 -0.9999242
v -0.0096700 -0.0015448 0.0159655 0.972549 0.529412 0.003922
vn -0.0122926 0.0007835 -0.9999242
v -0.0096696 0.0016306 0.0159680 0.972549 0.529412 0.003922
vn -0.0062447 -0.8656319 -0.5006421
v -0.0097032 0.0032205 0.0132195 0.972549 0.529412 0.003922
vn -0.0062362 -0.8656352 -0.5006365
v -0.0122030 0.0032208 0.0132501 0.972549 0.529412 0.003922
vn -0.0062477 -0.8656307 -0.5006441
v -0.0121694 0.0016309 0.0159987 0.972549 0.529412 0.003922
vn -0.0062561 -0.8656274 -0.5006498
v -0.0096696 0.0016306 0.0159680 0.972549 0.529412 0.003922
vn 0.0060169 -0.8664120 0.4992937
v -0.0097371 0.0016349 0.0104685 0.972549 0.529412 0.003922
vn 0.0060169 -0.8664120 0.4992936
v -0.0122369 0.0016352 0.0104991 0.972549 0.529412 0.003922
vn 0.0060170 -0.8664120 0.4992937
v -0.0122030 0.0032208 0.0132501 0.972549 0.529412 0.003922
vn 0.0060170 -0.8664119 0.4992936
v -0.0097032 0.0032205 0.0132195 0.972549 0.529412 0.003922
vn 0.0122760 -0.0007658 0.9999244
v -0.0097376 -0.0015405 0.0104660 0.972549 0.529412 0.003922
vn 0.0122930 -0.0007525 0.9999242
v -0.0122373 -0.0015403 0.0104967 0.972549 0.529412 0.003922
vn 0.0122700 -0.0007706 0.9999244
v -0.0122369 0.0016352 0.0104991 0.972549 0.529412 0.003922
vn 0.0122531 -0.0007839 0.9999247
v -0.0097371 0.0016349 0.0104685 0.972549 0.529412 0.003922
vn 0.0062556 0.8656411 0.5006261
v -0.0097039 -0.0031303 0.0132145 0.972549 0.529412 0.003922
vn 0.0062553 0.8656409 0.5006262
v -0.0122038 -0.0031300 0.0132452 0.972549 0.529412 0.003922
vn 0.0062557 0.8656412 0.5006260
v -0.0122373 -0.0015403 0.0104967 0.972549 0.529412 0.003922
vn 0.0062560 0.8656412 0.5006258
v -0.0097376 -0.0015405 0.0104660 0.972549 0.529412 0.003922
vn -0.0060368 0.8664120 -0.4992933
v -0.0097039 -0.0031303 0.0132145 0.972549 0.529412 0.003922
vn -0.0060369 0.8664120 -0.4992934
v -0.0096700 -0.0015448 0.0159655 0.972549 0.529412 0.003922
vn -0.0060368 0.8664120 -0.4992933
v -0.0121698 -0.0015445 0.0159962 0.972549 0.529412 0.003922
vn -0.0060367 0.8664120 -0.4992933
v -0.0122038 -0.0031300 0.0132452 0.972549 0.529412 0.003922
vn -0.9999246 0.0001098 0.0122861
v -0.0120409 -0.0015527 0.0264954 0.972549 0.529412 0.003922
vn -0.9999244 0.0000975 0.0122967
v -0.0122248 -0.0294624 0.0117653 0.972549 0.529412 0.003922
vn -0.9999244 0.0000935 0.0123061
v -0.0122320 -0.0292698 0.0111788 0.972549 0.529412 0.003922
vn -0.9999249 0.0001211 0.0122569
v -0.0122390 -0.0290100 0.0106070 0.972549 0.529412 0.003922
vn -0.9999248 0.0001141 0.0122677
v -0.0122457 -0.0286795 0.0100501 0.972549 0.529412 0.003922
vn -0.9999248 0.0001141 0.0122690
v -0.0122524 -0.0282730 0.0095097 0.972549 0.529412 0.003922
vn -0.9999245 0.0000964 0.0122940
v -0.0122587 -0.0277839 0.0089889 0.972549 0.529412 0.003922
vn -0.9999247 0.0001092 0.0122778
v -0.0122030 0.0032208 0.0132501 0.972549 0.529412 0.003922
vn -0.9999239 0.0001070 0.0123385
v -0.0122030 0.0238771 0.0130695 0.972549 0.529412 0.003922
vn -0.9999244 0.0001077 0.0122972
v -0.0121958 0.0240251 0.0136482 0.972549 0.529412 0.003922
vn -0.9999239 0.0000657 0.0123415
v -0.0122648 -0.0272043 0.0084932 0.972549 0.529412 0.003922
vn -0.9999245 0.0001037 0.0122868
v -0.0121645 0.0239998 0.0162043 0.972549 0.529412 0.003922
vn -0.9999242 0.0001000 0.0123158
v -0.0121544 0.0237971 0.0170303 0.972549 0.529412 0.003922
vn -0.9999253 0.0001100 0.0122301
v -0.0121891 0.0241078 0.0142010 0.972549 0.529412 0.003922
vn -0.9999248 0.0001178 0.0122688
v -0.0122704 -0.0265262 0.0080308 0.972549 0.529412 0.003922
vn -0.9999246 0.0001069 0.0122843
v -0.0121417 0.0234281 0.0180635 0.972549 0.529412 0.003922
vn -0.9999250 0.0001078 0.0122470
v -0.0121817 0.0241382 0.0148025 0.972549 0.529412 0.003922
vn -0.9999252 0.0001394 0.0122386
v -0.0122754 -0.0257421 0.0076132 0.972549 0.529412 0.003922
vn -0.9999251 0.0001250 0.0122464
v -0.0122080 -0.0296555 0.0131342 0.972549 0.529412 0.003922
vn -0.9999251 0.0001258 0.0122407
v -0.0122156 -0.0296097 0.0125111 0.972549 0.529412 0.003922
vn -0.9999248 0.0001104 0.0122674
v -0.0121294 0.0229476 0.0190722 0.972549 0.529412 0.003922
vn -0.9999247 0.0001067 0.0122712
v -0.0121736 0.0241070 0.0154656 0.972549 0.529412 0.003922
vn -0.9999246 0.0001035 0.0122841
v -0.0122797 -0.0248474 0.0072555 0.972549 0.529412 0.003922
vn -0.9999237 0.0000712 0.0123574
v -0.0122001 -0.0296323 0.0137759 0.972549 0.529412 0.003922
vn -0.9999244 0.0001121 0.0123002
v -0.0122787 0.0163778 0.0069711 0.972549 0.529412 0.003922
vn -0.9999246 0.0001065 0.0122841
v -0.0122749 0.0175040 0.0072731 0.972549 0.529412 0.003922
vn -0.9999244 0.0000925 0.0122976
v -0.0122830 -0.0238424 0.0069761 0.972549 0.529412 0.003922
vn -0.9999247 0.0001065 0.0122804
v -0.0121920 -0.0295355 0.0144375 0.972549 0.529412 0.003922
vn -0.9999239 0.0001193 0.0123384
v -0.0122578 0.0203054 0.0086394 0.972549 0.529412 0.003922
vn -0.9999244 0.0001110 0.0122999
v -0.0122498 0.0211732 0.0092853 0.972549 0.529412 0.003922
vn -0.9999251 0.0000917 0.0122445
v -0.0122695 0.0186175 0.0077038 0.972549 0.529412 0.003922
vn -0.9999245 0.0001015 0.0122943
v -0.0121164 0.0223068 0.0201323 0.972549 0.529412 0.003922
vn -0.9999247 0.0001106 0.0122775
v -0.0122851 -0.0227353 0.0067949 0.972549 0.529412 0.003922
vn -0.9999257 0.0001385 0.0121994
v -0.0121835 -0.0293583 0.0151194 0.972549 0.529412 0.003922
vn -0.9999245 0.0001064 0.0122884
v -0.0120072 -0.0031425 0.0292440 0.972549 0.529412 0.003922
vn -0.9999284 0.0002352 0.0119668
v -0.0121805 -0.0292710 0.0153754 0.972549 0.529412 0.003922
vn -0.9999250 0.0001038 0.0122485
v -0.0122176 0.0233744 0.0118892 0.972549 0.529412 0.003922
vn -0.9999244 0.0001055 0.0123035
v -0.0122102 0.0236618 0.0124838 0.972549 0.529412 0.003922
vn -0.9999244 0.0001098 0.0122971
v -0.0122415 0.0219081 0.0099528 0.972549 0.529412 0.003922
vn -0.9999253 0.0000762 0.0122244
v -0.0122807 0.0154076 0.0068158 0.972549 0.529412 0.003922
vn -0.9999243 0.0001154 0.0123079
v -0.0122369 0.0016352 0.0104991 0.972549 0.529412 0.003922
vn -0.9999249 0.0000951 0.0122596
v -0.0122815 0.0143946 0.0067593 0.972549 0.529412 0.003922
vn -0.9999248 0.0001143 0.0122661
v -0.0121070 0.0217348 0.0209028 0.972549 0.529412 0.003922
vn -0.9999249 0.0001176 0.0122589
v -0.0122231 -0.0294980 0.0119051 0.972549 0.529412 0.003922
vn -0.9999247 0.0001077 0.0122761
v -0.0122038 -0.0031300 0.0132452 0.972549 0.529412 0.003922
vn -0.9999246 0.0001010 0.0122858
v -0.0120405 0.0016228 0.0264979 0.972549 0.529412 0.003922
vn -0.9999249 0.0001042 0.0122583
v -0.0122252 0.0229960 0.0112663 0.972549 0.529412 0.003922
vn -0.9999248 0.0001053 0.0122628
v -0.0122332 0.0225120 0.0106182 0.972549 0.529412 0.003922
vn -0.9999253 0.0001288 0.0122272
v -0.0120997 0.0211924 0.0215067 0.972549 0.529412 0.003922
vn -0.9999246 0.0001096 0.0122816
v -0.0113701 -0.0053717 0.0811351 0.972549 0.529412 0.003922
vn -0.9999249 0.0001274 0.0122586
v -0.0122857 -0.0215439 0.0067314 0.972549 0.529412 0.003922
vn -0.9999247 0.0001097 0.0122765
v -0.0122373 -0.0015403 0.0104967 0.972549 0.529412 0.003922
vn -0.9999244 0.0001087 0.0123020
v -0.0122628 0.0196720 0.0082441 0.972549 0.529412 0.003922
vn -0.9999247 0.0001161 0.0122767
v -0.0121694 0.0016309 0.0159987 0.972549 0.529412 0.003922
vn -0.9999244 0.0000921 0.0122970
v -0.0120484 0.0170432 0.0257189 0.972549 0.529412 0.003922
vn -0.9999244 0.0000851 0.0123030
v -0.0120574 0.0177110 0.0249824 0.972549 0.529412 0.003922
vn -0.9999247 0.0001121 0.0122755
v -0.0120065 0.0032083 0.0292489 0.972549 0.529412 0.003922
vn -0.9999247 0.0001099 0.0122794
v -0.0120386 0.0164520 0.0265181 0.972549 0.529412 0.003922
vn -0.9999246 0.0001084 0.0122828
v -0.0120282 0.0159429 0.0273720 0.972549 0.529412 0.003922
vn -0.9999246 0.0001010 0.0122858
v -0.0121698 -0.0015445 0.0159962 0.972549 0.529412 0.003922
vn -0.9999246 0.0001098 0.0122837
v -0.0119938 0.0149554 0.0301757 0.972549 0.529412 0.003922
vn -0.9999247 0.0001094 0.0122819
v -0.0113689 0.0051835 0.0811432 0.972549 0.529412 0.003922
vn -0.9999247 0.0001035 0.0122807
v -0.0119730 0.0016185 0.0319975 0.972549 0.529412 0.003922
vn -0.9999245 0.0001048 0.0122860
v -0.0120172 0.0155212 0.0282722 0.972549 0.529412 0.003922
vn -0.9999245 0.0001000 0.0122917
v -0.0120057 0.0151910 0.0292099 0.972549 0.529412 0.003922
vn -0.9999246 0.0000997 0.0122825
v -0.0119733 -0.0015569 0.0319950 0.972549 0.529412 0.003922
vn -0.9999248 0.0000968 0.0122644
v -0.0095410 -0.0015529 0.0264648 0.972549 0.529412 0.003922
vn -0.9999247 0.0000424 0.0122728
v -0.0095270 -0.0005090 0.0276044 0.972549 0.529412 0.003922
vn -0.9999229 -0.0001119 0.0124227
v -0.0095261 -0.0006800 0.0276725 0.972549 0.529412 0.003922
vn -0.9999245 0.0000888 0.0122867
v -0.0095407 0.0016225 0.0264672 0.972549 0.529412 0.003922
vn -0.9999238 0.0001701 0.0123450
v -0.0095249 0.0009102 0.0277599 0.972549 0.529412 0.003922
vn -0.9999245 0.0001384 0.0122889
v -0.0095260 0.0007477 0.0276736 0.972549 0.529412 0.003922
vn -0.9999250 0.0000839 0.0122502
v -0.0095275 -0.0003315 0.0275553 0.972549 0.529412 0.003922
vn -0.9999247 0.0000843 0.0122730
v -0.0095268 0.0005767 0.0276053 0.972549 0.529412 0.003922
vn -0.9999246 0.0001145 0.0122845
v -0.0094735 -0.0015572 0.0319643 0.972549 0.529412 0.003922
vn -0.9999247 0.0001013 0.0122754
v -0.0095075 -0.0031428 0.0292133 0.972549 0.529412 0.003922
vn -0.9999248 0.0002073 0.0122611
v -0.0094975 -0.0014700 0.0300109 0.972549 0.529412 0.003922
vn -0.9999295 0.0003646 0.0118722
v -0.0095279 -0.0001498 0.0275257 0.972549 0.529412 0.003922
vn -0.9999263 0.0001320 0.0121500
v -0.0095279 0.0000340 0.0275159 0.972549 0.529412 0.003922
vn -0.9999254 0.0000488 0.0122186
v -0.0095275 0.0003994 0.0275559 0.972549 0.529412 0.003922
vn -0.9999245 0.0000901 0.0122890
v -0.0095067 0.0032081 0.0292183 0.972549 0.529412 0.003922
vn -0.9999250 0.0000316 0.0122514
v -0.0095167 0.0015352 0.0284207 0.972549 0.529412 0.003922
vn -0.9999245 0.0000601 0.0122870
v -0.0095080 0.0017303 0.0291251 0.972549 0.529412 0.003922
vn -0.9999245 0.0000856 0.0122924
v -0.0095103 0.0017104 0.0289420 0.972549 0.529412 0.003922
vn -0.9999244 0.0001041 0.0122984
v -0.0094731 0.0016183 0.0319668 0.972549 0.529412 0.003922
vn -0.9999242 0.0000154 0.0123103
v -0.0094952 0.0014390 0.0301708 0.972549 0.529412 0.003922
vn -0.9999260 0.0000142 0.0121730
v -0.0094972 0.0015340 0.0300132 0.972549 0.529412 0.003922
vn -0.9999257 0.0002190 0.0121969
v -0.0094872 0.0005742 0.0308270 0.972549 0.529412 0.003922
vn -0.9999251 0.0001380 0.0122423
v -0.0094880 0.0007452 0.0307591 0.972549 0.529412 0.003922
vn -0.9999239 0.0001649 0.0123430
v -0.0094893 -0.0008450 0.0306716 0.972549 0.529412 0.003922
vn -0.9999245 0.0001384 0.0122905
v -0.0094882 -0.0006824 0.0307580 0.972549 0.529412 0.003922
vn -0.9999267 0.0001810 0.0121026
v -0.0094995 -0.0015471 0.0298437 0.972549 0.529412 0.003922
vn -0.9999228 0.0000623 0.0124296
v -0.0095039 -0.0016451 0.0294894 0.972549 0.529412 0.003922
vn -0.9999253 0.0001564 0.0122262
v -0.0095016 -0.0016058 0.0296692 0.972549 0.529412 0.003922
vn -0.9999249 -0.0000439 0.0122623
v -0.0095190 -0.0013737 0.0282607 0.972549 0.529412 0.003922
vn -0.9999244 0.0000666 0.0122959
v -0.0095170 -0.0014687 0.0284184 0.972549 0.529412 0.003922
vn -0.9999257 0.0002109 0.0121917
v -0.0095239 -0.0009951 0.0278617 0.972549 0.529412 0.003922
vn -0.9999245 -0.0000628 0.0122931
v -0.0095224 -0.0011355 0.0279807 0.972549 0.529412 0.003922
vn -0.9999269 -0.0000510 0.0120958
v -0.0095278 0.0002178 0.0275261 0.972549 0.529412 0.003922
vn -0.9999247 0.0001113 0.0122792
v -0.0095147 0.0016124 0.0285878 0.972549 0.529412 0.003922
vn -0.9999257 0.0000857 0.0121917
v -0.0095058 0.0017301 0.0293091 0.972549 0.529412 0.003922
vn -0.9999223 0.0001344 0.0124626
v -0.0095013 0.0016703 0.0296718 0.972549 0.529412 0.003922
vn -0.9999241 0.0000934 0.0123245
v -0.0095035 0.0017100 0.0294921 0.972549 0.529412 0.003922
vn -0.9999245 0.0002905 0.0122930
v -0.0094935 0.0013275 0.0303172 0.972549 0.529412 0.003922
vn -0.9999241 0.0000983 0.0123238
v -0.0094867 0.0003968 0.0308762 0.972549 0.529412 0.003922
vn -0.9999247 0.0000809 0.0122708
v -0.0094874 -0.0005114 0.0308263 0.972549 0.529412 0.003922
vn -0.9999249 0.0000350 0.0122592
v -0.0094937 -0.0012639 0.0303152 0.972549 0.529412 0.003922
vn -0.9999249 0.0001339 0.0122568
v -0.0094920 -0.0011374 0.0304490 0.972549 0.529412 0.003922
vn -0.9999247 0.0001167 0.0122761
v -0.0095150 -0.0015462 0.0285854 0.972549 0.529412 0.003922
vn -0.9999275 0.0000134 0.0120458
v -0.0095129 -0.0016050 0.0287597 0.972549 0.529412 0.003922
vn -0.9999253 0.0002313 0.0122245
v -0.0095250 -0.0008427 0.0277586 0.972549 0.529412 0.003922
vn -0.9999220 0.0000107 0.0124924
v -0.0095125 0.0016711 0.0287623 0.972549 0.529412 0.003922
vn -0.9999240 0.0000416 0.0123301
v -0.0094903 0.0010604 0.0305699 0.972549 0.529412 0.003922
vn -0.9999239 -0.0000070 0.0123423
v -0.0094918 0.0012008 0.0304508 0.972549 0.529412 0.003922
vn -0.9999225 -0.0000090 0.0124586
v -0.0094863 0.0002151 0.0309058 0.972549 0.529412 0.003922
vn -0.9999205 0.0003343 0.0126079
v -0.0094864 -0.0001525 0.0309055 0.972549 0.529412 0.003922
vn -0.9999231 0.0001525 0.0124024
v -0.0094862 0.0000313 0.0309156 0.972549 0.529412 0.003922
vn -0.9999253 0.0000516 0.0122241
v -0.0094867 -0.0003341 0.0308756 0.972549 0.529412 0.003922
vn -0.9999257 -0.0001472 0.0121905
v -0.0094906 -0.0009972 0.0305682 0.972549 0.529412 0.003922
vn -0.9999250 0.0001298 0.0122494
v -0.0095061 -0.0016650 0.0293065 0.972549 0.529412 0.003922
vn -0.9999250 0.0002291 0.0122451
v -0.0095207 -0.0012622 0.0281143 0.972549 0.529412 0.003922
vn -0.9999242 0.0001606 0.0123140
v -0.0095236 0.0010625 0.0278633 0.972549 0.529412 0.003922
vn -0.9999241 0.0003657 0.0123168
v -0.0095205 0.0013292 0.0281163 0.972549 0.529412 0.003922
vn -0.9999250 -0.0001175 0.0122522
v -0.0095221 0.0012026 0.0279826 0.972549 0.529412 0.003922
vn -0.9999294 -0.0000992 0.0118858
v -0.0094991 0.0016114 0.0298462 0.972549 0.529412 0.003922
vn -0.9999237 -0.0000106 0.0123568
v -0.0094891 0.0009080 0.0306730 0.972549 0.529412 0.003922
vn -0.9999244 0.0004652 0.0122936
v -0.0094955 -0.0013752 0.0301687 0.972549 0.529412 0.003922
vn -0.9999227 0.0001009 0.0124401
v -0.0095084 -0.0016648 0.0291225 0.972549 0.529412 0.003922
vn -0.9999242 0.0000924 0.0123155
v -0.0095107 -0.0016448 0.0289395 0.972549 0.529412 0.003922
vn -0.9999245 -0.0001174 0.0122894
v -0.0095186 0.0014405 0.0282629 0.972549 0.529412 0.003922
vn -0.0062299 -0.8656379 -0.5006319
v -0.0095067 0.0032081 0.0292183 0.972549 0.529412 0.003922
vn -0.0062363 -0.8656354 -0.5006362
v -0.0120065 0.0032083 0.0292489 0.972549 0.529412 0.003922
vn -0.0062276 -0.8656388 -0.5006304
v -0.0119730 0.0016185 0.0319975 0.972549 0.529412 0.003922
vn -0.0062213 -0.8656413 -0.5006262
v -0.0094731 0.0016183 0.0319668 0.972549 0.529412 0.003922
vn 0.0060284 -0.8664153 0.4992879
v -0.0095407 0.0016225 0.0264672 0.972549 0.529412 0.003922
vn 0.0060371 -0.8664120 0.4992935
v -0.0120405 0.0016228 0.0264979 0.972549 0.529412 0.003922
vn 0.0060254 -0.8664165 0.4992858
v -0.0120065 0.0032083 0.0292489 0.972549 0.529412 0.003922
vn 0.0060167 -0.8664198 0.4992799
v -0.0095067 0.0032081 0.0292183 0.972549 0.529412 0.003922
vn 0.0122697 -0.0007705 0.9999244
v -0.0095410 -0.0015529 0.0264648 0.972549 0.529412 0.003922
vn 0.0122523 -0.0007842 0.9999247
v -0.0120409 -0.0015527 0.0264954 0.972549 0.529412 0.003922
vn 0.0122759 -0.0007656 0.9999244
v -0.0120405 0.0016228 0.0264979 0.972549 0.529412 0.003922
vn 0.0122933 -0.0007518 0.9999242
v -0.0095407 0.0016225 0.0264672 0.972549 0.529412 0.003922
vn 0.0062327 0.8656399 0.5006284
v -0.0095075 -0.0031428 0.0292133 0.972549 0.529412 0.003922
vn 0.0062560 0.8656492 0.5006121
v -0.0120072 -0.0031425 0.0292440 0.972549 0.529412 0.003922
vn 0.0062244 0.8656366 0.5006342
v -0.0120409 -0.0015527 0.0264954 0.972549 0.529412 0.003922
vn 0.0062011 0.8656273 0.5006505
v -0.0095410 -0.0015529 0.0264648 0.972549 0.529412 0.003922
vn -0.0060369 0.8664121 -0.4992932
v -0.0094735 -0.0015572 0.0319643 0.972549 0.529412 0.003922
vn -0.0060367 0.8664120 -0.4992933
v -0.0119733 -0.0015569 0.0319950 0.972549 0.529412 0.003922
vn -0.0060369 0.8664121 -0.4992931
v -0.0120072 -0.0031425 0.0292440 0.972549 0.529412 0.003922
vn -0.0060371 0.8664122 -0.4992930
v -0.0095075 -0.0031428 0.0292133 0.972549 0.529412 0.003922
vn -0.0122930 0.0007833 -0.9999241
v -0.0094731 0.0016183 0.0319668 0.972549 0.529412 0.003922
vn -0.0122932 0.0007835 -0.9999241
v -0.0119730 0.0016185 0.0319975 0.972549 0.529412 0.003922
vn -0.0122929 0.0007832 -0.9999241
v -0.0119733 -0.0015569 0.0319950 0.972549 0.529412 0.003922
vn -0.0122926 0.0007830 -0.9999242
v -0.0094735 -0.0015572 0.0319643 0.972549 0.529412 0.003922
# 1366 vertices, 0 vertices normals


usemtl material_0
vt 1.0000000 0.0000000
vt 0.9655172 0.0000000
vt 1.0000000 1.0000000
f 2/1/2 1/2/1 3/3/3
vt 0.9310345 0.0000000
vt 0.9655172 1.0000000
f 1/2/1 4/4/4 5/5/5
vt 0.8965517 0.0000000
vt 0.9310345 1.0000000
f 4/4/4 6/6/6 7/7/7
vt 0.8620690 0.0000000
vt 0.8965517 1.0000000
f 6/6/6 8/8/8 9/9/9
vt 0.8275862 0.0000000
vt 0.8620690 1.0000000
f 8/8/8 10/10/10 11/11/11
vt 0.7931035 0.0000000
vt 0.8275862 1.0000000
f 10/10/10 12/12/12 13/13/13
vt 0.7586207 0.0000000
vt 0.7931035 1.0000000
f 12/12/12 14/14/14 15/15/15
vt 0.7241379 0.0000000
vt 0.7586207 1.0000000
f 14/14/14 16/16/16 17/17/17
vt 0.6896552 0.0000000
vt 0.7241379 1.0000000
f 16/16/16 18/18/18 19/19/19
vt 0.6551724 0.0000000
vt 0.6896552 1.0000000
f 18/18/18 20/20/20 21/21/21
vt 0.6206896 0.0000000
vt 0.6551724 1.0000000
f 20/20/20 22/22/22 23/23/23
vt 0.5862069 0.0000000
vt 0.6206896 1.0000000
f 22/22/22 24/24/24 25/25/25
vt 0.5517241 0.0000000
vt 0.5862069 1.0000000
f 24/24/24 26/26/26 27/27/27
vt 0.5172414 0.0000000
vt 0.5517241 1.0000000
f 26/26/26 28/28/28 29/29/29
vt 0.4827586 0.0000000
vt 0.5172414 1.0000000
f 28/28/28 30/30/30 31/31/31
vt 0.4482759 0.0000000
vt 0.4827586 1.0000000
f 30/30/30 32/32/32 33/33/33
vt 0.4137931 0.0000000
vt 0.4482759 1.0000000
f 32/32/32 34/34/34 35/35/35
vt 0.3793103 0.0000000
vt 0.4137931 1.0000000
f 34/34/34 36/36/36 37/37/37
vt 0.3448276 0.0000000
vt 0.3793103 1.0000000
f 36/36/36 38/38/38 39/39/39
vt 0.3103448 0.0000000
vt 0.3448276 1.0000000
f 38/38/38 40/40/40 41/41/41
vt 0.2758621 0.0000000
vt 0.3103448 1.0000000
f 40/40/40 42/42/42 43/43/43
vt 0.2413793 0.0000000
vt 0.2758621 1.0000000
f 42/42/42 44/44/44 45/45/45
vt 0.2068966 0.0000000
vt 0.2413793 1.0000000
f 44/44/44 46/46/46 47/47/47
vt 0.1724138 0.0000000
vt 0.2068966 1.0000000
f 46/46/46 48/48/48 49/49/49
vt 0.1379310 0.0000000
vt 0.1724138 1.0000000
f 48/48/48 50/50/50 51/51/51
vt 0.1034483 0.0000000
vt 0.1379310 1.0000000
f 50/50/50 52/52/52 53/53/53
vt 0.0689655 0.0000000
vt 0.1034483 1.0000000
f 52/52/52 54/54/54 55/55/55
vt 0.0344828 0.0000000
vt 0.0689655 1.0000000
f 54/54/54 56/56/56 57/57/57
vt 0.0000000 0.0000000
vt 0.0344828 1.0000000
f 56/56/56 58/58/58 59/59/59
vt 0.0000000 1.0000000
f 60/60/60 59/59/59 58/58/58
f 59/59/59 57/57/57 56/56/56
f 57/57/57 55/55/55 54/54/54
f 55/55/55 53/53/53 52/52/52
f 53/53/53 51/51/51 50/50/50
f 51/51/51 49/49/49 48/48/48
f 49/49/49 47/47/47 46/46/46
f 47/47/47 45/45/45 44/44/44
f 45/45/45 43/43/43 42/42/42
f 43/43/43 41/41/41 40/40/40
f 41/41/41 39/39/39 38/38/38
f 39/39/39 37/37/37 36/36/36
f 37/37/37 35/35/35 34/34/34
f 35/35/35 33/33/33 32/32/32
f 33/33/33 31/31/31 30/30/30
f 31/31/31 29/29/29 28/28/28
f 29/29/29 27/27/27 26/26/26
f 27/27/27 25/25/25 24/24/24
f 25/25/25 23/23/23 22/22/22
f 23/23/23 21/21/21 20/20/20
f 21/21/21 19/19/19 18/18/18
f 19/19/19 17/17/17 16/16/16
f 17/17/17 15/15/15 14/14/14
f 15/15/15 13/13/13 12/12/12
f 13/13/13 11/11/11 10/10/10
f 11/11/11 9/9/9 8/8/8
f 9/9/9 7/7/7 6/6/6
f 7/7/7 5/5/5 4/4/4
f 5/5/5 3/3/3 1/2/1
f 62/1/62 61/2/61 63/3/63
f 61/2/61 64/4/64 65/5/65
f 64/4/64 66/6/66 67/7/67
f 66/6/66 68/8/68 69/9/69
f 68/8/68 70/10/70 71/11/71
f 70/10/70 72/12/72 73/13/73
f 72/12/72 74/14/74 75/15/75
f 74/14/74 76/16/76 77/17/77
f 76/16/76 78/18/78 79/19/79
f 78/18/78 80/20/80 81/21/81
f 80/20/80 82/22/82 83/23/83
f 82/22/82 84/24/84 85/25/85
f 84/24/84 86/26/86 87/27/87
f 86/26/86 88/28/88 89/29/89
f 88/28/88 90/30/90 91/31/91
f 90/30/90 92/32/92 93/33/93
f 92/32/92 94/34/94 95/35/95
f 94/34/94 96/36/96 97/37/97
f 96/36/96 98/38/98 99/39/99
f 98/38/98 100/40/100 101/41/101
f 100/40/100 102/42/102 103/43/103
f 102/42/102 104/44/104 105/45/105
f 104/44/104 106/46/106 107/47/107
f 106/46/106 108/48/108 109/49/109
f 108/48/108 110/50/110 111/51/111
f 110/50/110 112/52/112 113/53/113
f 112/52/112 114/54/114 115/55/115
f 114/54/114 116/56/116 117/57/117
f 116/56/116 118/58/118 119/59/119
f 120/60/120 119/59/119 118/58/118
f 119/59/119 117/57/117 116/56/116
f 117/57/117 115/55/115 114/54/114
f 115/55/115 113/53/113 112/52/112
f 113/53/113 111/51/111 110/50/110
f 111/51/111 109/49/109 108/48/108
f 109/49/109 107/47/107 106/46/106
f 107/47/107 105/45/105 104/44/104
f 105/45/105 103/43/103 102/42/102
f 103/43/103 101/41/101 100/40/100
f 101/41/101 99/39/99 98/38/98
f 99/39/99 97/37/97 96/36/96
f 97/37/97 95/35/95 94/34/94
f 95/35/95 93/33/93 92/32/92
f 93/33/93 91/31/91 90/30/90
f 91/31/91 89/29/89 88/28/88
f 89/29/89 87/27/87 86/26/86
f 87/27/87 85/25/85 84/24/84
f 85/25/85 83/23/83 82/22/82
f 83/23/83 81/21/81 80/20/80
f 81/21/81 79/19/79 78/18/78
f 79/19/79 77/17/77 76/16/76
f 77/17/77 75/15/75 74/14/74
f 75/15/75 73/13/73 72/12/72
f 73/13/73 71/11/71 70/10/70
f 71/11/71 69/9/69 68/8/68
f 69/9/69 67/7/67 66/6/66
f 67/7/67 65/5/65 64/4/64
f 65/5/65 63/3/63 61/2/61
vt 0.4395558 0.3319574
vt 0.4873240 0.7399989
vt 0.4507716 0.3346946
f 122/61/122 121/62/121 123/63/123
vt 0.4625646 0.3368575
f 124/64/124 123/63/123 121/62/121
vt 0.4873240 0.3393662
vt 0.5000000 0.3396825
f 125/65/125 121/62/121 126/66/126
vt 0.4747966 0.3384208
f 127/67/127 124/64/124 121/62/121
vt 0.5709515 0.7506871
vt 0.5604442 0.7474077
f 128/68/128 126/66/126 129/69/129
vt 0.4395558 0.7474077
vt 0.4290485 0.7506871
f 130/70/130 122/61/122 131/71/131
vt 0.4747966 0.7409443
f 121/62/121 122/61/122 132/72/132
f 125/65/125 127/67/127 121/62/121
vt 0.5374354 0.7425076
vt 0.5252034 0.7409443
f 133/73/133 126/66/126 134/74/134
vt 0.5806268 0.7544701
f 135/75/135 126/66/126 128/68/128
vt 0.6129679 0.7792128
vt 0.6089145 0.7736751
f 136/76/136 126/66/126 137/77/137
vt 0.4625646 0.2345711
vt 0.4507716 0.2367340
f 139/78/139 138/58/138 140/79/140
vt 0.5604442 0.2394712
vt 0.5492284 0.2367340
f 142/80/142 141/1/141 143/81/143
vt 0.4507716 0.7446705
f 144/82/144 122/61/122 130/70/130
vt 0.5000000 0.7396826
f 145/83/145 126/66/126 121/62/121
vt 0.5126760 0.7399989
f 146/84/146 134/74/134 126/66/126
vt 0.5492284 0.7446705
f 147/85/147 129/69/129 126/66/126
vt 0.5970394 0.7633645
vt 0.5893570 0.7587125
f 148/86/148 126/66/126 149/87/149
vt 0.6156969 0.7849197
f 150/88/150 126/66/126 136/76/136
vt 0.4747966 0.2330078
f 151/89/151 138/58/138 139/78/139
vt 0.5374354 0.2345711
f 152/90/152 143/81/143 141/1/141
vt 0.5252034 0.3384208
f 154/3/154 153/91/153 150/88/150
vt 0.4625646 0.7425076
f 155/92/155 122/61/122 144/82/144
f 145/83/145 146/84/146 126/66/126
f 135/75/135 149/87/149 126/66/126
vt 0.6035842 0.7683716
f 156/93/156 137/77/137 126/66/126
vt 0.4106431 0.3206526
vt 0.4193732 0.7544701
vt 0.4193732 0.3248950
f 158/94/158 157/95/157 159/96/159
vt 0.3843031 0.2944454
vt 0.3870321 0.3001523
f 160/97/160 138/58/138 161/98/161
vt 0.4873240 0.2320624
f 162/99/162 138/58/138 151/89/151
vt 0.5126760 0.2320624
vt 0.5000000 0.2317460
f 163/100/163 141/1/141 164/101/164
vt 0.5252034 0.2330078
f 165/102/165 152/90/152 141/1/141
vt 0.6035842 0.2604351
vt 0.5970394 0.2554280
f 166/103/166 141/1/141 167/104/167
vt 0.6170694 0.2827925
vt 0.6156969 0.2769832
f 168/105/168 141/1/141 169/106/169
vt 0.6129679 0.3001523
vt 0.6156969 0.2944454
f 170/107/170 154/3/154 171/108/171
vt 0.5374354 0.3368575
vt 0.5492284 0.3346946
f 172/109/172 154/3/154 173/110/173
vt 0.6170694 0.7907290
f 174/111/174 154/3/154 150/88/150
f 155/92/155 132/72/132 122/61/122
f 148/86/148 156/93/156 126/66/126
vt 0.4290485 0.3286780
f 175/112/175 159/96/159 157/95/157
vt 0.3910855 0.3056900
vt 0.3910855 0.7736751
vt 0.3964158 0.3109935
f 177/113/177 176/114/176 178/115/178
f 176/114/176 161/98/161 138/58/138
f 164/101/164 138/58/138 162/99/162
f 163/100/163 165/102/165 141/1/141
vt 0.6089145 0.2657385
f 179/116/179 141/1/141 166/103/166
vt 0.6170694 0.2886361
f 180/117/180 141/1/141 168/105/168
f 141/1/141 171/108/171 154/3/154
f 153/91/153 154/3/154 172/109/172
vt 0.6170694 0.7965726
f 181/118/181 154/3/154 174/111/174
vt 0.5492284 0.8426310
vt 0.5604442 0.8398939
f 182/119/182 154/3/154 183/120/183
vt 0.4193732 0.8328315
vt 0.4290485 0.8366145
f 185/121/185 184/60/184 186/122/186
f 133/73/133 147/85/147 126/66/126
vt 0.4029606 0.3160006
f 187/123/187 157/95/157 158/94/158
f 177/113/177 161/98/161 176/114/176
vt 0.3910855 0.2657385
vt 0.3870321 0.2712762
f 188/124/188 138/58/138 189/125/189
vt 0.4029606 0.2554280
vt 0.3964158 0.2604351
f 190/126/190 138/58/138 191/127/191
f 138/58/138 164/101/164 141/1/141
vt 0.6129679 0.2712762
f 192/128/192 141/1/141 179/116/179
f 180/117/180 171/108/171 141/1/141
vt 0.5970394 0.3160006
vt 0.6035842 0.3109935
f 193/129/193 154/3/154 194/130/194
vt 0.5126760 0.3393662
f 195/131/195 150/88/150 153/91/153
vt 0.5709515 0.8366145
f 196/132/196 183/120/183 154/3/154
vt 0.4625646 0.8447940
vt 0.4747966 0.8463573
f 197/133/197 184/60/184 198/134/198
vt 0.4395558 0.8398939
f 199/135/199 186/122/186 184/60/184
vt 0.4106431 0.7587125
f 157/95/157 187/123/187 200/136/200
f 122/61/122 175/112/175 157/95/157
vt 0.3829306 0.2886361
f 201/137/201 138/58/138 160/97/160
f 188/124/188 191/127/191 138/58/138
vt 0.4290485 0.2427505
vt 0.4193732 0.2465336
f 202/138/202 138/58/138 203/139/203
vt 0.5709515 0.2427505
f 204/140/204 141/1/141 142/80/142
vt 0.5893570 0.2507760
vt 0.5806268 0.2465336
f 205/141/205 141/1/141 206/142/206
f 192/128/192 169/106/169 141/1/141
vt 0.6089145 0.3056900
f 207/143/207 194/130/194 154/3/154
f 126/66/126 150/88/150 195/131/195
vt 0.5806268 0.8328315
vt 0.5893570 0.8285891
f 208/144/208 154/3/154 209/145/209
vt 0.5374354 0.8447940
f 210/146/210 154/3/154 182/119/182
vt 0.5126760 0.8473027
vt 0.5252034 0.8463573
f 211/147/211 154/3/154 212/148/212
vt 0.5000000 0.8476191
f 184/60/184 154/3/154 213/149/213
vt 0.4873240 0.8473027
f 214/150/214 198/134/198 184/60/184
vt 0.4507716 0.8426310
f 215/151/215 199/135/199 184/60/184
vt 0.3843031 0.8023819
vt 0.3870321 0.8080888
f 216/152/216 184/60/184 217/153/217
vt 0.3870321 0.7792128
f 176/114/176 138/58/138 218/154/218
vt 0.4029606 0.7633645
vt 0.3964158 0.7683716
f 219/155/219 187/123/187 220/156/220
f 157/95/157 131/71/131 122/61/122
vt 0.3829306 0.2827925
f 221/157/221 138/58/138 201/137/201
vt 0.3843031 0.2769832
f 222/158/222 189/125/189 138/58/138
vt 0.4395558 0.2394712
f 223/159/223 138/58/138 202/138/202
f 204/140/204 206/142/206 141/1/141
f 170/107/170 207/143/207 154/3/154
vt 0.5709515 0.3286780
vt 0.5806268 0.3248950
f 224/160/224 154/3/154 225/161/225
vt 0.5604442 0.3319574
f 226/162/226 173/110/173 154/3/154
vt 0.6129679 0.8080888
vt 0.6156969 0.8023819
f 227/163/227 154/3/154 228/164/228
vt 0.5970394 0.8239371
vt 0.6035842 0.8189300
f 229/165/229 154/3/154 230/166/230
f 208/144/208 196/132/196 154/3/154
f 211/147/211 213/149/213 154/3/154
f 197/133/197 215/151/215 184/60/184
vt 0.4029606 0.8239371
vt 0.4106431 0.8285891
f 231/167/231 184/60/184 232/168/232
vt 0.3829306 0.7965726
f 233/169/233 184/60/184 216/152/216
f 184/60/184 218/154/218 138/58/138
f 219/155/219 200/136/200 187/123/187
f 221/157/221 222/158/222 138/58/138
vt 0.4106431 0.2507760
f 234/170/234 203/139/203 138/58/138
f 205/141/205 167/104/167 141/1/141
vt 0.5893570 0.3206526
f 235/171/235 225/161/225 154/3/154
f 181/118/181 228/164/228 154/3/154
vt 0.6089145 0.8136265
f 236/172/236 230/166/230 154/3/154
f 210/146/210 212/148/212 154/3/154
f 185/121/185 232/168/232 184/60/184
vt 0.3910855 0.8136265
vt 0.3964158 0.8189300
f 237/173/237 184/60/184 238/174/238
vt 0.3829306 0.7907290
f 239/175/239 184/60/184 233/169/233
vt 0.3843031 0.7849197
f 240/176/240 218/154/218 184/60/184
f 187/123/187 178/115/178 176/114/176
f 223/159/223 140/79/140 138/58/138
f 224/160/224 226/162/226 154/3/154
f 229/165/229 209/145/209 154/3/154
f 231/167/231 238/174/238 184/60/184
f 239/175/239 240/176/240 184/60/184
f 190/126/190 234/170/234 138/58/138
f 227/163/227 236/172/236 154/3/154
f 237/173/237 217/153/217 184/60/184
f 193/129/193 235/171/235 154/3/154
f 176/114/176 220/156/220 187/123/187
f 213/149/213 214/150/214 184/60/184
f 242/58/242 241/1/241 243/60/243
f 244/3/244 243/60/243 241/1/241
f 246/1/246 245/2/245 247/3/247
f 245/2/245 248/4/248 249/5/249
f 248/4/248 250/6/250 251/7/251
f 250/6/250 252/8/252 253/9/253
f 252/8/252 254/10/254 255/11/255
f 254/10/254 256/12/256 257/13/257
f 256/12/256 258/14/258 259/15/259
f 258/14/258 260/16/260 261/17/261
f 260/16/260 262/18/262 263/19/263
f 262/18/262 264/20/264 265/21/265
f 264/20/264 266/22/266 267/23/267
f 266/22/266 268/24/268 269/25/269
f 268/24/268 270/26/270 271/27/271
f 270/26/270 272/28/272 273/29/273
f 272/28/272 274/30/274 275/31/275
f 274/30/274 276/32/276 277/33/277
f 276/32/276 278/34/278 279/35/279
f 278/34/278 280/36/280 281/37/281
f 280/36/280 282/38/282 283/39/283
f 282/38/282 284/40/284 285/41/285
f 284/40/284 286/42/286 287/43/287
f 286/42/286 288/44/288 289/45/289
f 288/44/288 290/46/290 291/47/291
f 290/46/290 292/48/292 293/49/293
f 292/48/292 294/50/294 295/51/295
f 294/50/294 296/52/296 297/53/297
f 296/52/296 298/54/298 299/55/299
f 298/54/298 300/56/300 301/57/301
f 300/56/300 302/58/302 303/59/303
f 304/60/304 303/59/303 302/58/302
f 303/59/303 301/57/301 300/56/300
f 301/57/301 299/55/299 298/54/298
f 299/55/299 297/53/297 296/52/296
f 297/53/297 295/51/295 294/50/294
f 295/51/295 293/49/293 292/48/292
f 293/49/293 291/47/291 290/46/290
f 291/47/291 289/45/289 288/44/288
f 289/45/289 287/43/287 286/42/286
f 287/43/287 285/41/285 284/40/284
f 285/41/285 283/39/283 282/38/282
f 283/39/283 281/37/281 280/36/280
f 281/37/281 279/35/279 278/34/278
f 279/35/279 277/33/277 276/32/276
f 277/33/277 275/31/275 274/30/274
f 275/31/275 273/29/273 272/28/272
f 273/29/273 271/27/271 270/26/270
f 271/27/271 269/25/269 268/24/268
f 269/25/269 267/23/267 266/22/266
f 267/23/267 265/21/265 264/20/264
f 265/21/265 263/19/263 262/18/262
f 263/19/263 261/17/261 260/16/260
f 261/17/261 259/15/259 258/14/258
f 259/15/259 257/13/257 256/12/256
f 257/13/257 255/11/255 254/10/254
f 255/11/255 253/9/253 252/8/252
f 253/9/253 251/7/251 250/6/250
f 251/7/251 249/5/249 248/4/248
f 249/5/249 247/3/247 245/2/245
f 306/1/306 305/2/305 307/3/307
f 305/2/305 308/4/308 309/5/309
f 308/4/308 310/6/310 311/7/311
f 310/6/310 312/8/312 313/9/313
f 312/8/312 314/10/314 315/11/315
f 314/10/314 316/12/316 317/13/317
f 316/12/316 318/14/318 319/15/319
f 318/14/318 320/16/320 321/17/321
f 320/16/320 322/18/322 323/19/323
f 322/18/322 324/20/324 325/21/325
f 324/20/324 326/22/326 327/23/327
f 326/22/326 328/24/328 329/25/329
f 328/24/328 330/26/330 331/27/331
f 330/26/330 332/28/332 333/29/333
f 332/28/332 334/30/334 335/31/335
f 334/30/334 336/32/336 337/33/337
f 336/32/336 338/34/338 339/35/339
f 338/34/338 340/36/340 341/37/341
f 340/36/340 342/38/342 343/39/343
f 342/38/342 344/40/344 345/41/345
f 344/40/344 346/42/346 347/43/347
f 346/42/346 348/44/348 349/45/349
f 348/44/348 350/46/350 351/47/351
f 350/46/350 352/48/352 353/49/353
f 352/48/352 354/50/354 355/51/355
f 354/50/354 356/52/356 357/53/357
f 356/52/356 358/54/358 359/55/359
f 358/54/358 360/56/360 361/57/361
f 360/56/360 362/58/362 363/59/363
f 364/60/364 363/59/363 362/58/362
f 363/59/363 361/57/361 360/56/360
f 361/57/361 359/55/359 358/54/358
f 359/55/359 357/53/357 356/52/356
f 357/53/357 355/51/355 354/50/354
f 355/51/355 353/49/353 352/48/352
f 353/49/353 351/47/351 350/46/350
f 351/47/351 349/45/349 348/44/348
f 349/45/349 347/43/347 346/42/346
f 347/43/347 345/41/345 344/40/344
f 345/41/345 343/39/343 342/38/342
f 343/39/343 341/37/341 340/36/340
f 341/37/341 339/35/339 338/34/338
f 339/35/339 337/33/337 336/32/336
f 337/33/337 335/31/335 334/30/334
f 335/31/335 333/29/333 332/28/332
f 333/29/333 331/27/331 330/26/330
f 331/27/331 329/25/329 328/24/328
f 329/25/329 327/23/327 326/22/326
f 327/23/327 325/21/325 324/20/324
f 325/21/325 323/19/323 322/18/322
f 323/19/323 321/17/321 320/16/320
f 321/17/321 319/15/319 318/14/318
f 319/15/319 317/13/317 316/12/316
f 317/13/317 315/11/315 314/10/314
f 315/11/315 313/9/313 312/8/312
f 313/9/313 311/7/311 310/6/310
f 311/7/311 309/5/309 308/4/308
f 309/5/309 307/3/307 305/2/305
vt 0.0000082 0.5552436
vt 0.0004388 0.5482639
vt 0.2509489 0.8801395
f 366/177/366 365/178/365 367/179/367
vt 0.0000000 0.5553533
vt 0.1227387 0.7299488
f 368/180/368 366/177/366 369/181/369
vt 0.3820944 0.9704916
f 370/182/370 367/179/367 365/178/365
vt 0.5123253 1.0000000
f 371/183/371 370/182/370 365/178/365
vt 0.0006991 0.5411266
f 365/178/365 372/184/372 371/183/371
vt 0.0007861 0.0000000
vt 0.0007861 0.5339100
f 374/185/374 373/1/373 375/186/375
f 376/3/376 371/183/371 372/184/372
f 376/3/376 375/186/375 373/1/373
f 372/184/372 375/186/375 376/3/376
f 367/179/367 369/181/369 366/177/366
vt 0.0666667 1.0000000
f 378/60/378 377/58/377 379/187/379
vt 0.0666667 0.0000000
vt 0.1333333 1.0000000
f 379/187/379 380/188/380 381/189/381
vt 0.1333333 0.0000000
vt 0.2000000 1.0000000
f 381/189/381 382/190/382 383/191/383
vt 0.2000000 0.0000000
vt 0.2666667 1.0000000
f 383/191/383 384/192/384 385/193/385
vt 0.2666667 0.0000000
vt 0.3333333 1.0000000
f 385/193/385 386/194/386 387/195/387
vt 0.3333333 0.0000000
vt 0.4000000 1.0000000
f 387/195/387 388/196/388 389/197/389
vt 0.4000000 0.0000000
vt 0.4666667 1.0000000
f 389/197/389 390/198/390 391/199/391
vt 0.4666667 0.0000000
vt 0.5333334 1.0000000
f 391/199/391 392/200/392 393/201/393
vt 0.5333334 0.0000000
vt 0.6000000 1.0000000
f 393/201/393 394/202/394 395/203/395
vt 0.6000000 0.0000000
vt 0.6666667 1.0000000
f 395/203/395 396/204/396 397/205/397
vt 0.6666667 0.0000000
vt 0.7333333 1.0000000
f 397/205/397 398/206/398 399/207/399
vt 0.7333333 0.0000000
vt 0.8000000 1.0000000
f 399/207/399 400/208/400 401/209/401
vt 0.8000000 0.0000000
vt 0.8666667 1.0000000
f 401/209/401 402/210/402 403/211/403
vt 0.8666667 0.0000000
vt 0.9333333 1.0000000
f 403/211/403 404/212/404 405/213/405
vt 0.9333333 0.0000000
f 405/213/405 406/214/406 407/3/407
f 408/1/408 407/3/407 406/214/406
f 406/214/406 405/213/405 404/212/404
f 404/212/404 403/211/403 402/210/402
f 402/210/402 401/209/401 400/208/400
f 400/208/400 399/207/399 398/206/398
f 398/206/398 397/205/397 396/204/396
f 396/204/396 395/203/395 394/202/394
f 394/202/394 393/201/393 392/200/392
f 392/200/392 391/199/391 390/198/390
f 390/198/390 389/197/389 388/196/388
f 388/196/388 387/195/387 386/194/386
f 386/194/386 385/193/385 384/192/384
f 384/192/384 383/191/383 382/190/382
f 382/190/382 381/189/381 380/188/380
f 380/188/380 379/187/379 377/58/377
vt 0.0000000 0.9333333
vt 0.3333389 1.0000000
f 410/60/410 409/215/409 411/216/411
vt 0.3353334 0.9333333
f 412/217/412 411/216/411 409/215/409
vt 0.3353334 1.0000000
vt 0.6666775 1.0000000
f 413/218/413 412/217/412 414/219/414
vt 0.6706669 0.9333333
f 415/220/415 414/219/414 412/217/412
vt 0.0000000 0.8666667
f 409/215/409 416/221/416 412/217/412
vt 0.3353334 0.8666667
f 412/217/412 417/222/417 415/220/415
vt 0.0000000 0.8000000
f 416/221/416 418/223/418 417/222/417
vt 0.3353334 0.8000000
vt 0.6706669 0.8666667
f 417/222/417 419/224/419 420/225/420
vt 0.0000000 0.7333333
f 418/223/418 421/226/421 419/224/419
vt 0.3353334 0.7333333
vt 0.6706669 0.8000000
f 419/224/419 422/227/422 423/228/423
vt 0.0000000 0.6666666
f 421/226/421 424/229/424 422/227/422
vt 0.3353334 0.6666666
vt 0.6706669 0.7333333
f 422/227/422 425/230/425 426/231/426
vt 0.0000000 0.6000000
f 424/229/424 427/232/427 425/230/425
vt 0.3353334 0.6000000
vt 0.6706669 0.6666666
f 425/230/425 428/233/428 429/234/429
vt 0.0000000 0.5333333
f 427/232/427 430/235/430 428/233/428
vt 0.3353334 0.5333333
vt 0.6706669 0.6000000
f 428/233/428 431/236/431 432/237/432
vt 0.0000000 0.4666666
f 430/235/430 433/238/433 431/236/431
vt 0.3353334 0.4666666
vt 0.6706669 0.5333333
f 431/236/431 434/239/434 435/240/435
vt 0.0000000 0.4000000
f 433/238/433 436/241/436 434/239/434
vt 0.3353334 0.4000000
vt 0.6706669 0.4666666
f 434/239/434 437/242/437 438/243/438
vt 0.0000000 0.3333333
f 436/241/436 439/244/439 437/242/437
vt 0.3353334 0.3333333
vt 0.6706669 0.4000000
f 437/242/437 440/245/440 441/246/441
vt 0.0000000 0.2666667
f 439/244/439 442/247/442 440/245/440
vt 0.3353334 0.2666667
vt 0.6706669 0.3333333
f 440/245/440 443/248/443 444/249/444
vt 0.0000000 0.2000000
f 442/247/442 445/250/445 443/248/443
vt 0.3353334 0.2000000
vt 0.6706669 0.2666667
f 443/248/443 446/251/446 447/252/447
vt 0.0000000 0.1333333
f 445/250/445 448/253/448 446/251/446
vt 0.3353334 0.1333333
vt 0.6706669 0.2000000
f 446/251/446 449/254/449 450/255/450
vt 0.0000000 0.0666667
f 448/253/448 451/256/451 449/254/449
vt 0.3353334 0.0666667
vt 0.6706669 0.1333333
f 449/254/449 452/257/452 453/258/453
f 451/256/451 454/58/454 452/257/452
vt 0.3353334 0.0000000
vt 0.6706669 0.0666667
f 452/257/452 455/259/455 456/260/456
vt 1.0000000 0.9333333
f 458/261/458 457/3/457 415/220/415
vt 1.0000000 0.8666667
f 459/262/459 458/261/458 420/225/420
vt 1.0000000 0.8000000
f 460/263/460 459/262/459 423/228/423
vt 1.0000000 0.7333333
f 461/264/461 460/263/460 426/231/426
vt 1.0000000 0.6666666
f 462/265/462 461/264/461 429/234/429
vt 1.0000000 0.6000000
f 463/266/463 462/265/462 432/237/432
vt 1.0000000 0.5333333
f 464/267/464 463/266/463 435/240/435
f 435/240/435 438/243/438 464/267/464
vt 1.0000000 0.4666666
vt 1.0000000 0.4000000
f 465/268/465 438/243/438 466/269/466
vt 1.0000000 0.3333333
f 466/269/466 441/246/441 467/270/467
vt 1.0000000 0.2666667
f 467/270/467 444/249/444 468/271/468
vt 1.0000000 0.2000000
f 468/271/468 447/252/447 469/272/469
vt 1.0000000 0.1333333
f 469/272/469 450/255/450 470/273/470
vt 1.0000000 0.0666667
f 470/273/470 453/258/453 471/274/471
f 471/274/471 456/260/456 472/1/472
vt 0.6706669 0.0000000
f 473/275/473 472/1/472 456/260/456
f 456/260/456 471/274/471 453/258/453
f 453/258/453 470/273/470 450/255/450
f 450/255/450 469/272/469 447/252/447
f 447/252/447 468/271/468 444/249/444
f 444/249/444 467/270/467 441/246/441
f 441/246/441 466/269/466 438/243/438
f 465/268/465 464/267/464 438/243/438
f 432/237/432 435/240/435 463/266/463
f 429/234/429 432/237/432 462/265/462
f 426/231/426 429/234/429 461/264/461
f 423/228/423 426/231/426 460/263/460
f 420/225/420 423/228/423 459/262/459
f 415/220/415 420/225/420 458/261/458
vt 0.6706669 1.0000000
f 474/276/474 415/220/415 457/3/457
f 473/275/473 456/260/456 455/259/455
f 455/259/455 452/257/452 454/58/454
f 456/260/456 453/258/453 452/257/452
f 452/257/452 449/254/449 451/256/451
f 453/258/453 450/255/450 449/254/449
f 449/254/449 446/251/446 448/253/448
f 450/255/450 447/252/447 446/251/446
f 446/251/446 443/248/443 445/250/445
f 447/252/447 444/249/444 443/248/443
f 443/248/443 440/245/440 442/247/442
f 444/249/444 441/246/441 440/245/440
f 440/245/440 437/242/437 439/244/439
f 441/246/441 438/243/438 437/242/437
f 437/242/437 434/239/434 436/241/436
f 438/243/438 435/240/435 434/239/434
f 434/239/434 431/236/431 433/238/433
f 435/240/435 432/237/432 431/236/431
f 431/236/431 428/233/428 430/235/430
f 432/237/432 429/234/429 428/233/428
f 428/233/428 425/230/425 427/232/427
f 429/234/429 426/231/426 425/230/425
f 425/230/425 422/227/422 424/229/424
f 426/231/426 423/228/423 422/227/422
f 422/227/422 419/224/419 421/226/421
f 423/228/423 420/225/420 419/224/419
f 419/224/419 417/222/417 418/223/418
f 420/225/420 415/220/415 417/222/417
f 417/222/417 412/217/412 416/221/416
f 474/276/474 414/219/414 415/220/415
f 413/218/413 411/216/411 412/217/412
vt 1.0000000 0.1093829
f 476/3/476 475/213/475 477/277/477
vt 0.9671642 0.1092374
f 478/278/478 477/277/477 475/213/475
vt 0.9343283 0.1088014
f 479/279/479 478/278/478 475/213/475
vt 0.9004620 0.1080486
vt 0.8675906 0.1070255
f 481/280/481 480/211/480 482/281/482
vt 0.9333340 0.1087793
f 475/213/475 480/211/480 483/282/483
f 481/280/481 483/282/483 480/211/480
vt 0.8337598 0.1056747
vt 0.8008528 0.1040745
f 485/283/485 484/209/484 486/284/486
vt 0.8666673 0.1069886
f 480/211/480 484/209/484 487/285/487
f 485/283/485 487/285/487 484/209/484
vt 0.7670575 0.1021417
vt 0.7341151 0.0999808
f 489/286/489 488/207/488 490/287/490
vt 0.8000005 0.1040257
f 484/209/484 488/207/488 491/288/491
f 489/286/489 491/288/491 488/207/488
vt 0.7003554 0.0974885
vt 0.6673774 0.0947893
f 493/289/493 492/205/492 494/290/494
vt 0.7333338 0.0999231
f 488/207/488 492/205/492 495/291/495
f 493/289/493 495/291/495 492/205/492
vt 0.6666671 0.0947256
f 492/205/492 496/203/496 497/292/497
vt 0.6336532 0.0917661
f 498/293/498 497/292/497 496/203/496
vt 0.6006396 0.0885571
f 499/294/499 498/293/498 496/203/496
vt 0.6000016 0.0884882
f 496/203/496 500/201/500 501/295/501
vt 0.5339019 0.0813527
f 502/296/502 501/295/501 500/201/500
vt 0.5333347 0.0812837
f 500/201/500 503/199/503 504/297/504
vt 0.4671642 0.0732549
f 505/298/505 504/297/504 503/199/503
vt 0.4666678 0.0731886
f 503/199/503 506/197/506 507/299/507
vt 0.4004264 0.0643529
f 508/300/508 507/299/507 506/197/506
vt 0.4000010 0.0642915
f 506/197/506 509/195/509 510/301/510
vt 0.3336887 0.0547443
f 511/302/511 510/301/510 509/195/509
vt 0.3333341 0.0546899
f 509/195/509 512/193/512 513/303/513
vt 0.2669510 0.0445346
f 514/304/514 513/303/513 512/193/512
vt 0.2666673 0.0444891
f 512/193/512 515/191/515 516/305/516
vt 0.2002132 0.0338360
f 517/306/517 516/305/516 515/191/515
vt 0.2000005 0.0338007
f 515/191/515 518/189/518 519/307/519
vt 0.1334755 0.0227659
f 520/308/520 519/307/519 518/189/518
vt 0.1333337 0.0227418
f 518/189/518 521/187/521 522/309/522
vt 0.0667377 0.0114458
f 523/310/523 522/309/522 521/187/521
vt 0.0666668 0.0114336
f 521/187/521 524/60/524 525/311/525
f 526/58/526 525/311/525 524/60/524
f 525/311/525 523/310/523 521/187/521
f 522/309/522 520/308/520 518/189/518
f 519/307/519 517/306/517 515/191/515
f 516/305/516 514/304/514 512/193/512
f 513/303/513 511/302/511 509/195/509
f 510/301/510 508/300/508 506/197/506
f 507/299/507 505/298/505 503/199/503
f 504/297/504 502/296/502 500/201/500
f 501/295/501 499/294/499 496/203/496
f 497/292/497 494/290/494 492/205/492
f 495/291/495 490/287/490 488/207/488
f 491/288/491 486/284/486 484/209/484
f 487/285/487 482/281/482 480/211/480
f 483/282/483 479/279/479 475/213/475
vt 0.0554965 0.0033719
vt 0.0554965 0.9966281
f 528/60/528 527/312/527 529/313/529
vt 0.0555556 0.0033755
f 530/314/530 529/313/529 527/312/527
f 531/58/531 527/312/527 528/60/528
vt 0.1109931 0.9932932
vt 0.1109931 0.0067068
vt 0.1111111 0.9932861
f 533/315/533 532/316/532 534/317/534
vt 0.0555556 0.9966245
f 535/318/535 532/316/532 533/315/533
vt 0.1111111 0.0067139
f 536/319/536 534/317/534 532/316/532
vt 0.1664896 0.9900318
vt 0.1664896 0.0099682
vt 0.1666667 0.9900214
f 538/320/538 537/321/537 539/322/539
f 534/317/534 537/321/537 538/320/538
vt 0.1666667 0.0099786
f 540/323/540 539/322/539 537/321/537
vt 0.2219861 0.9868798
vt 0.2219861 0.0131202
vt 0.2222222 0.9868663
f 542/324/542 541/325/541 543/326/543
f 539/322/539 541/325/541 542/324/542
vt 0.2222222 0.0131337
f 544/327/544 543/326/543 541/325/541
vt 0.2774826 0.0161286
vt 0.2774826 0.9838714
f 543/326/543 545/328/545 546/329/546
vt 0.2777778 0.0161446
f 547/330/547 546/329/546 545/328/545
vt 0.2777778 0.9838554
f 548/331/548 546/329/546 547/330/547
vt 0.3333333 0.9810217
vt 0.3329792 0.9810398
vt 0.3333333 0.0189783
f 550/332/550 549/333/549 551/334/551
vt 0.3329792 0.0189602
f 552/335/552 551/334/551 549/333/549
f 548/331/548 547/330/547 549/333/549
vt 0.3884757 0.9784160
vt 0.3884757 0.0215840
vt 0.3888889 0.9783964
f 554/336/554 553/337/553 555/338/555
f 550/332/550 553/337/553 554/336/554
vt 0.3888889 0.0216036
f 556/339/556 555/338/555 553/337/553
vt 0.4439723 0.9760287
vt 0.4439723 0.0239713
vt 0.4444444 0.9760083
f 558/340/558 557/341/557 559/342/559
f 555/338/555 557/341/557 558/340/558
vt 0.4444444 0.0239917
f 560/343/560 559/342/559 557/341/557
vt 0.4994688 0.0260960
vt 0.4994688 0.9739040
f 559/342/559 561/344/561 562/345/562
vt 0.5000000 0.0261164
f 563/346/563 562/345/562 561/344/561
f 560/343/560 561/344/561 559/342/559
vt 0.5274820 0.9729373
vt 0.5555556 0.0279543
vt 0.5549643 0.9720645
f 565/347/565 564/348/564 566/349/566
vt 0.5000000 0.9738836
vt 0.5549643 0.0279355
f 568/350/568 567/351/567 565/347/565
f 564/348/564 565/347/565 567/351/567
vt 0.5274820 0.0270627
f 569/352/569 567/351/567 568/350/568
f 563/346/563 569/352/569 568/350/568
vt 0.5830079 0.9712497
vt 0.6111111 0.0294853
vt 0.6104607 0.9705317
f 571/353/571 570/354/570 572/355/572
vt 0.5555556 0.9720457
vt 0.6104607 0.0294683
f 574/356/574 573/357/573 571/353/571
f 570/354/570 571/353/571 573/357/573
vt 0.5830079 0.0287503
f 575/358/575 573/357/573 574/356/574
f 564/348/564 575/358/575 574/356/574
vt 0.6385339 0.9698774
vt 0.6666667 0.0306926
vt 0.6659572 0.9693218
f 577/359/577 576/360/576 578/361/578
vt 0.6111111 0.9705147
vt 0.6659572 0.0306782
f 580/362/580 579/363/579 577/359/577
f 576/360/576 577/359/577 579/363/579
vt 0.6385339 0.0301226
f 581/364/581 579/363/579 580/362/580
f 570/354/570 581/364/581 580/362/580
vt 0.6940599 0.9688355
vt 0.7222222 0.0315629
vt 0.7214536 0.9684480
f 583/365/583 582/366/582 584/367/584
vt 0.6666667 0.9693074
vt 0.7214536 0.0315520
f 586/368/586 585/369/585 583/365/583
f 582/366/582 583/365/583 585/369/585
vt 0.6940599 0.0311645
f 587/370/587 585/369/585 586/368/586
vt 0.7222222 0.9684371
f 588/371/588 584/367/584 582/366/582
vt 0.7495859 0.9681354
vt 0.7777778 0.0320866
vt 0.7769500 0.9679199
f 590/372/590 589/373/589 591/374/591
vt 0.7769500 0.0320801
f 588/371/588 592/375/592 590/372/590
f 589/373/589 590/372/590 592/375/592
vt 0.7495859 0.0318646
f 593/376/593 592/375/592 588/371/588
vt 0.7777778 0.9679134
f 594/377/594 591/374/591 589/373/589
vt 0.8051118 0.9677848
vt 0.8333333 0.0322581
vt 0.8324459 0.9677420
f 596/378/596 595/379/595 597/380/597
vt 0.8324459 0.0322581
f 594/377/594 598/381/598 596/378/596
f 595/379/595 596/378/596 598/381/598
vt 0.8051118 0.0322152
f 599/382/599 598/381/598 594/377/594
vt 0.8333333 0.9677420
f 600/383/600 597/380/597 595/379/595
vt 0.8888889 0.9677420
f 600/383/600 595/379/595 601/384/601
vt 0.8888889 0.0322581
vt 0.9444444 0.9677420
f 601/384/601 602/385/602 603/386/603
vt 0.9444444 0.0322581
vt 1.0000000 0.9677420
f 603/386/603 604/387/604 605/388/605
vt 1.0000000 0.0322581
f 606/389/606 605/388/605 604/387/604
f 604/387/604 603/386/603 602/385/602
f 602/385/602 601/384/601 595/379/595
f 589/373/589 599/382/599 594/377/594
f 582/366/582 593/376/593 588/371/588
f 576/360/576 587/370/587 586/368/586
f 586/368/586 578/361/578 576/360/576
f 580/362/580 572/355/572 570/354/570
f 574/356/574 566/349/566 564/348/564
f 568/350/568 562/345/562 563/346/563
f 556/339/556 557/341/557 555/338/555
f 551/334/551 553/337/553 550/332/550
f 547/330/547 552/335/552 549/333/549
f 544/327/544 545/328/545 543/326/543
f 540/323/540 541/325/541 539/322/539
f 536/319/536 537/321/537 534/317/534
f 530/314/530 532/316/532 535/318/535
f 535/318/535 529/313/529 530/314/530
vt 0.0666668 0.9885664
f 608/60/608 607/58/607 609/390/609
vt 0.0667377 0.9885542
f 609/390/609 610/188/610 611/391/611
f 612/190/612 611/391/611 610/188/610
vt 0.1333337 0.9772582
vt 0.1334755 0.9772341
f 613/392/613 612/190/612 614/393/614
f 615/192/615 614/393/614 612/190/612
vt 0.2000005 0.9661993
vt 0.2002132 0.9661640
f 616/394/616 615/192/615 617/395/617
f 618/194/618 617/395/617 615/192/615
vt 0.2666673 0.9555109
vt 0.2669510 0.9554654
f 619/396/619 618/194/618 620/397/620
f 621/196/621 620/397/620 618/194/618
vt 0.3333341 0.9453101
vt 0.3336887 0.9452557
f 622/398/622 621/196/621 623/399/623
f 624/198/624 623/399/623 621/196/621
vt 0.4000010 0.9357085
vt 0.4004264 0.9356471
f 625/400/625 624/198/624 626/401/626
f 627/200/627 626/401/626 624/198/624
vt 0.4666678 0.9268114
vt 0.4671642 0.9267451
f 628/402/628 627/200/627 629/403/629
f 630/202/630 629/403/629 627/200/627
vt 0.5333347 0.9187163
vt 0.5339019 0.9186473
f 631/404/631 630/202/630 632/405/632
f 633/204/633 632/405/632 630/202/630
vt 0.6006396 0.9114429
vt 0.6336532 0.9082339
f 635/406/635 634/206/634 636/407/636
vt 0.6000016 0.9115118
f 637/408/637 633/204/633 635/406/635
f 634/206/634 635/406/635 633/204/633
vt 0.7003554 0.9025115
vt 0.7333338 0.9000769
f 638/409/638 634/206/634 639/410/639
vt 0.6666671 0.9052744
vt 0.6673774 0.9052107
f 640/411/640 634/206/634 641/412/641
f 638/409/638 641/412/641 634/206/634
vt 0.7670575 0.8978583
vt 0.8000005 0.8959743
f 643/413/643 642/208/642 644/414/644
vt 0.7341151 0.9000192
f 639/410/639 642/208/642 645/415/645
f 643/413/643 645/415/645 642/208/642
vt 0.8337598 0.8943253
vt 0.8666673 0.8930114
f 647/416/647 646/210/646 648/417/648
vt 0.8008528 0.8959255
f 644/414/644 646/210/646 649/418/649
f 647/416/647 649/418/649 646/210/646
vt 0.9004620 0.8919514
vt 0.9333340 0.8912207
f 651/419/651 650/212/650 652/420/652
vt 0.8675906 0.8929745
f 648/417/648 650/212/650 653/421/653
f 651/419/651 653/421/653 650/212/650
vt 0.9343283 0.8911986
vt 0.9671642 0.8907626
f 655/422/655 654/1/654 656/423/656
f 652/420/652 657/214/657 655/422/655
f 654/1/654 655/422/655 657/214/657
vt 1.0000000 0.8906171
f 658/424/658 656/423/656 654/1/654
f 657/214/657 652/420/652 650/212/650
f 650/212/650 648/417/648 646/210/646
f 646/210/646 644/414/644 642/208/642
f 642/208/642 639/410/639 634/206/634
f 640/411/640 636/407/636 634/206/634
f 637/408/637 632/405/632 633/204/633
f 631/404/631 629/403/629 630/202/630
f 628/402/628 626/401/626 627/200/627
f 625/400/625 623/399/623 624/198/624
f 622/398/622 620/397/620 621/196/621
f 619/396/619 617/395/617 618/194/618
f 616/394/616 614/393/614 615/192/615
f 613/392/613 611/391/611 612/190/612
f 610/188/610 609/390/609 607/58/607
f 660/182/660 659/178/659 661/179/661
f 662/183/662 659/178/659 660/182/660
f 661/179/661 663/177/663 664/181/664
f 666/184/666 665/3/665 667/186/667
f 665/3/665 666/184/666 662/183/662
f 668/180/668 664/181/664 663/177/663
f 669/1/669 667/186/667 665/3/665
f 663/177/663 661/179/661 659/178/659
f 659/178/659 662/183/662 666/184/666
f 670/185/670 667/186/667 669/1/669
f 672/60/672 671/215/671 673/218/673
f 673/218/673 674/217/674 675/276/675
f 671/215/671 676/221/676 674/217/674
f 674/217/674 677/222/677 678/220/678
f 676/221/676 679/223/679 677/222/677
f 677/222/677 680/224/680 681/225/681
f 679/223/679 682/226/682 680/224/680
f 680/224/680 683/227/683 684/228/684
f 682/226/682 685/229/685 683/227/683
f 683/227/683 686/230/686 687/231/687
f 685/229/685 688/232/688 686/230/686
f 686/230/686 689/233/689 690/234/690
f 688/232/688 691/235/691 689/233/689
f 689/233/689 692/236/692 693/237/693
f 691/235/691 694/238/694 692/236/692
f 692/236/692 695/239/695 696/240/696
f 694/238/694 697/241/697 695/239/695
f 695/239/695 698/242/698 699/243/699
f 697/241/697 700/244/700 698/242/698
f 698/242/698 701/245/701 702/246/702
f 700/244/700 703/247/703 701/245/701
f 701/245/701 704/248/704 705/249/705
f 703/247/703 706/250/706 704/248/704
f 704/248/704 707/251/707 708/252/708
f 706/250/706 709/253/709 707/251/707
f 707/251/707 710/254/710 711/255/711
f 709/253/709 712/256/712 710/254/710
f 710/254/710 713/257/713 714/258/714
f 712/256/712 715/58/715 713/257/713
f 713/257/713 716/259/716 717/260/717
f 675/276/675 678/220/678 718/3/718
f 678/220/678 681/225/681 719/261/719
f 681/225/681 684/228/684 720/262/720
f 684/228/684 687/231/687 721/263/721
f 687/231/687 690/234/690 722/264/722
f 690/234/690 693/237/693 723/265/723
f 693/237/693 696/240/696 724/266/724
f 696/240/696 699/243/699 725/267/725
f 699/243/699 702/246/702 726/268/726
f 702/246/702 705/249/705 727/269/727
f 705/249/705 708/252/708 728/270/728
f 708/252/708 711/255/711 729/271/729
f 711/255/711 714/258/714 730/272/730
f 714/258/714 717/260/717 731/273/731
f 717/260/717 732/275/732 733/274/733
f 734/1/734 733/274/733 732/275/732
f 733/274/733 731/273/731 717/260/717
f 731/273/731 730/272/730 714/258/714
f 730/272/730 729/271/729 711/255/711
f 729/271/729 728/270/728 708/252/708
f 728/270/728 727/269/727 705/249/705
f 727/269/727 726/268/726 702/246/702
f 726/268/726 725/267/725 699/243/699
f 725/267/725 724/266/724 696/240/696
f 724/266/724 723/265/723 693/237/693
f 723/265/723 722/264/722 690/234/690
f 722/264/722 721/263/721 687/231/687
f 721/263/721 720/262/720 684/228/684
f 720/262/720 719/261/719 681/225/681
f 719/261/719 718/3/718 678/220/678
f 732/275/732 717/260/717 716/259/716
f 716/259/716 713/257/713 715/58/715
f 717/260/717 714/258/714 713/257/713
f 713/257/713 710/254/710 712/256/712
f 714/258/714 711/255/711 710/254/710
f 710/254/710 707/251/707 709/253/709
f 711/255/711 708/252/708 707/251/707
f 707/251/707 704/248/704 706/250/706
f 708/252/708 705/249/705 704/248/704
f 704/248/704 701/245/701 703/247/703
f 705/249/705 702/246/702 701/245/701
f 701/245/701 698/242/698 700/244/700
f 702/246/702 699/243/699 698/242/698
f 698/242/698 695/239/695 697/241/697
f 699/243/699 696/240/696 695/239/695
f 695/239/695 692/236/692 694/238/694
f 696/240/696 693/237/693 692/236/692
f 692/236/692 689/233/689 691/235/691
f 693/237/693 690/234/690 689/233/689
f 689/233/689 686/230/686 688/232/688
f 690/234/690 687/231/687 686/230/686
f 686/230/686 683/227/683 685/229/685
f 687/231/687 684/228/684 683/227/683
f 683/227/683 680/224/680 682/226/682
f 684/228/684 681/225/681 680/224/680
f 680/224/680 677/222/677 679/223/679
f 681/225/681 678/220/678 677/222/677
f 677/222/677 674/217/674 676/221/676
f 678/220/678 675/276/675 674/217/674
f 674/217/674 673/218/673 671/215/671
f 736/60/736 735/58/735 737/187/737
f 737/187/737 738/188/738 739/189/739
f 739/189/739 740/190/740 741/191/741
f 741/191/741 742/192/742 743/193/743
f 743/193/743 744/194/744 745/195/745
f 745/195/745 746/196/746 747/197/747
f 747/197/747 748/198/748 749/199/749
f 749/199/749 750/200/750 751/201/751
f 751/201/751 752/202/752 753/203/753
f 753/203/753 754/204/754 755/205/755
f 755/205/755 756/206/756 757/207/757
f 757/207/757 758/208/758 759/209/759
f 759/209/759 760/210/760 761/211/761
f 761/211/761 762/212/762 763/213/763
f 763/213/763 764/214/764 765/3/765
f 766/1/766 765/3/765 764/214/764
f 764/214/764 763/213/763 762/212/762
f 762/212/762 761/211/761 760/210/760
f 760/210/760 759/209/759 758/208/758
f 758/208/758 757/207/757 756/206/756
f 756/206/756 755/205/755 754/204/754
f 754/204/754 753/203/753 752/202/752
f 752/202/752 751/201/751 750/200/750
f 750/200/750 749/199/749 748/198/748
f 748/198/748 747/197/747 746/196/746
f 746/196/746 745/195/745 744/194/744
f 744/194/744 743/193/743 742/192/742
f 742/192/742 741/191/741 740/190/740
f 740/190/740 739/189/739 738/188/738
f 738/188/738 737/187/737 735/58/735
vt 0.9999997 1.0000000
vt 0.6706667 0.0792295
f 768/1/768 767/425/767 769/426/769
vt 0.6706667 1.0000000
vt 0.3353333 0.1590152
f 769/426/769 770/427/770 771/428/771
vt 0.3353333 1.0000000
vt 0.0000000 0.2370152
f 771/428/771 772/429/772 773/430/773
f 774/60/774 773/430/773 772/429/772
f 772/429/772 771/428/771 770/427/770
f 770/427/770 769/426/769 767/425/767
vt 0.0000000 0.4690854
vt 0.9073597 0.4004686
f 776/431/776 775/1/775 777/432/777
vt 0.0000000 0.7541692
f 776/431/776 777/432/777 778/433/778
vt 0.9073597 0.8260663
f 779/434/779 778/433/778 777/432/777
vt 1.0000000 0.8260663
f 781/435/781 780/3/780 779/434/779
f 778/433/778 779/434/779 780/3/780
vt 1.0000000 0.4004686
f 782/436/782 777/432/777 775/1/775
vt 0.9090909 0.0033967
f 784/1/784 783/3/783 785/437/785
vt 0.9090909 0.9982199
vt 0.8181818 0.0066395
f 785/437/785 786/438/786 787/439/787
vt 0.8181818 0.9965205
vt 0.7272727 0.0096933
f 787/439/787 788/440/788 789/441/789
vt 0.7272727 0.9949201
vt 0.6363636 0.0125253
f 789/441/789 790/442/790 791/443/791
vt 0.6363636 0.9934360
vt 0.5454546 0.0151049
f 791/443/791 792/444/792 793/445/793
vt 0.5454546 0.9920840
vt 0.4545455 0.0174046
f 793/445/793 794/446/794 795/447/795
vt 0.4545455 0.9908789
vt 0.3636364 0.0193993
f 795/447/795 796/448/796 797/449/797
vt 0.3636364 0.9898335
vt 0.2727273 0.0210677
f 797/449/797 798/450/798 799/451/799
vt 0.2727273 0.9889591
vt 0.1818182 0.0223919
f 799/451/799 800/452/800 801/453/801
vt 0.1363636 0.0229203
vt 0.1818182 0.9882652
vt 0.0909091 0.0233575
f 803/454/803 802/455/802 804/456/804
f 801/453/801 802/455/802 803/454/803
vt 0.0454545 0.0237025
vt 0.0909091 0.9877592
vt 0.0000000 0.0239542
f 806/457/806 805/458/805 807/459/807
f 804/456/804 805/458/805 806/457/806
vt 0.0000000 0.9874464
f 808/460/808 807/459/807 805/458/805
f 805/458/805 804/456/804 802/455/802
f 802/455/802 801/453/801 800/452/800
f 800/452/800 799/451/799 798/450/798
f 798/450/798 797/449/797 796/448/796
f 796/448/796 795/447/795 794/446/794
f 794/446/794 793/445/793 792/444/792
f 792/444/792 791/443/791 790/442/790
f 790/442/790 789/441/789 788/440/788
f 788/440/788 787/439/787 786/438/786
f 786/438/786 785/437/785 783/3/783
vt 0.0000000 0.0179719
vt 0.0714286 0.0176630
vt 0.0000000 0.9657066
f 810/461/810 809/462/809 811/463/811
vt 0.0357143 0.9659553
f 812/464/812 811/463/811 809/462/809
vt 0.1428571 0.0171627
vt 0.0714286 0.9662961
f 809/462/809 813/465/813 814/466/814
vt 0.1071429 0.9667284
f 815/467/815 814/466/814 813/465/813
vt 0.2142857 0.0164763
vt 0.1428571 0.9672508
f 813/465/813 816/468/816 817/469/817
vt 0.2857143 0.0156115
vt 0.2142857 0.9685604
f 816/468/816 818/470/818 819/471/819
vt 0.3571429 0.0145774
vt 0.2857143 0.9702107
f 818/470/818 820/472/820 821/473/821
vt 0.4285714 0.0133855
vt 0.3571429 0.9721838
f 820/472/820 822/474/822 823/475/823
vt 0.5000000 0.0120484
vt 0.4285714 0.9744584
f 822/474/822 824/476/824 825/477/825
vt 0.5714286 0.0105808
vt 0.5000000 0.9770097
f 824/476/824 826/478/826 827/479/827
vt 0.6428571 0.0089985
vt 0.5714286 0.9798102
f 826/478/826 828/480/828 829/481/829
vt 0.7142857 0.0073187
vt 0.6428571 0.9828295
f 828/480/828 830/482/830 831/483/831
vt 0.7857143 0.0055595
vt 0.7142857 0.9860348
f 830/482/830 832/484/832 833/485/833
vt 0.8571429 0.0037402
vt 0.7857143 0.9893915
f 832/484/832 834/486/834 835/487/835
vt 0.9285714 0.0018803
vt 0.8571429 0.9928632
f 834/486/834 836/488/836 837/489/837
vt 0.9285714 0.9964122
f 836/488/836 838/1/838 839/490/839
f 840/3/840 839/490/839 838/1/838
f 839/490/839 837/489/837 836/488/836
f 837/489/837 835/487/835 834/486/834
f 835/487/835 833/485/833 832/484/832
f 833/485/833 831/483/831 830/482/830
f 831/483/831 829/481/829 828/480/828
f 829/481/829 827/479/827 826/478/826
f 827/479/827 825/477/825 824/476/824
f 825/477/825 823/475/823 822/474/822
f 823/475/823 821/473/821 820/472/820
f 821/473/821 819/471/819 818/470/818
f 819/471/819 817/469/817 816/468/816
f 817/469/817 815/467/815 813/465/813
f 814/466/814 812/464/812 809/462/809
vt 0.0028121 0.0214200
vt 0.0006704 0.0359292
vt 0.0019554 0.0259867
f 842/491/842 841/492/841 843/493/843
vt 0.0037996 0.0171900
f 844/494/844 841/492/841 842/491/842
vt 0.0049072 0.0133426
f 845/495/845 841/492/841 844/494/844
vt 0.0061231 0.0099195
f 846/496/846 841/492/841 845/495/845
vt 0.0006672 0.0572126
vt 0.0148885 0.0000000
vt 0.0012327 0.0622863
f 848/497/848 847/498/847 849/499/849
vt 0.0074339 0.0069578
f 850/500/850 841/492/841 846/496/846
vt 0.0019452 0.0671274
f 851/501/851 849/499/849 847/498/847
vt 0.0088255 0.0044895
f 852/502/852 841/492/841 850/500/850
vt 0.0027970 0.0716838
f 853/503/853 851/501/851 847/498/847
vt 0.0102828 0.0025414
f 854/504/854 841/492/841 852/502/852
vt 0.0037791 0.0759065
f 855/505/855 853/503/853 847/498/847
vt 0.0001079 0.0438809
vt 0.0000000 0.0465878
f 856/506/856 847/498/847 857/507/857
vt 0.0117900 0.0011346
f 858/508/858 841/492/841 854/504/854
vt 0.0048807 0.0797498
f 859/509/859 855/505/855 847/498/847
vt 0.0002559 0.0411973
f 860/510/860 847/498/847 856/506/856
vt 0.0133308 0.0002844
f 861/511/861 841/492/841 858/508/858
vt 0.0060901 0.0831726
f 862/512/862 859/509/859 847/498/847
vt 0.0004436 0.0385443
f 863/513/863 847/498/847 860/510/860
f 847/498/847 841/492/841 861/511/861
vt 0.0073943 0.0861379
f 864/514/864 862/512/862 847/498/847
vt 0.0001075 0.0492859
f 865/515/865 857/507/857 847/498/847
vt 0.0012390 0.0308406
f 866/516/866 843/493/843 841/492/841
vt 0.0087791 0.0886138
f 867/517/867 864/514/864 847/498/847
f 863/513/863 841/492/841 847/498/847
vt 0.7129100 0.8959236
vt 0.7742372 0.9538064
f 869/518/869 868/1/868 870/519/870
vt 0.0004416 0.0546055
f 871/520/871 847/498/847 848/497/848
vt 0.0002548 0.0519609
f 872/521/872 865/515/865 847/498/847
vt 0.8369684 0.9886276
f 873/522/873 870/519/870 868/1/868
vt 0.0102296 0.0905737
f 874/523/874 847/498/847 869/518/869
f 871/520/871 872/521/872 847/498/847
f 868/1/868 869/518/869 847/498/847
vt 0.8992623 1.0000000
f 875/524/875 873/522/873 868/1/868
f 874/523/874 867/517/867 847/498/847
f 876/3/876 875/524/875 868/1/868
vt 0.0443544 0.7837592
vt 0.0087494 0.6721403
vt 0.0293176 0.7475201
f 878/525/878 877/526/877 879/527/879
vt 0.0628515 0.8189335
f 880/528/880 877/526/877 878/525/878
vt 0.0851151 0.8528360
f 881/529/881 877/526/877 880/528/880
vt 0.1115006 0.8851132
f 882/530/882 877/526/877 881/529/881
vt 0.1423795 0.9152282
f 883/531/883 877/526/877 882/530/882
vt 0.1780849 0.9424297
f 884/532/884 877/526/877 883/531/883
vt 0.0071300 0.6630479
vt 0.3693045 1.0000000
vt 0.0020594 0.6236238
f 886/533/886 885/534/885 887/535/887
vt 0.2188302 0.9657372
f 888/536/888 877/526/877 884/532/884
vt 0.0000000 0.5830880
f 889/537/889 887/535/887 885/534/885
vt 0.2646011 0.9839652
f 890/538/890 877/526/877 888/536/888
vt 0.0010762 0.5413444
f 891/539/891 889/537/889 885/534/885
vt 0.3150328 0.9958078
f 892/540/892 877/526/877 890/538/890
vt 0.0055075 0.4983137
f 893/541/893 891/539/891 885/534/885
f 885/534/885 877/526/877 892/540/892
vt 0.0136103 0.4539644
f 894/542/894 893/541/893 885/534/885
vt 0.0175028 0.7103101
f 895/543/895 879/527/879 877/526/877
f 886/533/886 877/526/877 885/534/885
vt 0.0175958 0.4373152
vt 0.1291707 0.0000002
f 897/544/897 896/3/896 898/545/898
f 896/3/896 897/544/897 885/534/885
f 897/544/897 894/542/894 885/534/885
f 899/1/899 898/545/898 896/3/896
vt 0.9261088 0.0000000
vt 0.9261088 1.0000000
f 901/546/901 900/547/900 902/1/902
vt 0.7308615 0.0000000
vt 0.7308615 1.0000000
f 904/548/904 903/549/903 901/546/901
vt 0.5423156 0.0000000
vt 0.5423156 1.0000000
f 906/550/906 905/551/905 904/548/904
vt 0.3587767 0.0000000
vt 0.3587767 1.0000000
f 908/552/908 907/553/907 906/550/906
vt 0.1785605 0.0000000
vt 0.1785605 1.0000000
f 910/554/910 909/555/909 908/552/908
f 912/58/912 911/60/911 910/554/910
f 909/555/909 910/554/910 911/60/911
f 907/553/907 908/552/908 909/555/909
f 905/551/905 906/550/906 907/553/907
f 903/549/903 904/548/904 905/551/905
f 900/547/900 901/546/901 903/549/903
f 913/3/913 902/1/902 900/547/900
vt 0.9842874 0.0000000
vt 0.9842874 1.0000000
f 915/556/915 914/557/914 916/1/916
vt 0.9170841 0.0000000
vt 0.9170841 1.0000000
f 918/558/918 917/559/917 915/556/915
vt 0.8491120 0.0000000
vt 0.8491120 1.0000000
f 920/560/920 919/561/919 918/558/918
vt 0.7797432 0.0000000
vt 0.7797432 1.0000000
f 922/562/922 921/563/921 920/560/920
vt 0.7083433 0.0000000
vt 0.7083433 1.0000000
f 924/564/924 923/565/923 922/562/922
vt 0.6342756 0.0000000
vt 0.6342756 1.0000000
f 926/566/926 925/567/925 924/564/924
vt 0.5569142 0.0000000
vt 0.5569142 1.0000000
f 928/568/928 927/569/927 926/566/926
vt 0.4756690 0.0000000
vt 0.4756690 1.0000000
f 930/570/930 929/571/929 928/568/928
vt 0.3900291 0.0000000
vt 0.3900291 1.0000000
f 932/572/932 931/573/931 930/570/930
vt 0.2996249 0.0000000
vt 0.2996249 1.0000000
f 934/574/934 933/575/933 932/572/932
vt 0.2043097 0.0000000
vt 0.2043097 1.0000000
f 936/576/936 935/577/935 934/574/934
vt 0.1042495 0.0000000
vt 0.1042495 1.0000000
f 938/578/938 937/579/937 936/576/936
f 940/58/940 939/60/939 938/578/938
f 937/579/937 938/578/938 939/60/939
f 935/577/935 936/576/936 937/579/937
f 933/575/933 934/574/934 935/577/935
f 931/573/931 932/572/932 933/575/933
f 929/571/929 930/570/930 931/573/931
f 927/569/927 928/568/928 929/571/929
f 925/567/925 926/566/926 927/569/927
f 923/565/923 924/564/924 925/567/925
f 921/563/921 922/562/922 923/565/923
f 919/561/919 920/560/920 921/563/921
f 917/559/917 918/558/918 919/561/919
f 914/557/914 915/556/915 917/559/917
f 941/3/941 916/1/916 914/557/914
vt 0.8108568 0.9977309
vt 0.8083379 0.9949873
vt 0.8122163 0.9987154
f 943/580/943 942/581/942 944/582/944
vt 0.8061765 0.9913158
vt 0.8165156 1.0000000
vt 0.8072062 0.9932584
f 946/583/946 945/584/945 947/585/947
vt 0.8032839 0.9818640
vt 0.8038057 0.9844288
f 948/586/948 945/584/945 949/587/949
vt 0.8136230 0.9994264
vt 0.8150613 0.9998562
f 950/588/950 942/581/942 951/589/951
vt 0.8095592 0.9964836
f 952/590/952 942/581/942 943/580/943
vt 0.8052600 0.9891807
f 953/591/953 945/584/945 946/583/946
vt 0.8044668 0.9868767
f 954/592/954 949/587/949 945/584/945
vt 0.3934006 0.9949873
vt 0.3866772 0.9998562
vt 0.3945323 0.9932584
f 956/593/956 955/594/955 957/595/957
vt 0.3895222 0.9987154
vt 0.3908817 0.9977309
f 958/596/958 955/594/955 959/597/959
f 950/588/950 944/582/944 942/581/942
f 953/591/953 954/592/954 945/584/945
vt 0.3972717 0.9868767
vt 0.3979328 0.9844288
f 960/598/960 955/594/955 961/599/961
vt 0.3955621 0.9913158
vt 0.3964785 0.9891807
f 962/600/962 955/594/955 963/601/963
vt 0.3921793 0.9964836
f 964/602/964 955/594/955 956/593/956
vt 0.3881156 0.9994264
f 965/603/965 955/594/955 958/596/958
f 942/581/942 947/585/947 945/584/945
vt 0.8026791 0.9764968
vt 0.8029069 0.9792103
f 966/604/966 945/584/945 967/605/967
f 960/598/960 963/601/963 955/594/955
f 964/602/964 959/597/959 955/594/955
f 948/586/948 967/605/967 945/584/945
vt 0.3984547 0.9818640
vt 0.3852229 1.0000000
vt 0.3988316 0.9792103
f 969/606/969 968/607/968 970/608/970
f 962/600/962 957/595/957 955/594/955
vt 0.8026029 0.9737533
f 971/609/971 945/584/945 966/604/966
vt 0.3990594 0.9764968
f 972/610/972 970/608/970 968/607/968
f 968/607/968 969/606/969 955/594/955
f 945/584/945 951/589/951 942/581/942
vt 0.8026029 0.5931758
f 974/1/974 973/3/973 975/611/975
f 969/606/969 961/599/961 955/594/955
f 971/609/971 975/611/975 973/3/973
vt 0.3991356 0.5931758
f 976/58/976 974/1/974 977/612/977
vt 0.3991356 0.9737533
f 979/613/979 978/60/978 977/612/977
f 978/60/978 979/613/979 968/607/968
f 975/611/975 977/612/977 974/1/974
f 979/613/979 972/610/972 968/607/968
f 976/58/976 977/612/977 978/60/978
f 973/3/973 945/584/945 971/609/971
vt 0.0000000 0.0486757
vt 0.0003272 0.0542897
vt 0.0003286 0.0430437
f 981/614/981 980/615/980 982/616/982
vt 0.0008609 0.0375395
f 983/617/983 982/616/982 980/615/980
vt 0.0008568 0.0597767
vt 0.0015910 0.0322228
f 985/618/985 984/619/984 980/615/980
f 984/619/984 983/617/983 980/615/980
vt 0.0015829 0.0650778
vt 0.0025110 0.0271513
f 987/620/987 986/621/986 985/618/985
f 986/621/986 984/619/984 985/618/985
vt 0.0024979 0.0701360
vt 0.0036111 0.0223800
f 989/622/989 988/623/988 987/620/987
vt 0.0035918 0.0748965
f 990/624/990 988/623/988 989/622/989
f 988/623/988 986/621/986 987/620/987
vt 0.0048529 0.0793084
vt 0.0048791 0.0179604
f 992/625/992 991/626/991 990/624/990
f 991/626/991 988/623/988 990/624/990
vt 0.0062675 0.0833241
vt 0.0063015 0.0139406
f 994/627/994 993/628/993 992/625/992
f 993/628/993 991/626/991 992/625/992
vt 0.0078205 0.0869002
vt 0.0078628 0.0103641
f 996/629/996 995/630/995 994/627/994
f 995/630/995 993/628/993 994/627/994
vt 0.0094952 0.0899984
vt 0.0095461 0.0072696
f 998/631/998 997/632/997 996/629/996
f 997/632/997 995/630/995 996/629/996
vt 0.0113331 0.0046907
f 999/633/999 997/632/997 998/631/998
vt 0.0112735 0.0925853
vt 0.0132045 0.0026553
f 1001/634/1001 1000/635/1000 998/631/998
f 1000/635/1000 999/633/999 998/631/998
vt 0.0131362 0.0946330
vt 0.0151399 0.0011855
f 1003/636/1003 1002/637/1002 1001/634/1001
vt 0.9154713 0.9360769
vt 0.0191188 0.0000000
f 1003/636/1003 1004/638/1004 1005/639/1005
vt 0.9937477 0.9962641
f 1007/3/1007 1006/1/1006 1008/640/1008
f 1002/637/1002 1000/635/1000 1001/634/1001
f 1004/638/1004 1008/640/1008 1006/1/1006
vt 0.0171185 0.0002972
f 1009/641/1009 1002/637/1002 1003/636/1003
f 1005/639/1005 1009/641/1009 1003/636/1003
f 1006/1/1006 1005/639/1005 1004/638/1004
vt 0.3333389 0.0000000
vt 0.0000000 0.4959384
f 1011/58/1011 1010/642/1010 1012/643/1012
vt 0.6666775 0.0000000
vt 0.3595863 0.5616007
f 1014/259/1014 1013/644/1013 1015/645/1015
vt 0.3333333 0.5567439
f 1010/642/1010 1014/259/1014 1016/646/1016
f 1015/645/1015 1016/646/1016 1014/259/1014
vt 0.4373802 0.5799792
f 1017/647/1017 1015/645/1015 1013/644/1013
vt 0.5125844 0.6057771
f 1018/648/1018 1017/647/1017 1013/644/1013
vt 0.5845326 0.6387395
f 1019/649/1019 1018/648/1018 1013/644/1013
vt 0.6525856 0.6785405
f 1020/650/1020 1019/649/1019 1013/644/1013
vt 0.7161349 0.7247867
vt 0.7746068 0.7770211
f 1022/651/1022 1021/1/1021 1023/652/1023
vt 0.6666662 0.6887875
f 1024/275/1024 1021/1/1021 1025/653/1025
f 1022/651/1022 1025/653/1025 1021/1/1021
f 1013/644/1013 1024/275/1024 1025/653/1025
f 1026/3/1026 1023/652/1023 1021/1/1021
f 1025/653/1025 1020/650/1020 1013/644/1013
f 1016/646/1016 1012/643/1012 1010/642/1010
vt 0.9930302 0.5523623
vt 0.9981101 0.5164094
vt 0.9839466 0.5899943
f 1028/654/1028 1027/655/1027 1029/656/1029
vt 0.9707433 0.6280822
f 1030/657/1030 1029/656/1029 1027/655/1027
vt 1.0000000 0.4772829
vt 0.9531314 0.6667532
f 1032/658/1032 1031/659/1031 1027/655/1027
vt 0.9567131 0.2651138
vt 0.9792362 0.3323432
f 1033/660/1033 1031/659/1031 1034/661/1034
vt 0.9981257 0.4341373
f 1035/662/1035 1031/659/1031 1032/658/1032
vt 0.9273593 0.1994717
f 1036/663/1036 1031/659/1031 1033/660/1033
vt 0.8633227 0.7926383
vt 0.8882016 0.1304817
vt 0.8183266 0.8360285
f 1038/664/1038 1037/665/1037 1039/666/1039
vt 0.9916056 0.3860868
f 1040/667/1040 1031/659/1031 1035/662/1035
f 1037/665/1037 1031/659/1031 1036/663/1036
vt 0.6618881 0.9387725
vt 0.8200827 0.0410169
vt 0.5937362 0.9667388
f 1042/668/1042 1041/669/1041 1043/670/1043
vt 0.9003092 0.7493839
f 1044/671/1044 1037/665/1037 1038/664/1038
f 1040/667/1040 1034/661/1034 1031/659/1031
vt 0.7264301 0.9036791
f 1045/672/1045 1041/669/1041 1042/668/1042
vt 0.9299489 0.7072535
f 1046/673/1046 1037/665/1037 1044/671/1044
f 1031/659/1031 1030/657/1030 1027/655/1027
vt 0.5248169 0.9863245
f 1047/674/1047 1043/670/1043 1041/669/1041
f 1046/673/1046 1031/659/1031 1037/665/1037
vt 0.4654458 0.9963761
f 1048/675/1048 1047/674/1047 1041/669/1041
vt 0.8532411 0.0803316
vt 0.7651989 0.8779997
f 1050/676/1050 1049/677/1049 1037/665/1037
f 1049/677/1049 1041/669/1041 1045/672/1045
f 1041/669/1041 1049/677/1049 1050/676/1050
f 1049/677/1049 1039/666/1039 1037/665/1037
vt 0.4034592 1.0000000
f 1051/678/1051 1048/675/1048 1041/669/1041
vt 0.7815005 0.0000000
f 1053/58/1053 1052/60/1052 1054/679/1054
f 1041/669/1041 1054/679/1054 1052/60/1052
f 1052/60/1052 1051/678/1051 1041/669/1041
vt 0.8187273 1.0000000
vt 0.0000000 0.9946707
f 1056/680/1056 1055/1/1055 1057/681/1057
f 1058/3/1058 1055/1/1055 1056/680/1056
f 1059/58/1059 1057/681/1057 1055/1/1055
vt 0.8333333 0.9968616
f 1061/3/1061 1060/1/1060 1062/682/1062
vt 0.7035695 0.9935722
vt 0.8333333 0.0000000
vt 0.6666667 0.9926360
f 1064/683/1064 1063/684/1063 1065/685/1065
f 1062/682/1062 1063/684/1063 1064/683/1064
vt 0.5000000 0.9871716
f 1065/685/1065 1066/206/1066 1067/686/1067
vt 0.5000000 0.0000000
vt 0.3333333 0.9803410
f 1067/686/1067 1068/687/1068 1069/688/1069
vt 0.1666667 0.9720476
f 1069/688/1069 1070/196/1070 1071/689/1071
vt 0.1666667 0.0000000
vt 0.0000000 0.9622327
f 1071/689/1071 1072/690/1072 1073/691/1073
f 1074/58/1074 1073/691/1073 1072/690/1072
f 1072/690/1072 1071/689/1071 1070/196/1070
f 1070/196/1070 1069/688/1069 1068/687/1068
f 1068/687/1068 1067/686/1067 1066/206/1066
f 1066/206/1066 1065/685/1065 1063/684/1063
f 1063/684/1063 1062/682/1062 1060/1/1060
vt 0.9582657 0.0000000
vt 0.9582657 1.0000000
f 1076/692/1076 1075/693/1075 1077/1/1077
vt 0.9180272 0.0000000
vt 0.9180272 1.0000000
f 1079/694/1079 1078/695/1078 1076/692/1076
vt 0.8704392 0.0000000
f 1079/694/1079 1080/696/1080 1078/695/1078
vt 0.8704392 1.0000000
vt 0.8217264 1.0000000
f 1081/697/1081 1080/696/1080 1082/698/1082
vt 0.8217264 0.0000000
vt 0.7731481 0.0000000
f 1084/699/1084 1083/700/1083 1082/698/1082
vt 0.7731481 1.0000000
vt 0.7422840 1.0000000
f 1085/701/1085 1083/700/1083 1086/702/1086
vt 0.6969775 0.0000000
vt 0.6969775 1.0000000
vt 0.7422840 0.0000000
f 1088/703/1088 1087/704/1087 1089/705/1089
vt 0.6545759 1.0000000
f 1087/704/1087 1088/703/1088 1090/706/1090
vt 0.6545759 0.0000000
vt 0.6153200 0.0000000
f 1092/707/1092 1091/708/1091 1090/706/1090
vt 0.5791375 0.0000000
vt 0.5791375 1.0000000
f 1094/709/1094 1093/710/1093 1091/708/1091
vt 0.5457627 0.0000000
f 1094/709/1094 1095/711/1095 1093/710/1093
vt 0.5457627 1.0000000
vt 0.5148653 1.0000000
f 1096/712/1096 1095/711/1095 1097/713/1097
vt 0.5148653 0.0000000
vt 0.4851347 0.0000000
f 1099/714/1099 1098/715/1098 1097/713/1097
vt 0.4562691 0.0000000
vt 0.4562691 1.0000000
f 1101/716/1101 1100/717/1100 1098/715/1098
vt 0.4290233 1.0000000
f 1100/717/1100 1101/716/1101 1102/718/1102
vt 0.3995702 0.0000000
vt 0.3995702 1.0000000
vt 0.4290233 0.0000000
f 1104/719/1104 1103/720/1103 1105/721/1105
vt 0.3671188 0.0000000
vt 0.3671188 1.0000000
f 1107/722/1107 1106/723/1106 1104/719/1104
vt 0.3307248 0.0000000
f 1107/722/1107 1108/724/1108 1106/723/1106
vt 0.3307248 1.0000000
vt 0.2892718 1.0000000
f 1109/725/1109 1108/724/1108 1110/726/1110
vt 0.2353972 0.0000000
vt 0.2353972 1.0000000
vt 0.2892718 0.0000000
f 1112/727/1112 1111/728/1111 1113/729/1113
vt 0.1790903 0.0000000
f 1112/727/1112 1114/730/1114 1111/728/1111
vt 0.1128111 0.0000000
vt 0.1790903 1.0000000
f 1114/730/1114 1115/731/1115 1116/732/1116
vt 0.1128111 1.0000000
vt 0.0558922 1.0000000
f 1117/733/1117 1115/731/1115 1118/734/1118
vt 0.0558922 0.0000000
f 1120/58/1120 1119/60/1119 1121/735/1121
f 1118/734/1118 1121/735/1121 1119/60/1119
f 1121/735/1121 1118/734/1118 1115/731/1115
f 1117/733/1117 1116/732/1116 1115/731/1115
f 1116/732/1116 1111/728/1111 1114/730/1114
f 1110/726/1110 1113/729/1113 1111/728/1111
f 1113/729/1113 1110/726/1110 1108/724/1108
f 1109/725/1109 1106/723/1106 1108/724/1108
f 1103/720/1103 1104/719/1104 1106/723/1106
f 1102/718/1102 1105/721/1105 1103/720/1103
f 1105/721/1105 1102/718/1102 1101/716/1101
vt 0.4851347 1.0000000
f 1122/736/1122 1098/715/1098 1100/717/1100
f 1122/736/1122 1097/713/1097 1098/715/1098
f 1099/714/1099 1097/713/1097 1095/711/1095
f 1096/712/1096 1093/710/1093 1095/711/1095
vt 0.6153200 1.0000000
f 1123/737/1123 1091/708/1091 1093/710/1093
f 1123/737/1123 1090/706/1090 1091/708/1091
f 1092/707/1092 1090/706/1090 1088/703/1088
f 1086/702/1086 1089/705/1089 1087/704/1087
f 1089/705/1089 1086/702/1086 1083/700/1083
f 1085/701/1085 1082/698/1082 1083/700/1083
f 1084/699/1084 1082/698/1082 1080/696/1080
f 1081/697/1081 1078/695/1078 1080/696/1080
f 1075/693/1075 1076/692/1076 1078/695/1078
f 1124/3/1124 1077/1/1077 1075/693/1075
vt 0.5854708 0.7929110
vt 0.7500000 1.0000000
vt 0.6123962 0.7805233
f 1126/738/1126 1125/739/1125 1127/740/1127
vt 0.3619962 0.7648467
vt 0.2500000 1.0000000
vt 0.3876038 0.7805233
f 1129/741/1129 1128/742/1128 1130/743/1130
vt 0.5575434 0.8018645
f 1131/744/1131 1125/739/1125 1126/738/1126
vt 0.4145292 0.7929110
f 1132/745/1132 1130/743/1130 1128/742/1128
vt 0.2635010 0.3552192
vt 0.0000000 0.5000000
vt 0.2513310 0.3855937
f 1134/746/1134 1133/747/1133 1135/748/1135
vt 0.3876038 0.2194767
vt 0.2500000 0.0000000
vt 0.3619962 0.2351533
f 1137/749/1137 1136/750/1136 1138/751/1138
vt 0.5289413 0.8072790
f 1139/752/1139 1125/739/1125 1131/744/1131
vt 0.5000000 0.8090909
f 1128/742/1128 1125/739/1125 1140/753/1140
vt 0.4424566 0.8018645
f 1141/754/1141 1132/745/1132 1128/742/1128
vt 0.2635010 0.6447808
f 1133/747/1133 1128/742/1128 1142/755/1142
vt 0.2420764 0.4173094
f 1143/756/1143 1135/748/1135 1133/747/1133
vt 0.2784437 0.3265422
f 1144/757/1144 1136/750/1136 1134/746/1134
vt 0.3380066 0.2539349
f 1145/758/1145 1138/751/1138 1136/750/1136
f 1139/752/1139 1140/753/1140 1125/739/1125
vt 0.4710586 0.8072790
f 1146/759/1146 1141/754/1141 1128/742/1128
vt 0.2513310 0.6144063
f 1147/760/1147 1133/747/1133 1142/755/1142
vt 0.2358457 0.4499947
vt 0.2327120 0.4832662
f 1148/761/1148 1133/747/1133 1149/762/1149
f 1133/747/1133 1134/746/1134 1136/750/1136
vt 0.3159162 0.2756014
vt 0.2959840 0.2998988
f 1150/763/1150 1136/750/1136 1151/764/1151
vt 0.4145292 0.2070890
f 1152/765/1152 1136/750/1136 1137/749/1137
vt 0.6840838 0.2756014
vt 0.7500000 0.0000000
vt 0.6619934 0.2539349
f 1154/766/1154 1153/767/1153 1155/768/1155
f 1140/753/1140 1146/759/1146 1128/742/1128
vt 0.3159162 0.7243986
vt 0.3380066 0.7460651
f 1156/769/1156 1128/742/1128 1157/770/1157
vt 0.2420764 0.5826906
f 1158/771/1158 1133/747/1133 1147/760/1147
vt 0.2327120 0.5167339
vt 0.2358457 0.5500053
f 1159/772/1159 1133/747/1133 1160/773/1160
f 1148/761/1148 1143/756/1143 1133/747/1133
f 1150/763/1150 1145/758/1145 1136/750/1136
vt 0.5854708 0.2070890
vt 0.5575434 0.1981354
f 1161/774/1161 1153/767/1153 1162/775/1162
vt 0.6380038 0.2351533
f 1163/776/1163 1155/768/1155 1153/767/1153
vt 0.6380038 0.7648467
vt 0.6619934 0.7460651
f 1164/777/1164 1125/739/1125 1165/778/1165
f 1129/741/1129 1157/770/1157 1128/742/1128
f 1158/771/1158 1160/773/1160 1133/747/1133
f 1144/757/1144 1151/764/1151 1136/750/1136
vt 0.4710586 0.1927210
vt 0.4424566 0.1981354
f 1166/779/1166 1136/750/1136 1167/780/1167
vt 0.5000000 0.1909091
f 1153/767/1153 1136/750/1136 1168/781/1168
vt 0.5289413 0.1927210
f 1169/782/1169 1162/775/1162 1153/767/1153
vt 0.6123962 0.2194767
f 1170/783/1170 1163/776/1163 1153/767/1153
vt 0.7641543 0.4499947
vt 1.0000000 0.5000000
vt 0.7579236 0.4173094
f 1172/784/1172 1171/785/1171 1173/786/1173
f 1164/777/1164 1127/740/1127 1125/739/1125
vt 0.2784437 0.6734579
vt 0.2959840 0.7001013
f 1174/787/1174 1128/742/1128 1175/788/1175
f 1159/772/1159 1149/762/1149 1133/747/1133
f 1166/779/1166 1168/781/1168 1136/750/1136
f 1161/774/1161 1170/783/1170 1153/767/1153
vt 0.7215562 0.3265422
vt 0.7040160 0.2998988
f 1176/789/1176 1153/767/1153 1177/790/1177
vt 0.7364990 0.3552192
f 1171/785/1171 1153/767/1153 1178/791/1178
vt 0.7672880 0.4832662
f 1179/792/1179 1171/785/1171 1172/784/1172
vt 0.7486690 0.6144063
vt 0.7579236 0.5826906
f 1180/793/1180 1171/785/1171 1181/794/1181
f 1156/769/1156 1175/788/1175 1128/742/1128
f 1152/765/1152 1167/780/1167 1136/750/1136
f 1154/766/1154 1177/790/1177 1153/767/1153
vt 0.7486690 0.3855937
f 1182/795/1182 1171/785/1171 1178/791/1178
vt 0.7672880 0.5167339
f 1183/796/1183 1171/785/1171 1179/792/1179
vt 0.7641543 0.5500053
f 1184/797/1184 1181/794/1181 1171/785/1171
vt 0.7215562 0.6734579
vt 0.7364990 0.6447808
f 1185/798/1185 1125/739/1125 1186/799/1186
vt 0.6840838 0.7243986
vt 0.7040160 0.7001013
f 1187/800/1187 1125/739/1125 1188/801/1188
f 1174/787/1174 1142/755/1142 1128/742/1128
f 1176/789/1176 1178/791/1178 1153/767/1153
f 1183/796/1183 1184/797/1184 1171/785/1171
f 1171/785/1171 1186/799/1186 1125/739/1125
f 1187/800/1187 1165/778/1165 1125/739/1125
f 1182/795/1182 1173/786/1173 1171/785/1171
f 1185/798/1185 1188/801/1188 1125/739/1125
f 1180/793/1180 1186/799/1186 1171/785/1171
f 1168/781/1168 1169/782/1169 1153/767/1153
f 1190/58/1190 1189/1/1189 1191/60/1191
f 1192/3/1192 1191/60/1191 1189/1/1189
f 1194/1/1194 1193/3/1193 1195/58/1195
f 1196/60/1196 1195/58/1195 1193/3/1193
f 1198/1/1198 1197/3/1197 1199/58/1199
f 1200/60/1200 1199/58/1199 1197/3/1197
f 1202/1/1202 1201/3/1201 1203/58/1203
f 1204/60/1204 1203/58/1203 1201/3/1201
f 1206/1/1206 1205/3/1205 1207/58/1207
f 1208/60/1208 1207/58/1207 1205/3/1205
f 1210/3/1210 1209/60/1209 1211/1/1211
f 1212/58/1212 1211/1/1211 1209/60/1209
vt 0.9964299 0.9322488
vt 0.4774010 0.7345313
vt 0.9928581 0.9401366
f 1214/802/1214 1213/803/1213 1215/804/1215
vt 0.9880370 0.9478258
f 1216/805/1216 1215/804/1215 1213/803/1213
vt 0.9819013 0.9553145
f 1217/806/1217 1216/805/1216 1213/803/1213
vt 0.9743536 0.9625832
f 1218/807/1218 1217/806/1217 1213/803/1213
vt 0.9652690 0.9695891
f 1219/808/1219 1218/807/1218 1213/803/1213
vt 0.0048774 0.9152737
vt 0.3888584 0.9126306
vt 0.0021176 0.9074971
f 1221/809/1221 1220/810/1220 1222/811/1222
vt 0.9545025 0.9762590
f 1223/812/1223 1219/808/1219 1213/803/1213
vt 0.0025504 0.8731369
vt 0.0063085 0.8620309
f 1224/813/1224 1220/810/1220 1225/814/1225
vt 0.0005742 0.9000676
f 1226/815/1226 1222/811/1222 1220/810/1220
vt 0.9419024 0.9824822
f 1227/816/1227 1223/812/1223 1213/803/1213
vt 0.0131515 0.8481382
f 1228/817/1228 1225/814/1225 1220/810/1220
vt 0.0000000 0.8919822
f 1229/818/1229 1226/815/1226 1220/810/1220
vt 0.9273329 0.9881033
f 1230/819/1230 1227/816/1227 1213/803/1213
vt 1.0000000 0.9138465
vt 0.9991597 0.9222231
f 1231/820/1231 1213/803/1213 1232/821/1232
vt 0.0220698 0.8345734
f 1233/822/1233 1228/817/1228 1220/810/1220
vt 0.0005695 0.8830663
f 1234/823/1234 1229/818/1229 1220/810/1220
vt 0.9107069 0.9929197
f 1235/824/1235 1230/819/1230 1213/803/1213
vt 0.9995609 0.9052203
f 1236/825/1236 1213/803/1213 1231/820/1231
vt 0.1443707 0.9971740
vt 0.1234315 0.9931267
f 1237/826/1237 1220/810/1220 1238/827/1238
f 1224/813/1224 1234/823/1234 1220/810/1220
vt 0.8920302 0.9966865
f 1239/828/1239 1235/824/1235 1213/803/1213
vt 0.9977527 0.8963282
f 1240/829/1240 1213/803/1213 1236/825/1236
vt 0.0713375 0.9747890
vt 0.0551962 0.9661158
f 1241/830/1241 1220/810/1220 1242/831/1242
vt 0.1027255 0.9873475
f 1243/832/1243 1238/827/1238 1220/810/1220
vt 0.0339667 0.8203169
f 1244/833/1244 1233/822/1233 1220/810/1220
vt 0.8714516 0.9991337
f 1245/834/1245 1239/828/1239 1213/803/1213
vt 0.9944463 0.8871635
f 1246/835/1246 1213/803/1213 1240/829/1240
vt 0.5069152 0.6975673
vt 0.9928201 0.8837230
f 1247/836/1247 1213/803/1213 1248/837/1248
vt 0.0142397 0.9311357
vt 0.0088888 0.9231444
f 1249/838/1249 1220/810/1220 1250/839/1250
vt 0.0415254 0.9571494
f 1251/840/1251 1242/831/1242 1220/810/1220
vt 0.1624089 0.9992511
f 1252/841/1252 1220/810/1220 1237/826/1237
vt 0.4183726 0.9495946
vt 0.1812417 1.0000000
f 1253/842/1253 1220/810/1220 1254/843/1254
vt 0.0445884 0.8099535
f 1255/844/1255 1244/833/1244 1220/810/1220
vt 0.9970906 0.9303699
f 1256/845/1256 1213/803/1213 1214/802/1214
f 1246/835/1246 1248/837/1248 1213/803/1213
vt 0.4183726 0.7345313
vt 0.5069152 0.9126306
f 1258/846/1258 1257/847/1257 1213/803/1213
vt 0.0212830 0.9395049
f 1259/848/1259 1220/810/1220 1249/838/1249
vt 0.0302882 0.9482110
f 1260/849/1260 1251/840/1251 1220/810/1220
f 1252/841/1252 1254/843/1254 1220/810/1220
vt 0.0546627 0.8018293
f 1261/850/1261 1255/844/1255 1220/810/1220
vt 0.5476041 0.0000000
f 1248/837/1248 1262/851/1262 1247/836/1247
f 1256/845/1256 1232/821/1232 1213/803/1213
vt 0.4774010 0.9495946
vt 0.8493062 1.0000000
f 1264/852/1264 1263/853/1263 1257/847/1257
f 1259/848/1259 1260/849/1260 1220/810/1220
vt 0.0831163 0.9800956
f 1265/854/1265 1243/832/1243 1220/810/1220
vt 0.4183726 0.8756666
vt 0.1317304 0.7451636
f 1220/810/1220 1266/855/1266 1267/856/1267
vt 0.1193281 0.7550709
f 1268/857/1268 1261/850/1261 1220/810/1220
f 1263/853/1263 1245/834/1245 1213/803/1213
vt 0.3888584 0.6975673
f 1269/858/1269 1257/847/1257 1258/846/1258
f 1253/842/1253 1254/843/1254 1264/852/1264
f 1241/830/1241 1265/854/1265 1220/810/1220
vt 0.1427109 0.7344147
vt 0.1521611 0.7229306
f 1270/859/1270 1266/855/1266 1271/860/1271
f 1267/856/1267 1268/857/1268 1220/810/1220
vt 0.4774010 0.8756666
f 1272/861/1272 1269/858/1269 1266/855/1266
vt 0.3513923 0.0000000
vt 0.1704767 0.6852312
vt 0.4183726 0.6606033
f 1274/862/1274 1273/863/1273 1275/864/1275
f 1263/853/1263 1213/803/1213 1257/847/1257
f 1221/809/1221 1250/839/1250 1220/810/1220
vt 0.1599876 0.7108247
vt 0.1661130 0.6982167
f 1276/865/1276 1266/855/1266 1277/866/1277
f 1270/859/1270 1267/856/1267 1266/855/1266
f 1269/858/1269 1275/864/1275 1273/863/1273
vt 0.4774010 0.6606033
f 1262/851/1262 1274/862/1274 1278/867/1278
f 1263/853/1263 1264/852/1264 1254/843/1254
f 1276/865/1276 1271/860/1271 1266/855/1266
f 1275/864/1275 1278/867/1278 1274/862/1274
f 1273/863/1273 1277/866/1277 1266/855/1266
f 1257/847/1257 1269/858/1269 1272/861/1272
f 1273/863/1273 1266/855/1266 1269/858/1269
f 1278/867/1278 1247/836/1247 1262/851/1262
f 1280/738/1280 1279/739/1279 1281/740/1281
f 1283/741/1283 1282/742/1282 1284/743/1284
f 1285/744/1285 1279/739/1279 1280/738/1280
f 1286/745/1286 1284/743/1284 1282/742/1282
f 1288/785/1288 1287/767/1287 1289/791/1289
f 1290/752/1290 1279/739/1279 1285/744/1285
f 1282/742/1282 1279/739/1279 1291/753/1291
f 1292/754/1292 1286/745/1286 1282/742/1282
f 1293/747/1293 1282/742/1282 1294/755/1294
f 1295/772/1295 1293/747/1293 1296/773/1296
f 1298/757/1298 1297/750/1297 1299/746/1299
f 1300/765/1300 1297/750/1297 1301/749/1301
f 1302/776/1302 1287/767/1287 1303/783/1303
f 1304/795/1304 1288/785/1288 1289/791/1289
f 1305/784/1305 1288/785/1288 1306/786/1306
f 1307/798/1307 1279/739/1279 1308/799/1308
f 1309/778/1309 1279/739/1279 1310/800/1310
f 1290/752/1290 1291/753/1291 1279/739/1279
f 1311/759/1311 1292/754/1292 1282/742/1282
f 1312/760/1312 1293/747/1293 1294/755/1294
f 1313/762/1313 1293/747/1293 1295/772/1295
f 1314/756/1314 1293/747/1293 1315/761/1315
f 1316/764/1316 1297/750/1297 1298/757/1298
f 1317/780/1317 1297/750/1297 1300/765/1300
f 1318/774/1318 1303/783/1303 1287/767/1287
f 1319/790/1319 1287/767/1287 1320/766/1320
f 1304/795/1304 1306/786/1306 1288/785/1288
f 1321/793/1321 1288/785/1288 1322/794/1322
f 1288/785/1288 1308/799/1308 1279/739/1279
f 1323/777/1323 1279/739/1279 1309/778/1309
f 1291/753/1291 1311/759/1311 1282/742/1282
f 1324/771/1324 1293/747/1293 1312/760/1312
f 1313/762/1313 1315/761/1315 1293/747/1293
f 1293/747/1293 1299/746/1299 1297/750/1297
f 1325/758/1325 1297/750/1297 1326/763/1326
f 1327/779/1327 1297/750/1297 1317/780/1317
f 1328/782/1328 1287/767/1287 1329/781/1329
f 1330/775/1330 1318/774/1318 1287/767/1287
f 1331/768/1331 1320/766/1320 1287/767/1287
f 1332/792/1332 1288/785/1288 1305/784/1305
f 1321/793/1321 1308/799/1308 1288/785/1288
f 1333/801/1333 1310/800/1310 1279/739/1279
f 1334/770/1334 1282/742/1282 1283/741/1283
f 1335/788/1335 1282/742/1282 1336/769/1336
f 1324/771/1324 1296/773/1296 1293/747/1293
f 1337/748/1337 1299/746/1299 1293/747/1293
f 1338/751/1338 1297/750/1297 1325/758/1325
f 1329/781/1329 1297/750/1297 1327/779/1327
f 1328/782/1328 1330/775/1330 1287/767/1287
f 1339/789/1339 1287/767/1287 1319/790/1319
f 1340/796/1340 1288/785/1288 1332/792/1332
f 1341/797/1341 1322/794/1322 1288/785/1288
f 1323/777/1323 1281/740/1281 1279/739/1279
f 1342/787/1342 1282/742/1282 1335/788/1335
f 1314/756/1314 1337/748/1337 1293/747/1293
f 1338/751/1338 1301/749/1301 1297/750/1297
f 1302/776/1302 1331/768/1331 1287/767/1287
f 1340/796/1340 1341/797/1341 1288/785/1288
f 1334/770/1334 1336/769/1336 1282/742/1282
f 1316/764/1316 1326/763/1326 1297/750/1297
f 1339/789/1339 1289/791/1289 1287/767/1287
f 1342/787/1342 1294/755/1294 1282/742/1282
f 1307/798/1307 1333/801/1333 1279/739/1279
f 1297/750/1297 1329/781/1329 1287/767/1287
f 1344/1/1344 1343/3/1343 1345/58/1345
f 1346/60/1346 1345/58/1345 1343/3/1343
f 1348/1/1348 1347/3/1347 1349/58/1349
f 1350/60/1350 1349/58/1349 1347/3/1347
f 1352/1/1352 1351/3/1351 1353/58/1353
f 1354/60/1354 1353/58/1353 1351/3/1351
f 1356/1/1356 1355/3/1355 1357/58/1357
f 1358/60/1358 1357/58/1357 1355/3/1355
f 1360/1/1360 1359/3/1359 1361/58/1361
f 1362/60/1362 1361/58/1361 1359/3/1359
f 1364/1/1364 1363/3/1363 1365/58/1365
f 1366/60/1366 1365/58/1365 1363/3/1363
# 1344 faces, 867 coords texture

# End of File
